dataset,budget_per_class,noise_rate,noise_type,method,seed,n_train,n_test,num_classes,actual_noise_fraction,accuracy,macro_f1,runtime_seconds,train_runtime_seconds,eval_runtime_seconds,epochs,requested_train_batch_size,effective_train_batch_size,requested_eval_batch_size,effective_eval_batch_size,train_batches,eval_batches,peak_memory_allocated_mib,effective_device,mean_train_loss,train_counts,source_kind,method_family,fit_notes
dbpedia_14,128,0.3,symmetric,distilbert_base_uncased,101,1792,2800,14,0.2935267857142857,0.9821428571428571,0.9820941731001926,6.839064121246338,5.565150499343872,1.1830120086669922,3,32,32,64,64,168,44,2086.12,cuda:0,1.7978659236714953,"{""0"": 128, ""1"": 128, ""2"": 128, ""3"": 128, ""4"": 128, ""5"": 128, ""6"": 128, ""7"": 128, ""8"": 128, ""9"": 128, ""10"": 128, ""11"": 128, ""12"": 128, ""13"": 128}",cached_parquet_balanced_pool,pretrained_transformer,3_epochs_local_cache_maxlen_128
trec_qc,128,0.3,symmetric,distilbert_base_uncased,101,726,500,6,0.2837465564738292,0.82,0.7864139007096252,1.20723295211792,1.0698134899139404,0.05307912826538086,3,32,32,64,64,69,8,1313.11,cuda:0,1.5978188704753267,"{""0"": 128, ""1"": 128, ""2"": 86, ""3"": 128, ""4"": 128, ""5"": 128}",cached_setfit_jsonl,pretrained_transformer,3_epochs_local_cache_maxlen_128
ag_news,8,0.0,symmetric,distilbert_base_uncased,101,32,800,4,0.0,0.61375,0.6096869627515751,0.5073788166046143,0.09363412857055664,0.3113586902618408,3,32,32,64,64,3,13,1857.47,cuda:0,1.3658097585042317,"{""0"": 8, ""1"": 8, ""2"": 8, ""3"": 8}",cached_setfit_jsonl,pretrained_transformer,3_epochs_local_cache_maxlen_128
ag_news,8,0.0,symmetric,distilbert_base_uncased,202,32,800,4,0.0,0.25125,0.10921312391900628,0.5078134536743164,0.10697317123413086,0.2951033115386963,3,32,32,64,64,3,13,2085.25,cuda:0,1.3760602871576946,"{""0"": 8, ""1"": 8, ""2"": 8, ""3"": 8}",cached_setfit_jsonl,pretrained_transformer,3_epochs_local_cache_maxlen_128
ag_news,8,0.0,symmetric,distilbert_base_uncased,303,32,800,4,0.0,0.58875,0.525563680468444,0.48882412910461426,0.09278321266174316,0.2937624454498291,3,32,32,64,64,3,13,1795.5,cuda:0,1.349629243214925,"{""0"": 8, ""1"": 8, ""2"": 8, ""3"": 8}",cached_setfit_jsonl,pretrained_transformer,3_epochs_local_cache_maxlen_128
ag_news,8,0.0,symmetric,distilbert_base_uncased,404,32,800,4,0.0,0.62375,0.6141103501735983,0.4738731384277344,0.07329750061035156,0.2977876663208008,3,32,32,64,64,3,13,1463.54,cuda:0,1.3475205898284912,"{""0"": 8, ""1"": 8, ""2"": 8, ""3"": 8}",cached_setfit_jsonl,pretrained_transformer,3_epochs_local_cache_maxlen_128
ag_news,8,0.0,symmetric,distilbert_base_uncased,505,32,800,4,0.0,0.43125,0.346714337247023,0.4796586036682129,0.08777260780334473,0.28713417053222656,3,32,32,64,64,3,13,1749.18,cuda:0,1.377213478088379,"{""0"": 8, ""1"": 8, ""2"": 8, ""3"": 8}",cached_setfit_jsonl,pretrained_transformer,3_epochs_local_cache_maxlen_128
ag_news,8,0.05,symmetric,distilbert_base_uncased,101,32,800,4,0.0625,0.58,0.5782956099606583,0.5058774948120117,0.09346985816955566,0.3066859245300293,3,32,32,64,64,3,13,1856.6,cuda:0,1.368260145187378,"{""0"": 8, ""1"": 8, ""2"": 8, ""3"": 8}",cached_setfit_jsonl,pretrained_transformer,3_epochs_local_cache_maxlen_128
ag_news,8,0.05,symmetric,distilbert_base_uncased,202,32,800,4,0.0625,0.26375,0.1355715515115057,0.5076909065246582,0.11050677299499512,0.29396605491638184,3,32,32,64,64,3,13,2084.5,cuda:0,1.389137903849284,"{""0"": 8, ""1"": 8, ""2"": 8, ""3"": 8}",cached_setfit_jsonl,pretrained_transformer,3_epochs_local_cache_maxlen_128
ag_news,8,0.05,symmetric,distilbert_base_uncased,303,32,800,4,0.09375,0.43625,0.378846748136215,0.48999452590942383,0.09138011932373047,0.294391393661499,3,32,32,64,64,3,13,1796.61,cuda:0,1.35097070535024,"{""0"": 8, ""1"": 8, ""2"": 8, ""3"": 8}",cached_setfit_jsonl,pretrained_transformer,3_epochs_local_cache_maxlen_128
ag_news,8,0.05,symmetric,distilbert_base_uncased,404,32,800,4,0.03125,0.63125,0.6284822324728556,0.47367167472839355,0.07444381713867188,0.29373764991760254,3,32,32,64,64,3,13,1464.41,cuda:0,1.3507834275563557,"{""0"": 8, ""1"": 8, ""2"": 8, ""3"": 8}",cached_setfit_jsonl,pretrained_transformer,3_epochs_local_cache_maxlen_128
ag_news,8,0.05,symmetric,distilbert_base_uncased,505,32,800,4,0.0625,0.38,0.2531037775891341,0.4763507843017578,0.08922815322875977,0.28607797622680664,3,32,32,64,64,3,13,1750.68,cuda:0,1.3742689689000447,"{""0"": 8, ""1"": 8, ""2"": 8, ""3"": 8}",cached_setfit_jsonl,pretrained_transformer,3_epochs_local_cache_maxlen_128
ag_news,8,0.1,symmetric,distilbert_base_uncased,101,32,800,4,0.15625,0.45125,0.41708244128678756,0.5209372043609619,0.09453821182250977,0.3173348903656006,3,32,32,64,64,3,13,1857.1,cuda:0,1.3672925233840942,"{""0"": 8, ""1"": 8, ""2"": 8, ""3"": 8}",cached_setfit_jsonl,pretrained_transformer,3_epochs_local_cache_maxlen_128
ag_news,8,0.1,symmetric,distilbert_base_uncased,202,32,800,4,0.15625,0.2525,0.10545799066242113,0.5151340961456299,0.1124272346496582,0.2977151870727539,3,32,32,64,64,3,13,2088.0,cuda:0,1.3517674207687378,"{""0"": 8, ""1"": 8, ""2"": 8, ""3"": 8}",cached_setfit_jsonl,pretrained_transformer,3_epochs_local_cache_maxlen_128
ag_news,8,0.1,symmetric,distilbert_base_uncased,303,32,800,4,0.125,0.48875,0.4260703546929876,0.49889254570007324,0.09181380271911621,0.3007514476776123,3,32,32,64,64,3,13,1800.66,cuda:0,1.3489348491032918,"{""0"": 8, ""1"": 8, ""2"": 8, ""3"": 8}",cached_setfit_jsonl,pretrained_transformer,3_epochs_local_cache_maxlen_128
ag_news,8,0.1,symmetric,distilbert_base_uncased,404,32,800,4,0.21875,0.51625,0.44446710310903315,0.4728512763977051,0.07262969017028809,0.2938241958618164,3,32,32,64,64,3,13,1466.54,cuda:0,1.34933602809906,"{""0"": 8, ""1"": 8, ""2"": 8, ""3"": 8}",cached_setfit_jsonl,pretrained_transformer,3_epochs_local_cache_maxlen_128
ag_news,8,0.1,symmetric,distilbert_base_uncased,505,32,800,4,0.125,0.34875,0.24005083098908278,0.4800374507904053,0.08788132667541504,0.28667497634887695,3,32,32,64,64,3,13,1754.38,cuda:0,1.366983413696289,"{""0"": 8, ""1"": 8, ""2"": 8, ""3"": 8}",cached_setfit_jsonl,pretrained_transformer,3_epochs_local_cache_maxlen_128
ag_news,8,0.2,symmetric,distilbert_base_uncased,101,32,800,4,0.15625,0.45125,0.41708244128678756,0.5056169033050537,0.09348034858703613,0.30776286125183105,3,32,32,64,64,3,13,1854.35,cuda:0,1.3672925233840942,"{""0"": 8, ""1"": 8, ""2"": 8, ""3"": 8}",cached_setfit_jsonl,pretrained_transformer,3_epochs_local_cache_maxlen_128
ag_news,8,0.2,symmetric,distilbert_base_uncased,202,32,800,4,0.3125,0.26125,0.13765445908203042,0.5068521499633789,0.10603117942810059,0.29604101181030273,3,32,32,64,64,3,13,2088.17,cuda:0,1.3856136798858643,"{""0"": 8, ""1"": 8, ""2"": 8, ""3"": 8}",cached_setfit_jsonl,pretrained_transformer,3_epochs_local_cache_maxlen_128
ag_news,8,0.2,symmetric,distilbert_base_uncased,303,32,800,4,0.21875,0.40875,0.28463837310488627,0.4926719665527344,0.09000420570373535,0.2962501049041748,3,32,32,64,64,3,13,1802.22,cuda:0,1.353259563446045,"{""0"": 8, ""1"": 8, ""2"": 8, ""3"": 8}",cached_setfit_jsonl,pretrained_transformer,3_epochs_local_cache_maxlen_128
ag_news,8,0.2,symmetric,distilbert_base_uncased,404,32,800,4,0.21875,0.2625,0.12513089724790785,0.4714369773864746,0.07024955749511719,0.2931392192840576,3,32,32,64,64,3,13,1466.23,cuda:0,1.3532787561416626,"{""0"": 8, ""1"": 8, ""2"": 8, ""3"": 8}",cached_setfit_jsonl,pretrained_transformer,3_epochs_local_cache_maxlen_128
ag_news,8,0.2,symmetric,distilbert_base_uncased,505,32,800,4,0.15625,0.35,0.23001222751612765,0.47353148460388184,0.08704304695129395,0.2851753234863281,3,32,32,64,64,3,13,1752.82,cuda:0,1.3690502643585205,"{""0"": 8, ""1"": 8, ""2"": 8, ""3"": 8}",cached_setfit_jsonl,pretrained_transformer,3_epochs_local_cache_maxlen_128
ag_news,8,0.3,symmetric,distilbert_base_uncased,101,32,800,4,0.21875,0.27,0.14081159438955929,0.5089211463928223,0.09352684020996094,0.31096458435058594,3,32,32,64,64,3,13,1855.35,cuda:0,1.3646719853083293,"{""0"": 8, ""1"": 8, ""2"": 8, ""3"": 8}",cached_setfit_jsonl,pretrained_transformer,3_epochs_local_cache_maxlen_128
ag_news,8,0.3,symmetric,distilbert_base_uncased,202,32,800,4,0.34375,0.275,0.17081477600209585,0.513139009475708,0.11084723472595215,0.2967958450317383,3,32,32,64,64,3,13,2089.17,cuda:0,1.3864991267522175,"{""0"": 8, ""1"": 8, ""2"": 8, ""3"": 8}",cached_setfit_jsonl,pretrained_transformer,3_epochs_local_cache_maxlen_128
ag_news,8,0.3,symmetric,distilbert_base_uncased,303,32,800,4,0.3125,0.265,0.1304475373358414,0.4958775043487549,0.09296321868896484,0.2961428165435791,3,32,32,64,64,3,13,1800.8,cuda:0,1.3549530903498332,"{""0"": 8, ""1"": 8, ""2"": 8, ""3"": 8}",cached_setfit_jsonl,pretrained_transformer,3_epochs_local_cache_maxlen_128
ag_news,8,0.3,symmetric,distilbert_base_uncased,404,32,800,4,0.375,0.255,0.11020552799433025,0.46919989585876465,0.0731344223022461,0.2922351360321045,3,32,32,64,64,3,13,1469.77,cuda:0,1.3519737720489502,"{""0"": 8, ""1"": 8, ""2"": 8, ""3"": 8}",cached_setfit_jsonl,pretrained_transformer,3_epochs_local_cache_maxlen_128
ag_news,8,0.3,symmetric,distilbert_base_uncased,505,32,800,4,0.25,0.3325,0.21546481291385383,0.484466552734375,0.08580684661865234,0.2891073226928711,3,32,32,64,64,3,13,1753.19,cuda:0,1.3707255919774373,"{""0"": 8, ""1"": 8, ""2"": 8, ""3"": 8}",cached_setfit_jsonl,pretrained_transformer,3_epochs_local_cache_maxlen_128
ag_news,16,0.0,symmetric,distilbert_base_uncased,101,64,800,4,0.0,0.7025,0.7004894963276425,0.5992331504821777,0.1825244426727295,0.31340575218200684,3,32,32,64,64,6,13,1929.69,cuda:0,1.3409886558850606,"{""0"": 16, ""1"": 16, ""2"": 16, ""3"": 16}",cached_setfit_jsonl,pretrained_transformer,3_epochs_local_cache_maxlen_128
ag_news,16,0.0,symmetric,distilbert_base_uncased,202,64,800,4,0.0,0.31625,0.22886173785117592,0.5974793434143066,0.1948554515838623,0.2982950210571289,3,32,32,64,64,6,13,2090.0,cuda:0,1.3707482020060222,"{""0"": 16, ""1"": 16, ""2"": 16, ""3"": 16}",cached_setfit_jsonl,pretrained_transformer,3_epochs_local_cache_maxlen_128
ag_news,16,0.0,symmetric,distilbert_base_uncased,303,64,800,4,0.0,0.7375,0.7297412513067557,0.5699241161346436,0.17111825942993164,0.29575133323669434,3,32,32,64,64,6,13,1804.11,cuda:0,1.3502748608589172,"{""0"": 16, ""1"": 16, ""2"": 16, ""3"": 16}",cached_setfit_jsonl,pretrained_transformer,3_epochs_local_cache_maxlen_128
ag_news,16,0.0,symmetric,distilbert_base_uncased,404,64,800,4,0.0,0.76875,0.7717272607502838,0.5768849849700928,0.17328453063964844,0.29563403129577637,3,32,32,64,64,6,13,1967.91,cuda:0,1.3320655425389607,"{""0"": 16, ""1"": 16, ""2"": 16, ""3"": 16}",cached_setfit_jsonl,pretrained_transformer,3_epochs_local_cache_maxlen_128
ag_news,16,0.0,symmetric,distilbert_base_uncased,505,64,800,4,0.0,0.665,0.6479681802359091,0.5812630653381348,0.18910908699035645,0.29061102867126465,3,32,32,64,64,6,13,1962.33,cuda:0,1.3601939876874287,"{""0"": 16, ""1"": 16, ""2"": 16, ""3"": 16}",cached_setfit_jsonl,pretrained_transformer,3_epochs_local_cache_maxlen_128
ag_news,16,0.05,symmetric,distilbert_base_uncased,101,64,800,4,0.0625,0.72875,0.7301503234952555,0.5963408946990967,0.17653608322143555,0.31424450874328613,3,32,32,64,64,6,13,1942.81,cuda:0,1.3446637590726216,"{""0"": 16, ""1"": 16, ""2"": 16, ""3"": 16}",cached_setfit_jsonl,pretrained_transformer,3_epochs_local_cache_maxlen_128
ag_news,16,0.05,symmetric,distilbert_base_uncased,202,64,800,4,0.0625,0.265,0.1362025103115746,0.588756799697876,0.19463181495666504,0.2939870357513428,3,32,32,64,64,6,13,2104.0,cuda:0,1.3595343828201294,"{""0"": 16, ""1"": 16, ""2"": 16, ""3"": 16}",cached_setfit_jsonl,pretrained_transformer,3_epochs_local_cache_maxlen_128
ag_news,16,0.05,symmetric,distilbert_base_uncased,303,64,800,4,0.09375,0.6425,0.6149404480632491,0.574507474899292,0.17027044296264648,0.29954051971435547,3,32,32,64,64,6,13,1807.75,cuda:0,1.3521849115689595,"{""0"": 16, ""1"": 16, ""2"": 16, ""3"": 16}",cached_setfit_jsonl,pretrained_transformer,3_epochs_local_cache_maxlen_128
ag_news,16,0.05,symmetric,distilbert_base_uncased,404,64,800,4,0.03125,0.7325,0.7284553054476628,0.5741822719573975,0.1773519515991211,0.29328322410583496,3,32,32,64,64,6,13,1974.11,cuda:0,1.3309347033500671,"{""0"": 16, ""1"": 16, ""2"": 16, ""3"": 16}",cached_setfit_jsonl,pretrained_transformer,3_epochs_local_cache_maxlen_128
ag_news,16,0.05,symmetric,distilbert_base_uncased,505,64,800,4,0.03125,0.52375,0.45024870186138277,0.5773570537567139,0.18657135963439941,0.28828907012939453,3,32,32,64,64,6,13,1964.08,cuda:0,1.3591651916503906,"{""0"": 16, ""1"": 16, ""2"": 16, ""3"": 16}",cached_setfit_jsonl,pretrained_transformer,3_epochs_local_cache_maxlen_128
ag_news,16,0.1,symmetric,distilbert_base_uncased,101,64,800,4,0.140625,0.6,0.5928752780205144,0.5933194160461426,0.17817950248718262,0.31279945373535156,3,32,32,64,64,6,13,1944.77,cuda:0,1.339823345343272,"{""0"": 16, ""1"": 16, ""2"": 16, ""3"": 16}",cached_setfit_jsonl,pretrained_transformer,3_epochs_local_cache_maxlen_128
ag_news,16,0.1,symmetric,distilbert_base_uncased,202,64,800,4,0.140625,0.2575,0.11879790791277027,0.5949387550354004,0.19220542907714844,0.2973973751068115,3,32,32,64,64,6,13,2106.5,cuda:0,1.365342100461324,"{""0"": 16, ""1"": 16, ""2"": 16, ""3"": 16}",cached_setfit_jsonl,pretrained_transformer,3_epochs_local_cache_maxlen_128
ag_news,16,0.1,symmetric,distilbert_base_uncased,303,64,800,4,0.1875,0.43125,0.3405299774271901,0.5625903606414795,0.16782426834106445,0.29471540451049805,3,32,32,64,64,6,13,1811.22,cuda:0,1.351881980895996,"{""0"": 16, ""1"": 16, ""2"": 16, ""3"": 16}",cached_setfit_jsonl,pretrained_transformer,3_epochs_local_cache_maxlen_128
ag_news,16,0.1,symmetric,distilbert_base_uncased,404,64,800,4,0.15625,0.49,0.47850759584822256,0.5708916187286377,0.1715526580810547,0.2927408218383789,3,32,32,64,64,6,13,1975.66,cuda:0,1.350089152654012,"{""0"": 16, ""1"": 16, ""2"": 16, ""3"": 16}",cached_setfit_jsonl,pretrained_transformer,3_epochs_local_cache_maxlen_128
ag_news,16,0.1,symmetric,distilbert_base_uncased,505,64,800,4,0.125,0.57,0.47891788618587555,0.5794956684112549,0.1838245391845703,0.28850412368774414,3,32,32,64,64,6,13,1965.39,cuda:0,1.3641994992891948,"{""0"": 16, ""1"": 16, ""2"": 16, ""3"": 16}",cached_setfit_jsonl,pretrained_transformer,3_epochs_local_cache_maxlen_128
ag_news,16,0.2,symmetric,distilbert_base_uncased,101,64,800,4,0.1875,0.50875,0.4398536901982349,0.5973963737487793,0.17652678489685059,0.31464147567749023,3,32,32,64,64,6,13,1947.89,cuda:0,1.3378326495488484,"{""0"": 16, ""1"": 16, ""2"": 16, ""3"": 16}",cached_setfit_jsonl,pretrained_transformer,3_epochs_local_cache_maxlen_128
ag_news,16,0.2,symmetric,distilbert_base_uncased,202,64,800,4,0.296875,0.34,0.2552783057339633,0.5951769351959229,0.19212865829467773,0.29714012145996094,3,32,32,64,64,6,13,2104.33,cuda:0,1.3813234170277913,"{""0"": 16, ""1"": 16, ""2"": 16, ""3"": 16}",cached_setfit_jsonl,pretrained_transformer,3_epochs_local_cache_maxlen_128
ag_news,16,0.2,symmetric,distilbert_base_uncased,303,64,800,4,0.21875,0.58375,0.513462105767164,0.5735788345336914,0.16585063934326172,0.3046760559082031,3,32,32,64,64,6,13,1812.88,cuda:0,1.3567961653073628,"{""0"": 16, ""1"": 16, ""2"": 16, ""3"": 16}",cached_setfit_jsonl,pretrained_transformer,3_epochs_local_cache_maxlen_128
ag_news,16,0.2,symmetric,distilbert_base_uncased,404,64,800,4,0.203125,0.4675,0.4130921735662954,0.5703291893005371,0.17766165733337402,0.2896687984466553,3,32,32,64,64,6,13,1977.05,cuda:0,1.3551260232925415,"{""0"": 16, ""1"": 16, ""2"": 16, ""3"": 16}",cached_setfit_jsonl,pretrained_transformer,3_epochs_local_cache_maxlen_128
ag_news,16,0.2,symmetric,distilbert_base_uncased,505,64,800,4,0.15625,0.29875,0.1928693174583134,0.5790138244628906,0.1859438419342041,0.28534770011901855,3,32,32,64,64,6,13,1965.29,cuda:0,1.3632068435351055,"{""0"": 16, ""1"": 16, ""2"": 16, ""3"": 16}",cached_setfit_jsonl,pretrained_transformer,3_epochs_local_cache_maxlen_128
ag_news,16,0.3,symmetric,distilbert_base_uncased,101,64,800,4,0.296875,0.5275,0.514758130080184,0.5928092002868652,0.17972445487976074,0.3097341060638428,3,32,32,64,64,6,13,1946.55,cuda:0,1.3579766750335693,"{""0"": 16, ""1"": 16, ""2"": 16, ""3"": 16}",cached_setfit_jsonl,pretrained_transformer,3_epochs_local_cache_maxlen_128
ag_news,16,0.3,symmetric,distilbert_base_uncased,202,64,800,4,0.3125,0.26375,0.1325291706086408,0.5925419330596924,0.19356060028076172,0.2931032180786133,3,32,32,64,64,6,13,2106.0,cuda:0,1.3689457178115845,"{""0"": 16, ""1"": 16, ""2"": 16, ""3"": 16}",cached_setfit_jsonl,pretrained_transformer,3_epochs_local_cache_maxlen_128
ag_news,16,0.3,symmetric,distilbert_base_uncased,303,64,800,4,0.28125,0.51125,0.453618424252481,0.5737917423248291,0.1727285385131836,0.2980368137359619,3,32,32,64,64,6,13,1812.44,cuda:0,1.3652217388153076,"{""0"": 16, ""1"": 16, ""2"": 16, ""3"": 16}",cached_setfit_jsonl,pretrained_transformer,3_epochs_local_cache_maxlen_128
ag_news,16,0.3,symmetric,distilbert_base_uncased,404,64,800,4,0.3125,0.50625,0.3790003327923396,0.575021505355835,0.17069673538208008,0.300140380859375,3,32,32,64,64,6,13,1976.53,cuda:0,1.350968341032664,"{""0"": 16, ""1"": 16, ""2"": 16, ""3"": 16}",cached_setfit_jsonl,pretrained_transformer,3_epochs_local_cache_maxlen_128
ag_news,16,0.3,symmetric,distilbert_base_uncased,505,64,800,4,0.265625,0.4825,0.42311201531964204,0.5897583961486816,0.18944764137268066,0.2968313694000244,3,32,32,64,64,6,13,1966.11,cuda:0,1.3623687823613484,"{""0"": 16, ""1"": 16, ""2"": 16, ""3"": 16}",cached_setfit_jsonl,pretrained_transformer,3_epochs_local_cache_maxlen_128
ag_news,64,0.0,symmetric,distilbert_base_uncased,101,256,800,4,0.0,0.8325,0.8305999048716135,1.1740443706512451,0.7496049404144287,0.31846094131469727,3,32,32,64,64,24,13,2112.0,cuda:0,1.1545024986068408,"{""0"": 64, ""1"": 64, ""2"": 64, ""3"": 64}",cached_setfit_jsonl,pretrained_transformer,3_epochs_local_cache_maxlen_128
ag_news,64,0.0,symmetric,distilbert_base_uncased,202,256,800,4,0.0,0.8025,0.8013907877781496,1.1436376571655273,0.7321717739105225,0.3033254146575928,3,32,32,64,64,24,13,2111.75,cuda:0,1.2197096273303032,"{""0"": 64, ""1"": 64, ""2"": 64, ""3"": 64}",cached_setfit_jsonl,pretrained_transformer,3_epochs_local_cache_maxlen_128
ag_news,64,0.0,symmetric,distilbert_base_uncased,303,256,800,4,0.0,0.865,0.8642812504660524,1.125490427017212,0.7196886539459229,0.296738862991333,3,32,32,64,64,24,13,2090.48,cuda:0,1.1562065208951633,"{""0"": 64, ""1"": 64, ""2"": 64, ""3"": 64}",cached_setfit_jsonl,pretrained_transformer,3_epochs_local_cache_maxlen_128
ag_news,64,0.0,symmetric,distilbert_base_uncased,404,256,800,4,0.0,0.87625,0.8752662701582758,1.131748914718628,0.724700927734375,0.2983102798461914,3,32,32,64,64,24,13,2109.06,cuda:0,1.1462656110525131,"{""0"": 64, ""1"": 64, ""2"": 64, ""3"": 64}",cached_setfit_jsonl,pretrained_transformer,3_epochs_local_cache_maxlen_128
ag_news,64,0.0,symmetric,distilbert_base_uncased,505,256,800,4,0.0,0.84875,0.8474943729766133,1.1664631366729736,0.7690141201019287,0.2926187515258789,3,32,32,64,64,24,13,2101.25,cuda:0,1.1926567008097966,"{""0"": 64, ""1"": 64, ""2"": 64, ""3"": 64}",cached_setfit_jsonl,pretrained_transformer,3_epochs_local_cache_maxlen_128
ag_news,64,0.05,symmetric,distilbert_base_uncased,101,256,800,4,0.0625,0.8325,0.8308622181362144,1.1630537509918213,0.738192081451416,0.3182361125946045,3,32,32,64,64,24,13,2106.25,cuda:0,1.1816982527573903,"{""0"": 64, ""1"": 64, ""2"": 64, ""3"": 64}",cached_setfit_jsonl,pretrained_transformer,3_epochs_local_cache_maxlen_128
ag_news,64,0.05,symmetric,distilbert_base_uncased,202,256,800,4,0.05859375,0.805,0.8017675347303717,1.1214921474456787,0.7169229984283447,0.29991817474365234,3,32,32,64,64,24,13,2111.0,cuda:0,1.2414054870605469,"{""0"": 64, ""1"": 64, ""2"": 64, ""3"": 64}",cached_setfit_jsonl,pretrained_transformer,3_epochs_local_cache_maxlen_128
ag_news,64,0.05,symmetric,distilbert_base_uncased,303,256,800,4,0.0390625,0.86875,0.8680165231070038,1.1221964359283447,0.7159342765808105,0.2966477870941162,3,32,32,64,64,24,13,2093.46,cuda:0,1.1709694986542065,"{""0"": 64, ""1"": 64, ""2"": 64, ""3"": 64}",cached_setfit_jsonl,pretrained_transformer,3_epochs_local_cache_maxlen_128
ag_news,64,0.05,symmetric,distilbert_base_uncased,404,256,800,4,0.0546875,0.845,0.8418346318150653,1.120697021484375,0.7181437015533447,0.2970705032348633,3,32,32,64,64,24,13,2112.0,cuda:0,1.1784334853291512,"{""0"": 64, ""1"": 64, ""2"": 64, ""3"": 64}",cached_setfit_jsonl,pretrained_transformer,3_epochs_local_cache_maxlen_128
ag_news,64,0.05,symmetric,distilbert_base_uncased,505,256,800,4,0.0390625,0.84375,0.8418421995283418,1.1437067985534668,0.7502789497375488,0.2915000915527344,3,32,32,64,64,24,13,2102.06,cuda:0,1.2106037139892578,"{""0"": 64, ""1"": 64, ""2"": 64, ""3"": 64}",cached_setfit_jsonl,pretrained_transformer,3_epochs_local_cache_maxlen_128
ag_news,64,0.1,symmetric,distilbert_base_uncased,101,256,800,4,0.13671875,0.83875,0.8367081150135361,1.1450273990631104,0.7306585311889648,0.30913782119750977,3,32,32,64,64,24,13,2110.25,cuda:0,1.2230756332476933,"{""0"": 64, ""1"": 64, ""2"": 64, ""3"": 64}",cached_setfit_jsonl,pretrained_transformer,3_epochs_local_cache_maxlen_128
ag_news,64,0.1,symmetric,distilbert_base_uncased,202,256,800,4,0.08984375,0.7775,0.7732172267986503,1.1071467399597168,0.713205099105835,0.2921311855316162,3,32,32,64,64,24,13,2110.16,cuda:0,1.2596685340007145,"{""0"": 64, ""1"": 64, ""2"": 64, ""3"": 64}",cached_setfit_jsonl,pretrained_transformer,3_epochs_local_cache_maxlen_128
ag_news,64,0.1,symmetric,distilbert_base_uncased,303,256,800,4,0.12890625,0.84,0.8360799168223717,1.107651710510254,0.7022857666015625,0.29891252517700195,3,32,32,64,64,24,13,2094.59,cuda:0,1.2053658639391263,"{""0"": 64, ""1"": 64, ""2"": 64, ""3"": 64}",cached_setfit_jsonl,pretrained_transformer,3_epochs_local_cache_maxlen_128
ag_news,64,0.1,symmetric,distilbert_base_uncased,404,256,800,4,0.12890625,0.85,0.8467762999585894,1.2255723476409912,0.715646505355835,0.29379701614379883,3,32,32,64,64,24,13,2109.56,cuda:0,1.2259402697285016,"{""0"": 64, ""1"": 64, ""2"": 64, ""3"": 64}",cached_setfit_jsonl,pretrained_transformer,3_epochs_local_cache_maxlen_128
ag_news,64,0.1,symmetric,distilbert_base_uncased,505,256,800,4,0.078125,0.82375,0.8196208308703854,1.1371188163757324,0.7521066665649414,0.28255558013916016,3,32,32,64,64,24,13,2104.25,cuda:0,1.233893262843291,"{""0"": 64, ""1"": 64, ""2"": 64, ""3"": 64}",cached_setfit_jsonl,pretrained_transformer,3_epochs_local_cache_maxlen_128
ag_news,64,0.2,symmetric,distilbert_base_uncased,101,256,800,4,0.22265625,0.8125,0.8084256832667782,1.1140177249908447,0.706230878829956,0.30713367462158203,3,32,32,64,64,24,13,2110.25,cuda:0,1.2614601651827495,"{""0"": 64, ""1"": 64, ""2"": 64, ""3"": 64}",cached_setfit_jsonl,pretrained_transformer,3_epochs_local_cache_maxlen_128
ag_news,64,0.2,symmetric,distilbert_base_uncased,202,256,800,4,0.22265625,0.82375,0.8234599019112824,1.0921516418457031,0.7019076347351074,0.2920033931732178,3,32,32,64,64,24,13,2111.0,cuda:0,1.3009859919548035,"{""0"": 64, ""1"": 64, ""2"": 64, ""3"": 64}",cached_setfit_jsonl,pretrained_transformer,3_epochs_local_cache_maxlen_128
ag_news,64,0.2,symmetric,distilbert_base_uncased,303,256,800,4,0.21484375,0.8325,0.8333468166085147,1.0845959186553955,0.6954188346862793,0.2879142761230469,3,32,32,64,64,24,13,2090.53,cuda:0,1.2655373762051265,"{""0"": 64, ""1"": 64, ""2"": 64, ""3"": 64}",cached_setfit_jsonl,pretrained_transformer,3_epochs_local_cache_maxlen_128
ag_news,64,0.2,symmetric,distilbert_base_uncased,404,256,800,4,0.1953125,0.86,0.8583731702546771,1.115023136138916,0.7167778015136719,0.2952430248260498,3,32,32,64,64,24,13,2107.0,cuda:0,1.2487180133660634,"{""0"": 64, ""1"": 64, ""2"": 64, ""3"": 64}",cached_setfit_jsonl,pretrained_transformer,3_epochs_local_cache_maxlen_128
ag_news,64,0.2,symmetric,distilbert_base_uncased,505,256,800,4,0.19140625,0.8125,0.8058554909222575,1.1529076099395752,0.7563583850860596,0.29405999183654785,3,32,32,64,64,24,13,2100.75,cuda:0,1.2688302894433339,"{""0"": 64, ""1"": 64, ""2"": 64, ""3"": 64}",cached_setfit_jsonl,pretrained_transformer,3_epochs_local_cache_maxlen_128
ag_news,64,0.3,symmetric,distilbert_base_uncased,101,256,800,4,0.32421875,0.72625,0.7078529128169234,1.1480107307434082,0.7299525737762451,0.3145756721496582,3,32,32,64,64,24,13,2106.75,cuda:0,1.312411720554034,"{""0"": 64, ""1"": 64, ""2"": 64, ""3"": 64}",cached_setfit_jsonl,pretrained_transformer,3_epochs_local_cache_maxlen_128
ag_news,64,0.3,symmetric,distilbert_base_uncased,202,256,800,4,0.296875,0.7775,0.7710162361220785,1.1134905815124512,0.7140917778015137,0.2926170825958252,3,32,32,64,64,24,13,2110.08,cuda:0,1.3086222608884175,"{""0"": 64, ""1"": 64, ""2"": 64, ""3"": 64}",cached_setfit_jsonl,pretrained_transformer,3_epochs_local_cache_maxlen_128
ag_news,64,0.3,symmetric,distilbert_base_uncased,303,256,800,4,0.31640625,0.85,0.850348776615468,1.0987272262573242,0.7059719562530518,0.28922057151794434,3,32,32,64,64,24,13,2089.08,cuda:0,1.3048638155062993,"{""0"": 64, ""1"": 64, ""2"": 64, ""3"": 64}",cached_setfit_jsonl,pretrained_transformer,3_epochs_local_cache_maxlen_128
ag_news,64,0.3,symmetric,distilbert_base_uncased,404,256,800,4,0.2890625,0.85625,0.8567883871722355,1.0883655548095703,0.6997091770172119,0.2882840633392334,3,32,32,64,64,24,13,2107.56,cuda:0,1.267962281902631,"{""0"": 64, ""1"": 64, ""2"": 64, ""3"": 64}",cached_setfit_jsonl,pretrained_transformer,3_epochs_local_cache_maxlen_128
ag_news,64,0.3,symmetric,distilbert_base_uncased,505,256,800,4,0.32421875,0.7925,0.7879334088256389,1.1274011135101318,0.7450704574584961,0.28334999084472656,3,32,32,64,64,24,13,2100.25,cuda:0,1.3122296681006749,"{""0"": 64, ""1"": 64, ""2"": 64, ""3"": 64}",cached_setfit_jsonl,pretrained_transformer,3_epochs_local_cache_maxlen_128
ag_news,128,0.0,symmetric,distilbert_base_uncased,101,512,800,4,0.0,0.85125,0.8511512604386828,1.8857526779174805,1.4721965789794922,0.3136143684387207,3,32,32,64,64,48,13,2102.67,cuda:0,0.8784195501357317,"{""0"": 128, ""1"": 128, ""2"": 128, ""3"": 128}",cached_setfit_jsonl,pretrained_transformer,3_epochs_local_cache_maxlen_128
ag_news,128,0.0,symmetric,distilbert_base_uncased,202,512,800,4,0.0,0.83875,0.8385947685107806,1.8441574573516846,1.4359891414642334,0.3052327632904053,3,32,32,64,64,48,13,2105.08,cuda:0,0.9242415707558393,"{""0"": 128, ""1"": 128, ""2"": 128, ""3"": 128}",cached_setfit_jsonl,pretrained_transformer,3_epochs_local_cache_maxlen_128
ag_news,128,0.0,symmetric,distilbert_base_uncased,303,512,800,4,0.0,0.8925,0.8919929868859284,1.8633012771606445,1.4613978862762451,0.2963283061981201,3,32,32,64,64,48,13,2100.7,cuda:0,0.8731915143628916,"{""0"": 128, ""1"": 128, ""2"": 128, ""3"": 128}",cached_setfit_jsonl,pretrained_transformer,3_epochs_local_cache_maxlen_128
ag_news,128,0.0,symmetric,distilbert_base_uncased,404,512,800,4,0.0,0.87375,0.8717415548408364,1.8536829948425293,1.4592483043670654,0.29318785667419434,3,32,32,64,64,48,13,2108.5,cuda:0,0.8734400092313687,"{""0"": 128, ""1"": 128, ""2"": 128, ""3"": 128}",cached_setfit_jsonl,pretrained_transformer,3_epochs_local_cache_maxlen_128
ag_news,128,0.0,symmetric,distilbert_base_uncased,505,512,800,4,0.0,0.8575,0.8564769543994568,1.8539040088653564,1.4580919742584229,0.29347705841064453,3,32,32,64,64,48,13,2109.29,cuda:0,0.918826644619306,"{""0"": 128, ""1"": 128, ""2"": 128, ""3"": 128}",cached_setfit_jsonl,pretrained_transformer,3_epochs_local_cache_maxlen_128
ag_news,128,0.05,symmetric,distilbert_base_uncased,101,512,800,4,0.052734375,0.84375,0.8434402800603039,1.9187822341918945,1.4886820316314697,0.3233985900878906,3,32,32,64,64,48,13,2111.5,cuda:0,0.9356410577893257,"{""0"": 128, ""1"": 128, ""2"": 128, ""3"": 128}",cached_setfit_jsonl,pretrained_transformer,3_epochs_local_cache_maxlen_128
ag_news,128,0.05,symmetric,distilbert_base_uncased,202,512,800,4,0.05859375,0.8275,0.8265000270907734,1.82210373878479,1.4279401302337646,0.2914767265319824,3,32,32,64,64,48,13,2108.0,cuda:0,0.9825816800196966,"{""0"": 128, ""1"": 128, ""2"": 128, ""3"": 128}",cached_setfit_jsonl,pretrained_transformer,3_epochs_local_cache_maxlen_128
ag_news,128,0.05,symmetric,distilbert_base_uncased,303,512,800,4,0.05078125,0.88125,0.8812186958210375,1.8077094554901123,1.413827896118164,0.29025840759277344,3,32,32,64,64,48,13,2103.86,cuda:0,0.9243472373733918,"{""0"": 128, ""1"": 128, ""2"": 128, ""3"": 128}",cached_setfit_jsonl,pretrained_transformer,3_epochs_local_cache_maxlen_128
ag_news,128,0.05,symmetric,distilbert_base_uncased,404,512,800,4,0.046875,0.87375,0.8717552381567069,1.847740650177002,1.4502811431884766,0.29566049575805664,3,32,32,64,64,48,13,2111.08,cuda:0,0.9456624134133259,"{""0"": 128, ""1"": 128, ""2"": 128, ""3"": 128}",cached_setfit_jsonl,pretrained_transformer,3_epochs_local_cache_maxlen_128
ag_news,128,0.05,symmetric,distilbert_base_uncased,505,512,800,4,0.037109375,0.86375,0.8632418451588999,1.842118740081787,1.446650743484497,0.2876002788543701,3,32,32,64,64,48,13,2108.87,cuda:0,0.9624094453950723,"{""0"": 128, ""1"": 128, ""2"": 128, ""3"": 128}",cached_setfit_jsonl,pretrained_transformer,3_epochs_local_cache_maxlen_128
ag_news,128,0.1,symmetric,distilbert_base_uncased,101,512,800,4,0.09375,0.8625,0.8626657361119144,1.90582275390625,1.491436243057251,0.3121621608734131,3,32,32,64,64,48,13,2109.75,cuda:0,0.989253144711256,"{""0"": 128, ""1"": 128, ""2"": 128, ""3"": 128}",cached_setfit_jsonl,pretrained_transformer,3_epochs_local_cache_maxlen_128
ag_news,128,0.1,symmetric,distilbert_base_uncased,202,512,800,4,0.09765625,0.8475,0.8466804565688084,1.8035333156585693,1.406611680984497,0.2961130142211914,3,32,32,64,64,48,13,2108.75,cuda:0,1.0381096564233303,"{""0"": 128, ""1"": 128, ""2"": 128, ""3"": 128}",cached_setfit_jsonl,pretrained_transformer,3_epochs_local_cache_maxlen_128
ag_news,128,0.1,symmetric,distilbert_base_uncased,303,512,800,4,0.1015625,0.88125,0.8811367972169228,1.8255503177642822,1.4259388446807861,0.2940051555633545,3,32,32,64,64,48,13,2104.36,cuda:0,1.000358372926712,"{""0"": 128, ""1"": 128, ""2"": 128, ""3"": 128}",cached_setfit_jsonl,pretrained_transformer,3_epochs_local_cache_maxlen_128
ag_news,128,0.1,symmetric,distilbert_base_uncased,404,512,800,4,0.10546875,0.87625,0.8747339463060257,1.8581759929656982,1.4587242603302002,0.2975187301635742,3,32,32,64,64,48,13,2107.67,cuda:0,0.9986497343828281,"{""0"": 128, ""1"": 128, ""2"": 128, ""3"": 128}",cached_setfit_jsonl,pretrained_transformer,3_epochs_local_cache_maxlen_128
ag_news,128,0.1,symmetric,distilbert_base_uncased,505,512,800,4,0.076171875,0.86,0.8585320615314334,1.829329490661621,1.4326930046081543,0.2931852340698242,3,32,32,64,64,48,13,2108.02,cuda:0,1.0175606273114681,"{""0"": 128, ""1"": 128, ""2"": 128, ""3"": 128}",cached_setfit_jsonl,pretrained_transformer,3_epochs_local_cache_maxlen_128
ag_news,128,0.2,symmetric,distilbert_base_uncased,101,512,800,4,0.1796875,0.8375,0.8377030565451874,1.8949370384216309,1.4742226600646973,0.31499528884887695,3,32,32,64,64,48,13,2110.25,cuda:0,1.07285122325023,"{""0"": 128, ""1"": 128, ""2"": 128, ""3"": 128}",cached_setfit_jsonl,pretrained_transformer,3_epochs_local_cache_maxlen_128
ag_news,128,0.2,symmetric,distilbert_base_uncased,202,512,800,4,0.212890625,0.84125,0.8409161325696588,1.8002817630767822,1.404357671737671,0.29258084297180176,3,32,32,64,64,48,13,2110.83,cuda:0,1.1411746193965275,"{""0"": 128, ""1"": 128, ""2"": 128, ""3"": 128}",cached_setfit_jsonl,pretrained_transformer,3_epochs_local_cache_maxlen_128
ag_news,128,0.2,symmetric,distilbert_base_uncased,303,512,800,4,0.171875,0.87375,0.8730215123392546,1.8301489353179932,1.4310719966888428,0.2969396114349365,3,32,32,64,64,48,13,2102.62,cuda:0,1.063561461865902,"{""0"": 128, ""1"": 128, ""2"": 128, ""3"": 128}",cached_setfit_jsonl,pretrained_transformer,3_epochs_local_cache_maxlen_128
ag_news,128,0.2,symmetric,distilbert_base_uncased,404,512,800,4,0.20703125,0.82125,0.8143804248221327,1.8685598373413086,1.4687788486480713,0.2963533401489258,3,32,32,64,64,48,13,2110.58,cuda:0,1.1042775499324005,"{""0"": 128, ""1"": 128, ""2"": 128, ""3"": 128}",cached_setfit_jsonl,pretrained_transformer,3_epochs_local_cache_maxlen_128
ag_news,128,0.2,symmetric,distilbert_base_uncased,505,512,800,4,0.220703125,0.85875,0.8578433040475344,1.838050365447998,1.4279468059539795,0.3023500442504883,3,32,32,64,64,48,13,2110.0,cuda:0,1.158164568245411,"{""0"": 128, ""1"": 128, ""2"": 128, ""3"": 128}",cached_setfit_jsonl,pretrained_transformer,3_epochs_local_cache_maxlen_128
ag_news,128,0.3,symmetric,distilbert_base_uncased,101,512,800,4,0.279296875,0.855,0.8544169808054616,1.9270107746124268,1.4910197257995605,0.3252120018005371,3,32,32,64,64,48,13,2110.25,cuda:0,1.1789247045914333,"{""0"": 128, ""1"": 128, ""2"": 128, ""3"": 128}",cached_setfit_jsonl,pretrained_transformer,3_epochs_local_cache_maxlen_128
ag_news,128,0.3,symmetric,distilbert_base_uncased,202,512,800,4,0.30078125,0.8275,0.8269195385388383,1.848992109298706,1.4371562004089355,0.30325818061828613,3,32,32,64,64,48,13,2109.92,cuda:0,1.199633212139209,"{""0"": 128, ""1"": 128, ""2"": 128, ""3"": 128}",cached_setfit_jsonl,pretrained_transformer,3_epochs_local_cache_maxlen_128
ag_news,128,0.3,symmetric,distilbert_base_uncased,303,512,800,4,0.291015625,0.86875,0.8683244876128264,1.87235689163208,1.4588608741760254,0.31060004234313965,3,32,32,64,64,48,13,2105.97,cuda:0,1.1632427647709846,"{""0"": 128, ""1"": 128, ""2"": 128, ""3"": 128}",cached_setfit_jsonl,pretrained_transformer,3_epochs_local_cache_maxlen_128
ag_news,128,0.3,symmetric,distilbert_base_uncased,404,512,800,4,0.298828125,0.83125,0.8261925392208899,1.888824701309204,1.4892804622650146,0.29646921157836914,3,32,32,64,64,48,13,2108.0,cuda:0,1.1847190372645855,"{""0"": 128, ""1"": 128, ""2"": 128, ""3"": 128}",cached_setfit_jsonl,pretrained_transformer,3_epochs_local_cache_maxlen_128
ag_news,128,0.3,symmetric,distilbert_base_uncased,505,512,800,4,0.330078125,0.83125,0.8290221978283021,1.8509159088134766,1.4505035877227783,0.2933084964752197,3,32,32,64,64,48,13,2109.47,cuda:0,1.2371999509632587,"{""0"": 128, ""1"": 128, ""2"": 128, ""3"": 128}",cached_setfit_jsonl,pretrained_transformer,3_epochs_local_cache_maxlen_128
trec_qc,8,0.0,symmetric,distilbert_base_uncased,101,48,500,6,0.0,0.192,0.11368815541691846,0.24332261085510254,0.10864567756652832,0.052941322326660156,3,32,32,64,64,6,8,1343.65,cuda:0,1.786332130432129,"{""0"": 8, ""1"": 8, ""2"": 8, ""3"": 8, ""4"": 8, ""5"": 8}",cached_setfit_jsonl,pretrained_transformer,3_epochs_local_cache_maxlen_128
trec_qc,8,0.0,symmetric,distilbert_base_uncased,202,48,500,6,0.0,0.056,0.06554141745812984,0.25019216537475586,0.10848474502563477,0.055823564529418945,3,32,32,64,64,6,8,1344.9,cuda:0,1.7844338019688923,"{""0"": 8, ""1"": 8, ""2"": 8, ""3"": 8, ""4"": 8, ""5"": 8}",cached_setfit_jsonl,pretrained_transformer,3_epochs_local_cache_maxlen_128
trec_qc,8,0.0,symmetric,distilbert_base_uncased,303,48,500,6,0.0,0.292,0.16405665921274173,0.23716163635253906,0.09883666038513184,0.05159759521484375,3,32,32,64,64,6,8,1342.3,cuda:0,1.7763087749481201,"{""0"": 8, ""1"": 8, ""2"": 8, ""3"": 8, ""4"": 8, ""5"": 8}",cached_setfit_jsonl,pretrained_transformer,3_epochs_local_cache_maxlen_128
trec_qc,8,0.0,symmetric,distilbert_base_uncased,404,48,500,6,0.0,0.258,0.15314411580318865,0.2421717643737793,0.1023719310760498,0.05801820755004883,3,32,32,64,64,6,8,1343.04,cuda:0,1.7877747416496277,"{""0"": 8, ""1"": 8, ""2"": 8, ""3"": 8, ""4"": 8, ""5"": 8}",cached_setfit_jsonl,pretrained_transformer,3_epochs_local_cache_maxlen_128
trec_qc,8,0.0,symmetric,distilbert_base_uncased,505,48,500,6,0.0,0.216,0.20183908078536317,0.2903709411621094,0.14304041862487793,0.05591154098510742,3,32,32,64,64,6,8,1341.27,cuda:0,1.787529170513153,"{""0"": 8, ""1"": 8, ""2"": 8, ""3"": 8, ""4"": 8, ""5"": 8}",cached_setfit_jsonl,pretrained_transformer,3_epochs_local_cache_maxlen_128
trec_qc,8,0.05,symmetric,distilbert_base_uncased,101,48,500,6,0.0625,0.274,0.20355430249158804,0.25539660453796387,0.11376047134399414,0.05386805534362793,3,32,32,64,64,6,8,1344.56,cuda:0,1.783443848292033,"{""0"": 8, ""1"": 8, ""2"": 8, ""3"": 8, ""4"": 8, ""5"": 8}",cached_setfit_jsonl,pretrained_transformer,3_epochs_local_cache_maxlen_128
trec_qc,8,0.05,symmetric,distilbert_base_uncased,202,48,500,6,0.041666666666666664,0.018,0.005893909626719057,0.2417433261871338,0.10638070106506348,0.05419111251831055,3,32,32,64,64,6,8,1345.58,cuda:0,1.7799100875854492,"{""0"": 8, ""1"": 8, ""2"": 8, ""3"": 8, ""4"": 8, ""5"": 8}",cached_setfit_jsonl,pretrained_transformer,3_epochs_local_cache_maxlen_128
trec_qc,8,0.05,symmetric,distilbert_base_uncased,303,48,500,6,0.08333333333333333,0.326,0.17690079297809422,0.2592804431915283,0.1159358024597168,0.05098557472229004,3,32,32,64,64,6,8,1340.83,cuda:0,1.769549012184143,"{""0"": 8, ""1"": 8, ""2"": 8, ""3"": 8, ""4"": 8, ""5"": 8}",cached_setfit_jsonl,pretrained_transformer,3_epochs_local_cache_maxlen_128
trec_qc,8,0.05,symmetric,distilbert_base_uncased,404,48,500,6,0.041666666666666664,0.216,0.160854934791105,0.24178600311279297,0.10392093658447266,0.05614066123962402,3,32,32,64,64,6,8,1340.59,cuda:0,1.788521985212962,"{""0"": 8, ""1"": 8, ""2"": 8, ""3"": 8, ""4"": 8, ""5"": 8}",cached_setfit_jsonl,pretrained_transformer,3_epochs_local_cache_maxlen_128
trec_qc,8,0.05,symmetric,distilbert_base_uncased,505,48,500,6,0.041666666666666664,0.23,0.11110194504023903,0.2440354824066162,0.10666871070861816,0.05277204513549805,3,32,32,64,64,6,8,1341.16,cuda:0,1.7855605284372966,"{""0"": 8, ""1"": 8, ""2"": 8, ""3"": 8, ""4"": 8, ""5"": 8}",cached_setfit_jsonl,pretrained_transformer,3_epochs_local_cache_maxlen_128
trec_qc,8,0.1,symmetric,distilbert_base_uncased,101,48,500,6,0.1875,0.182,0.08072401545541635,0.24376678466796875,0.10818028450012207,0.05419564247131348,3,32,32,64,64,6,8,1342.23,cuda:0,1.782230059305827,"{""0"": 8, ""1"": 8, ""2"": 8, ""3"": 8, ""4"": 8, ""5"": 8}",cached_setfit_jsonl,pretrained_transformer,3_epochs_local_cache_maxlen_128
trec_qc,8,0.1,symmetric,distilbert_base_uncased,202,48,500,6,0.14583333333333334,0.018,0.005893909626719057,0.24666905403137207,0.1069178581237793,0.05578970909118652,3,32,32,64,64,6,8,1345.19,cuda:0,1.7737383445103962,"{""0"": 8, ""1"": 8, ""2"": 8, ""3"": 8, ""4"": 8, ""5"": 8}",cached_setfit_jsonl,pretrained_transformer,3_epochs_local_cache_maxlen_128
trec_qc,8,0.1,symmetric,distilbert_base_uncased,303,48,500,6,0.16666666666666666,0.224,0.11112485131140397,0.2320866584777832,0.09884309768676758,0.05206727981567383,3,32,32,64,64,6,8,1339.43,cuda:0,1.7666186690330505,"{""0"": 8, ""1"": 8, ""2"": 8, ""3"": 8, ""4"": 8, ""5"": 8}",cached_setfit_jsonl,pretrained_transformer,3_epochs_local_cache_maxlen_128
trec_qc,8,0.1,symmetric,distilbert_base_uncased,404,48,500,6,0.1875,0.308,0.1620997156003141,0.23419189453125,0.09731030464172363,0.05398869514465332,3,32,32,64,64,6,8,1341.33,cuda:0,1.7882437109947205,"{""0"": 8, ""1"": 8, ""2"": 8, ""3"": 8, ""4"": 8, ""5"": 8}",cached_setfit_jsonl,pretrained_transformer,3_epochs_local_cache_maxlen_128
trec_qc,8,0.1,symmetric,distilbert_base_uncased,505,48,500,6,0.08333333333333333,0.092,0.04395333904109589,0.2544398307800293,0.11655473709106445,0.05501365661621094,3,32,32,64,64,6,8,1341.39,cuda:0,1.7814265489578247,"{""0"": 8, ""1"": 8, ""2"": 8, ""3"": 8, ""4"": 8, ""5"": 8}",cached_setfit_jsonl,pretrained_transformer,3_epochs_local_cache_maxlen_128
trec_qc,8,0.2,symmetric,distilbert_base_uncased,101,48,500,6,0.20833333333333334,0.242,0.19502191072041394,0.24850225448608398,0.10478448867797852,0.05612611770629883,3,32,32,64,64,6,8,1343.68,cuda:0,1.786462942759196,"{""0"": 8, ""1"": 8, ""2"": 8, ""3"": 8, ""4"": 8, ""5"": 8}",cached_setfit_jsonl,pretrained_transformer,3_epochs_local_cache_maxlen_128
trec_qc,8,0.2,symmetric,distilbert_base_uncased,202,48,500,6,0.2916666666666667,0.018,0.005893909626719057,0.24489760398864746,0.10290980339050293,0.05312085151672363,3,32,32,64,64,6,8,1343.65,cuda:0,1.7784449656804402,"{""0"": 8, ""1"": 8, ""2"": 8, ""3"": 8, ""4"": 8, ""5"": 8}",cached_setfit_jsonl,pretrained_transformer,3_epochs_local_cache_maxlen_128
trec_qc,8,0.2,symmetric,distilbert_base_uncased,303,48,500,6,0.22916666666666666,0.156,0.13863517231157432,0.23205351829528809,0.09869241714477539,0.05077219009399414,3,32,32,64,64,6,8,1339.43,cuda:0,1.78030929962794,"{""0"": 8, ""1"": 8, ""2"": 8, ""3"": 8, ""4"": 8, ""5"": 8}",cached_setfit_jsonl,pretrained_transformer,3_epochs_local_cache_maxlen_128
trec_qc,8,0.2,symmetric,distilbert_base_uncased,404,48,500,6,0.25,0.376,0.18326265264801492,0.23413705825805664,0.09807610511779785,0.05470013618469238,3,32,32,64,64,6,8,1341.33,cuda:0,1.780065933863322,"{""0"": 8, ""1"": 8, ""2"": 8, ""3"": 8, ""4"": 8, ""5"": 8}",cached_setfit_jsonl,pretrained_transformer,3_epochs_local_cache_maxlen_128
trec_qc,8,0.2,symmetric,distilbert_base_uncased,505,48,500,6,0.14583333333333334,0.284,0.14903050280626853,0.25467538833618164,0.10951900482177734,0.0606691837310791,3,32,32,64,64,6,8,1341.39,cuda:0,1.7766321102778118,"{""0"": 8, ""1"": 8, ""2"": 8, ""3"": 8, ""4"": 8, ""5"": 8}",cached_setfit_jsonl,pretrained_transformer,3_epochs_local_cache_maxlen_128
trec_qc,8,0.3,symmetric,distilbert_base_uncased,101,48,500,6,0.2916666666666667,0.162,0.046471600688468166,0.2661428451538086,0.12688326835632324,0.054239511489868164,3,32,32,64,64,6,8,1343.68,cuda:0,1.7786494096120198,"{""0"": 8, ""1"": 8, ""2"": 8, ""3"": 8, ""4"": 8, ""5"": 8}",cached_setfit_jsonl,pretrained_transformer,3_epochs_local_cache_maxlen_128
trec_qc,8,0.3,symmetric,distilbert_base_uncased,202,48,500,6,0.3333333333333333,0.018,0.005893909626719057,0.25729870796203613,0.10870647430419922,0.06559133529663086,3,32,32,64,64,6,8,1343.65,cuda:0,1.786027153333028,"{""0"": 8, ""1"": 8, ""2"": 8, ""3"": 8, ""4"": 8, ""5"": 8}",cached_setfit_jsonl,pretrained_transformer,3_epochs_local_cache_maxlen_128
trec_qc,8,0.3,symmetric,distilbert_base_uncased,303,48,500,6,0.2916666666666667,0.168,0.10616505624477396,0.2366042137145996,0.10004496574401855,0.05122828483581543,3,32,32,64,64,6,8,1339.43,cuda:0,1.7829332550366719,"{""0"": 8, ""1"": 8, ""2"": 8, ""3"": 8, ""4"": 8, ""5"": 8}",cached_setfit_jsonl,pretrained_transformer,3_epochs_local_cache_maxlen_128
trec_qc,8,0.3,symmetric,distilbert_base_uncased,404,48,500,6,0.3333333333333333,0.276,0.07479674796747968,0.23553991317749023,0.09670519828796387,0.057582855224609375,3,32,32,64,64,6,8,1341.33,cuda:0,1.7792975902557373,"{""0"": 8, ""1"": 8, ""2"": 8, ""3"": 8, ""4"": 8, ""5"": 8}",cached_setfit_jsonl,pretrained_transformer,3_epochs_local_cache_maxlen_128
trec_qc,8,0.3,symmetric,distilbert_base_uncased,505,48,500,6,0.2916666666666667,0.134,0.07987618531390063,0.261707067489624,0.12090516090393066,0.05799150466918945,3,32,32,64,64,6,8,1341.39,cuda:0,1.775344431400299,"{""0"": 8, ""1"": 8, ""2"": 8, ""3"": 8, ""4"": 8, ""5"": 8}",cached_setfit_jsonl,pretrained_transformer,3_epochs_local_cache_maxlen_128
trec_qc,16,0.0,symmetric,distilbert_base_uncased,101,96,500,6,0.0,0.33,0.32333506735327133,0.2848336696624756,0.14937686920166016,0.052829742431640625,3,32,32,64,64,9,8,1343.23,cuda:0,1.770917707019382,"{""0"": 16, ""1"": 16, ""2"": 16, ""3"": 16, ""4"": 16, ""5"": 16}",cached_setfit_jsonl,pretrained_transformer,3_epochs_local_cache_maxlen_128
trec_qc,16,0.0,symmetric,distilbert_base_uncased,202,96,500,6,0.0,0.098,0.10048264466382763,0.2874948978424072,0.14942336082458496,0.05404090881347656,3,32,32,64,64,9,8,1339.44,cuda:0,1.7845003472434149,"{""0"": 16, ""1"": 16, ""2"": 16, ""3"": 16, ""4"": 16, ""5"": 16}",cached_setfit_jsonl,pretrained_transformer,3_epochs_local_cache_maxlen_128
trec_qc,16,0.0,symmetric,distilbert_base_uncased,303,96,500,6,0.0,0.244,0.09966873706004142,0.2906801700592041,0.15067815780639648,0.0530853271484375,3,32,32,64,64,9,8,1338.06,cuda:0,1.7801249159706964,"{""0"": 16, ""1"": 16, ""2"": 16, ""3"": 16, ""4"": 16, ""5"": 16}",cached_setfit_jsonl,pretrained_transformer,3_epochs_local_cache_maxlen_128
trec_qc,16,0.0,symmetric,distilbert_base_uncased,404,96,500,6,0.0,0.552,0.5501023508683148,0.29027533531188965,0.14576101303100586,0.05803346633911133,3,32,32,64,64,9,8,1334.97,cuda:0,1.7796468204922147,"{""0"": 16, ""1"": 16, ""2"": 16, ""3"": 16, ""4"": 16, ""5"": 16}",cached_setfit_jsonl,pretrained_transformer,3_epochs_local_cache_maxlen_128
trec_qc,16,0.0,symmetric,distilbert_base_uncased,505,96,500,6,0.0,0.252,0.22391503471576257,0.2812366485595703,0.14152884483337402,0.05450177192687988,3,32,32,64,64,9,8,1335.74,cuda:0,1.7865204281277127,"{""0"": 16, ""1"": 16, ""2"": 16, ""3"": 16, ""4"": 16, ""5"": 16}",cached_setfit_jsonl,pretrained_transformer,3_epochs_local_cache_maxlen_128
trec_qc,16,0.05,symmetric,distilbert_base_uncased,101,96,500,6,0.10416666666666667,0.312,0.23527286603584208,0.2846512794494629,0.14435267448425293,0.05473780632019043,3,32,32,64,64,9,8,1337.29,cuda:0,1.7789856062995062,"{""0"": 16, ""1"": 16, ""2"": 16, ""3"": 16, ""4"": 16, ""5"": 16}",cached_setfit_jsonl,pretrained_transformer,3_epochs_local_cache_maxlen_128
trec_qc,16,0.05,symmetric,distilbert_base_uncased,202,96,500,6,0.041666666666666664,0.13,0.09963109076191118,0.29700422286987305,0.15309524536132812,0.05750393867492676,3,32,32,64,64,9,8,1334.06,cuda:0,1.7839193211661444,"{""0"": 16, ""1"": 16, ""2"": 16, ""3"": 16, ""4"": 16, ""5"": 16}",cached_setfit_jsonl,pretrained_transformer,3_epochs_local_cache_maxlen_128
trec_qc,16,0.05,symmetric,distilbert_base_uncased,303,96,500,6,0.0625,0.336,0.2510861516632783,0.2870192527770996,0.14463210105895996,0.05391097068786621,3,32,32,64,64,9,8,1331.69,cuda:0,1.7850855191548665,"{""0"": 16, ""1"": 16, ""2"": 16, ""3"": 16, ""4"": 16, ""5"": 16}",cached_setfit_jsonl,pretrained_transformer,3_epochs_local_cache_maxlen_128
trec_qc,16,0.05,symmetric,distilbert_base_uncased,404,96,500,6,0.03125,0.452,0.4130160668587233,0.2834908962249756,0.14379119873046875,0.05774354934692383,3,32,32,64,64,9,8,1328.22,cuda:0,1.7826242446899414,"{""0"": 16, ""1"": 16, ""2"": 16, ""3"": 16, ""4"": 16, ""5"": 16}",cached_setfit_jsonl,pretrained_transformer,3_epochs_local_cache_maxlen_128
trec_qc,16,0.05,symmetric,distilbert_base_uncased,505,96,500,6,0.03125,0.256,0.20309948583213266,0.29674696922302246,0.14905810356140137,0.054186105728149414,3,32,32,64,64,9,8,1330.53,cuda:0,1.7871601581573486,"{""0"": 16, ""1"": 16, ""2"": 16, ""3"": 16, ""4"": 16, ""5"": 16}",cached_setfit_jsonl,pretrained_transformer,3_epochs_local_cache_maxlen_128
trec_qc,16,0.1,symmetric,distilbert_base_uncased,101,96,500,6,0.19791666666666666,0.164,0.0769351546553619,0.2805790901184082,0.1460738182067871,0.051807403564453125,3,32,32,64,64,9,8,1331.19,cuda:0,1.7752006716198392,"{""0"": 16, ""1"": 16, ""2"": 16, ""3"": 16, ""4"": 16, ""5"": 16}",cached_setfit_jsonl,pretrained_transformer,3_epochs_local_cache_maxlen_128
trec_qc,16,0.1,symmetric,distilbert_base_uncased,202,96,500,6,0.10416666666666667,0.052,0.05799463315662021,0.32319211959838867,0.1797792911529541,0.05794525146484375,3,32,32,64,64,9,8,1327.56,cuda:0,1.7846680217319064,"{""0"": 16, ""1"": 16, ""2"": 16, ""3"": 16, ""4"": 16, ""5"": 16}",cached_setfit_jsonl,pretrained_transformer,3_epochs_local_cache_maxlen_128
trec_qc,16,0.1,symmetric,distilbert_base_uncased,303,96,500,6,0.16666666666666666,0.326,0.23366248470211118,0.3062703609466553,0.15474390983581543,0.053697824478149414,3,32,32,64,64,9,8,1324.1,cuda:0,1.7866090801027086,"{""0"": 16, ""1"": 16, ""2"": 16, ""3"": 16, ""4"": 16, ""5"": 16}",cached_setfit_jsonl,pretrained_transformer,3_epochs_local_cache_maxlen_128
trec_qc,16,0.1,symmetric,distilbert_base_uncased,404,96,500,6,0.14583333333333334,0.102,0.08516596271403598,0.31781625747680664,0.17412567138671875,0.054465532302856445,3,32,32,64,64,9,8,1320.8,cuda:0,1.7717929548687406,"{""0"": 16, ""1"": 16, ""2"": 16, ""3"": 16, ""4"": 16, ""5"": 16}",cached_setfit_jsonl,pretrained_transformer,3_epochs_local_cache_maxlen_128
trec_qc,16,0.1,symmetric,distilbert_base_uncased,505,96,500,6,0.10416666666666667,0.322,0.28811768858749265,0.31256985664367676,0.16545987129211426,0.06459355354309082,3,32,32,64,64,9,8,1323.72,cuda:0,1.7823588715659247,"{""0"": 16, ""1"": 16, ""2"": 16, ""3"": 16, ""4"": 16, ""5"": 16}",cached_setfit_jsonl,pretrained_transformer,3_epochs_local_cache_maxlen_128
trec_qc,16,0.2,symmetric,distilbert_base_uncased,101,96,500,6,0.2916666666666667,0.176,0.1088308747110925,0.309859037399292,0.17229795455932617,0.052771806716918945,3,32,32,64,64,9,8,1325.37,cuda:0,1.7799810038672552,"{""0"": 16, ""1"": 16, ""2"": 16, ""3"": 16, ""4"": 16, ""5"": 16}",cached_setfit_jsonl,pretrained_transformer,3_epochs_local_cache_maxlen_128
trec_qc,16,0.2,symmetric,distilbert_base_uncased,202,96,500,6,0.22916666666666666,0.14,0.12675833728465305,0.31252503395080566,0.174790620803833,0.05575752258300781,3,32,32,64,64,9,8,1326.43,cuda:0,1.7719556093215942,"{""0"": 16, ""1"": 16, ""2"": 16, ""3"": 16, ""4"": 16, ""5"": 16}",cached_setfit_jsonl,pretrained_transformer,3_epochs_local_cache_maxlen_128
trec_qc,16,0.2,symmetric,distilbert_base_uncased,303,96,500,6,0.23958333333333334,0.226,0.06144643828167482,0.32743024826049805,0.17788171768188477,0.06482601165771484,3,32,32,64,64,9,8,1323.8,cuda:0,1.7824348608652751,"{""0"": 16, ""1"": 16, ""2"": 16, ""3"": 16, ""4"": 16, ""5"": 16}",cached_setfit_jsonl,pretrained_transformer,3_epochs_local_cache_maxlen_128
trec_qc,16,0.2,symmetric,distilbert_base_uncased,404,96,500,6,0.19791666666666666,0.306,0.1513435144208256,0.3421359062194824,0.1968536376953125,0.05753302574157715,3,32,32,64,64,9,8,1319.9,cuda:0,1.7790177133348253,"{""0"": 16, ""1"": 16, ""2"": 16, ""3"": 16, ""4"": 16, ""5"": 16}",cached_setfit_jsonl,pretrained_transformer,3_epochs_local_cache_maxlen_128
trec_qc,16,0.2,symmetric,distilbert_base_uncased,505,96,500,6,0.14583333333333334,0.178,0.09008728333704226,0.31595373153686523,0.17926883697509766,0.05362844467163086,3,32,32,64,64,9,8,1323.47,cuda:0,1.7813261614905462,"{""0"": 16, ""1"": 16, ""2"": 16, ""3"": 16, ""4"": 16, ""5"": 16}",cached_setfit_jsonl,pretrained_transformer,3_epochs_local_cache_maxlen_128
trec_qc,16,0.3,symmetric,distilbert_base_uncased,101,96,500,6,0.34375,0.142,0.07048362611147256,0.3278319835662842,0.18366169929504395,0.054094552993774414,3,32,32,64,64,9,8,1322.77,cuda:0,1.7752330170737372,"{""0"": 16, ""1"": 16, ""2"": 16, ""3"": 16, ""4"": 16, ""5"": 16}",cached_setfit_jsonl,pretrained_transformer,3_epochs_local_cache_maxlen_128
trec_qc,16,0.3,symmetric,distilbert_base_uncased,202,96,500,6,0.25,0.018,0.005893909626719057,0.30728960037231445,0.1664881706237793,0.05487322807312012,3,32,32,64,64,9,8,1325.04,cuda:0,1.7766933970981174,"{""0"": 16, ""1"": 16, ""2"": 16, ""3"": 16, ""4"": 16, ""5"": 16}",cached_setfit_jsonl,pretrained_transformer,3_epochs_local_cache_maxlen_128
trec_qc,16,0.3,symmetric,distilbert_base_uncased,303,96,500,6,0.3333333333333333,0.362,0.1987575292590296,0.3508312702178955,0.20572113990783691,0.05382537841796875,3,32,32,64,64,9,8,1319.05,cuda:0,1.779824561542935,"{""0"": 16, ""1"": 16, ""2"": 16, ""3"": 16, ""4"": 16, ""5"": 16}",cached_setfit_jsonl,pretrained_transformer,3_epochs_local_cache_maxlen_128
trec_qc,16,0.3,symmetric,distilbert_base_uncased,404,96,500,6,0.3125,0.438,0.2950846297023039,0.28853893280029297,0.15157771110534668,0.05272078514099121,3,32,32,64,64,9,8,1318.11,cuda:0,1.778093523449368,"{""0"": 16, ""1"": 16, ""2"": 16, ""3"": 16, ""4"": 16, ""5"": 16}",cached_setfit_jsonl,pretrained_transformer,3_epochs_local_cache_maxlen_128
trec_qc,16,0.3,symmetric,distilbert_base_uncased,505,96,500,6,0.2916666666666667,0.304,0.12428019937901359,0.3272526264190674,0.18733716011047363,0.055032968521118164,3,32,32,64,64,9,8,1322.3,cuda:0,1.7883437209659152,"{""0"": 16, ""1"": 16, ""2"": 16, ""3"": 16, ""4"": 16, ""5"": 16}",cached_setfit_jsonl,pretrained_transformer,3_epochs_local_cache_maxlen_128
trec_qc,64,0.0,symmetric,distilbert_base_uncased,101,384,500,6,0.0,0.694,0.6471896013759212,0.7549500465393066,0.6164515018463135,0.05083894729614258,3,32,32,64,64,36,8,1324.12,cuda:0,1.6218633618619707,"{""0"": 64, ""1"": 64, ""2"": 64, ""3"": 64, ""4"": 64, ""5"": 64}",cached_setfit_jsonl,pretrained_transformer,3_epochs_local_cache_maxlen_128
trec_qc,64,0.0,symmetric,distilbert_base_uncased,202,384,500,6,0.0,0.738,0.6867234158166253,0.756293773651123,0.6223869323730469,0.05190467834472656,3,32,32,64,64,36,8,1325.84,cuda:0,1.6302579409546323,"{""0"": 64, ""1"": 64, ""2"": 64, ""3"": 64, ""4"": 64, ""5"": 64}",cached_setfit_jsonl,pretrained_transformer,3_epochs_local_cache_maxlen_128
trec_qc,64,0.0,symmetric,distilbert_base_uncased,303,384,500,6,0.0,0.768,0.7089858237257989,0.7724812030792236,0.6220118999481201,0.06786823272705078,3,32,32,64,64,36,8,1321.99,cuda:0,1.6415710349877675,"{""0"": 64, ""1"": 64, ""2"": 64, ""3"": 64, ""4"": 64, ""5"": 64}",cached_setfit_jsonl,pretrained_transformer,3_epochs_local_cache_maxlen_128
trec_qc,64,0.0,symmetric,distilbert_base_uncased,404,384,500,6,0.0,0.754,0.6957573843348536,0.6977584362030029,0.5620317459106445,0.05357718467712402,3,32,32,64,64,36,8,1323.37,cuda:0,1.5930006835195754,"{""0"": 64, ""1"": 64, ""2"": 64, ""3"": 64, ""4"": 64, ""5"": 64}",cached_setfit_jsonl,pretrained_transformer,3_epochs_local_cache_maxlen_128
trec_qc,64,0.0,symmetric,distilbert_base_uncased,505,384,500,6,0.0,0.658,0.5749084841992739,0.8566157817840576,0.5937957763671875,0.17811846733093262,3,32,32,64,64,36,8,1321.68,cuda:0,1.6591165595584445,"{""0"": 64, ""1"": 64, ""2"": 64, ""3"": 64, ""4"": 64, ""5"": 64}",cached_setfit_jsonl,pretrained_transformer,3_epochs_local_cache_maxlen_128
trec_qc,64,0.05,symmetric,distilbert_base_uncased,101,384,500,6,0.044270833333333336,0.668,0.6198063326185353,0.7610819339752197,0.617567777633667,0.058115243911743164,3,32,32,64,64,36,8,1320.99,cuda:0,1.6477111180623372,"{""0"": 64, ""1"": 64, ""2"": 64, ""3"": 64, ""4"": 64, ""5"": 64}",cached_setfit_jsonl,pretrained_transformer,3_epochs_local_cache_maxlen_128
trec_qc,64,0.05,symmetric,distilbert_base_uncased,202,384,500,6,0.049479166666666664,0.746,0.7039759358756109,0.77337646484375,0.634174108505249,0.05527162551879883,3,32,32,64,64,36,8,1322.58,cuda:0,1.652794149186876,"{""0"": 64, ""1"": 64, ""2"": 64, ""3"": 64, ""4"": 64, ""5"": 64}",cached_setfit_jsonl,pretrained_transformer,3_epochs_local_cache_maxlen_128
trec_qc,64,0.05,symmetric,distilbert_base_uncased,303,384,500,6,0.0390625,0.768,0.7009950832510183,0.7964942455291748,0.6541755199432373,0.05859088897705078,3,32,32,64,64,36,8,1321.15,cuda:0,1.652338445186615,"{""0"": 64, ""1"": 64, ""2"": 64, ""3"": 64, ""4"": 64, ""5"": 64}",cached_setfit_jsonl,pretrained_transformer,3_epochs_local_cache_maxlen_128
trec_qc,64,0.05,symmetric,distilbert_base_uncased,404,384,500,6,0.041666666666666664,0.766,0.7136495230967022,0.8523557186126709,0.7148075103759766,0.050939321517944336,3,32,32,64,64,36,8,1319.62,cuda:0,1.6061667038334742,"{""0"": 64, ""1"": 64, ""2"": 64, ""3"": 64, ""4"": 64, ""5"": 64}",cached_setfit_jsonl,pretrained_transformer,3_epochs_local_cache_maxlen_128
trec_qc,64,0.05,symmetric,distilbert_base_uncased,505,384,500,6,0.036458333333333336,0.622,0.5535792061062804,0.756718635559082,0.6203262805938721,0.05201387405395508,3,32,32,64,64,36,8,1321.68,cuda:0,1.6736947000026703,"{""0"": 64, ""1"": 64, ""2"": 64, ""3"": 64, ""4"": 64, ""5"": 64}",cached_setfit_jsonl,pretrained_transformer,3_epochs_local_cache_maxlen_128
trec_qc,64,0.1,symmetric,distilbert_base_uncased,101,384,500,6,0.11458333333333333,0.688,0.641545659791015,0.7695314884185791,0.6320791244506836,0.05369758605957031,3,32,32,64,64,36,8,1322.74,cuda:0,1.677703082561493,"{""0"": 64, ""1"": 64, ""2"": 64, ""3"": 64, ""4"": 64, ""5"": 64}",cached_setfit_jsonl,pretrained_transformer,3_epochs_local_cache_maxlen_128
trec_qc,64,0.1,symmetric,distilbert_base_uncased,202,384,500,6,0.0859375,0.78,0.7429748850842373,0.6945855617523193,0.5544345378875732,0.05619549751281738,3,32,32,64,64,36,8,1322.58,cuda:0,1.6672968864440918,"{""0"": 64, ""1"": 64, ""2"": 64, ""3"": 64, ""4"": 64, ""5"": 64}",cached_setfit_jsonl,pretrained_transformer,3_epochs_local_cache_maxlen_128
trec_qc,64,0.1,symmetric,distilbert_base_uncased,303,384,500,6,0.09895833333333333,0.708,0.623295245671438,0.7883012294769287,0.6492862701416016,0.05505681037902832,3,32,32,64,64,36,8,1321.15,cuda:0,1.6834685140185885,"{""0"": 64, ""1"": 64, ""2"": 64, ""3"": 64, ""4"": 64, ""5"": 64}",cached_setfit_jsonl,pretrained_transformer,3_epochs_local_cache_maxlen_128
trec_qc,64,0.1,symmetric,distilbert_base_uncased,404,384,500,6,0.09895833333333333,0.698,0.6191143503703607,0.8104488849639893,0.6666684150695801,0.05146002769470215,3,32,32,64,64,36,8,1319.62,cuda:0,1.6436924470795526,"{""0"": 64, ""1"": 64, ""2"": 64, ""3"": 64, ""4"": 64, ""5"": 64}",cached_setfit_jsonl,pretrained_transformer,3_epochs_local_cache_maxlen_128
trec_qc,64,0.1,symmetric,distilbert_base_uncased,505,384,500,6,0.07291666666666667,0.554,0.5055771109980786,0.7041971683502197,0.5680332183837891,0.05168867111206055,3,32,32,64,64,36,8,1321.68,cuda:0,1.678690983189477,"{""0"": 64, ""1"": 64, ""2"": 64, ""3"": 64, ""4"": 64, ""5"": 64}",cached_setfit_jsonl,pretrained_transformer,3_epochs_local_cache_maxlen_128
trec_qc,64,0.2,symmetric,distilbert_base_uncased,101,384,500,6,0.22135416666666666,0.508,0.47241714869149387,0.7020082473754883,0.5666971206665039,0.05203819274902344,3,32,32,64,64,36,8,1322.74,cuda:0,1.684887879424625,"{""0"": 64, ""1"": 64, ""2"": 64, ""3"": 64, ""4"": 64, ""5"": 64}",cached_setfit_jsonl,pretrained_transformer,3_epochs_local_cache_maxlen_128
trec_qc,64,0.2,symmetric,distilbert_base_uncased,202,384,500,6,0.21354166666666666,0.496,0.4793201952906978,0.700613260269165,0.5667874813079834,0.050698280334472656,3,32,32,64,64,36,8,1322.58,cuda:0,1.6884294582737818,"{""0"": 64, ""1"": 64, ""2"": 64, ""3"": 64, ""4"": 64, ""5"": 64}",cached_setfit_jsonl,pretrained_transformer,3_epochs_local_cache_maxlen_128
trec_qc,64,0.2,symmetric,distilbert_base_uncased,303,384,500,6,0.18489583333333334,0.652,0.5551323163701123,0.7139155864715576,0.5753569602966309,0.055297136306762695,3,32,32,64,64,36,8,1321.15,cuda:0,1.69318977660603,"{""0"": 64, ""1"": 64, ""2"": 64, ""3"": 64, ""4"": 64, ""5"": 64}",cached_setfit_jsonl,pretrained_transformer,3_epochs_local_cache_maxlen_128
trec_qc,64,0.2,symmetric,distilbert_base_uncased,404,384,500,6,0.2109375,0.672,0.5965923133428164,0.6961812973022461,0.558499813079834,0.0520784854888916,3,32,32,64,64,36,8,1319.62,cuda:0,1.6801729566521115,"{""0"": 64, ""1"": 64, ""2"": 64, ""3"": 64, ""4"": 64, ""5"": 64}",cached_setfit_jsonl,pretrained_transformer,3_epochs_local_cache_maxlen_128
trec_qc,64,0.2,symmetric,distilbert_base_uncased,505,384,500,6,0.1875,0.502,0.4781608981990561,0.6934981346130371,0.5518107414245605,0.054238319396972656,3,32,32,64,64,36,8,1321.68,cuda:0,1.7198354866769578,"{""0"": 64, ""1"": 64, ""2"": 64, ""3"": 64, ""4"": 64, ""5"": 64}",cached_setfit_jsonl,pretrained_transformer,3_epochs_local_cache_maxlen_128
trec_qc,64,0.3,symmetric,distilbert_base_uncased,101,384,500,6,0.3072916666666667,0.51,0.4829912222698945,0.7040445804595947,0.5619792938232422,0.0535125732421875,3,32,32,64,64,36,8,1322.74,cuda:0,1.7332780030038621,"{""0"": 64, ""1"": 64, ""2"": 64, ""3"": 64, ""4"": 64, ""5"": 64}",cached_setfit_jsonl,pretrained_transformer,3_epochs_local_cache_maxlen_128
trec_qc,64,0.3,symmetric,distilbert_base_uncased,202,384,500,6,0.296875,0.522,0.5187348046982875,0.6983208656311035,0.5559656620025635,0.05609488487243652,3,32,32,64,64,36,8,1322.58,cuda:0,1.7401714788542852,"{""0"": 64, ""1"": 64, ""2"": 64, ""3"": 64, ""4"": 64, ""5"": 64}",cached_setfit_jsonl,pretrained_transformer,3_epochs_local_cache_maxlen_128
trec_qc,64,0.3,symmetric,distilbert_base_uncased,303,384,500,6,0.296875,0.6,0.6243413449295803,0.6990065574645996,0.5594220161437988,0.05519270896911621,3,32,32,64,64,36,8,1321.15,cuda:0,1.743640614880456,"{""0"": 64, ""1"": 64, ""2"": 64, ""3"": 64, ""4"": 64, ""5"": 64}",cached_setfit_jsonl,pretrained_transformer,3_epochs_local_cache_maxlen_128
trec_qc,64,0.3,symmetric,distilbert_base_uncased,404,384,500,6,0.296875,0.642,0.595496668077545,0.6983416080474854,0.5600574016571045,0.05200338363647461,3,32,32,64,64,36,8,1319.62,cuda:0,1.7403705848587885,"{""0"": 64, ""1"": 64, ""2"": 64, ""3"": 64, ""4"": 64, ""5"": 64}",cached_setfit_jsonl,pretrained_transformer,3_epochs_local_cache_maxlen_128
trec_qc,64,0.3,symmetric,distilbert_base_uncased,505,384,500,6,0.3151041666666667,0.614,0.5210277224914771,0.6995201110839844,0.5582807064056396,0.05510854721069336,3,32,32,64,64,36,8,1321.68,cuda:0,1.7485414610968695,"{""0"": 64, ""1"": 64, ""2"": 64, ""3"": 64, ""4"": 64, ""5"": 64}",cached_setfit_jsonl,pretrained_transformer,3_epochs_local_cache_maxlen_128
trec_qc,128,0.0,symmetric,distilbert_base_uncased,101,726,500,6,0.0,0.84,0.7883414562172036,1.209059715270996,1.0703039169311523,0.052408456802368164,3,32,32,64,64,69,8,1321.43,cuda:0,1.288997311954913,"{""0"": 128, ""1"": 128, ""2"": 86, ""3"": 128, ""4"": 128, ""5"": 128}",cached_setfit_jsonl,pretrained_transformer,3_epochs_local_cache_maxlen_128
trec_qc,128,0.0,symmetric,distilbert_base_uncased,202,726,500,6,0.0,0.808,0.7484480395899183,1.1978375911712646,1.0629136562347412,0.051483154296875,3,32,32,64,64,69,8,1324.43,cuda:0,1.3817351987396462,"{""0"": 128, ""1"": 128, ""2"": 86, ""3"": 128, ""4"": 128, ""5"": 128}",cached_setfit_jsonl,pretrained_transformer,3_epochs_local_cache_maxlen_128
trec_qc,128,0.0,symmetric,distilbert_base_uncased,303,726,500,6,0.0,0.91,0.8977439554646076,1.2085464000701904,1.0706720352172852,0.05195212364196777,3,32,32,64,64,69,8,1320.93,cuda:0,1.33779946271924,"{""0"": 128, ""1"": 128, ""2"": 86, ""3"": 128, ""4"": 128, ""5"": 128}",cached_setfit_jsonl,pretrained_transformer,3_epochs_local_cache_maxlen_128
trec_qc,128,0.0,symmetric,distilbert_base_uncased,404,726,500,6,0.0,0.902,0.8645840821102028,1.2008953094482422,1.0660910606384277,0.051728010177612305,3,32,32,64,64,69,8,1329.81,cuda:0,1.23986613707266,"{""0"": 128, ""1"": 128, ""2"": 86, ""3"": 128, ""4"": 128, ""5"": 128}",cached_setfit_jsonl,pretrained_transformer,3_epochs_local_cache_maxlen_128
trec_qc,128,0.0,symmetric,distilbert_base_uncased,505,726,500,6,0.0,0.886,0.8700612882039915,1.2020764350891113,1.0665483474731445,0.05047178268432617,3,32,32,64,64,69,8,1325.93,cuda:0,1.4063606098078298,"{""0"": 128, ""1"": 128, ""2"": 86, ""3"": 128, ""4"": 128, ""5"": 128}",cached_setfit_jsonl,pretrained_transformer,3_epochs_local_cache_maxlen_128
trec_qc,128,0.05,symmetric,distilbert_base_uncased,101,726,500,6,0.048209366391184574,0.822,0.7686419467911393,1.196561336517334,1.062633991241455,0.05027580261230469,3,32,32,64,64,69,8,1321.93,cuda:0,1.3448085854018943,"{""0"": 128, ""1"": 128, ""2"": 86, ""3"": 128, ""4"": 128, ""5"": 128}",cached_setfit_jsonl,pretrained_transformer,3_epochs_local_cache_maxlen_128
trec_qc,128,0.05,symmetric,distilbert_base_uncased,202,726,500,6,0.06198347107438017,0.788,0.7374002266223628,1.2087197303771973,1.0697901248931885,0.055878639221191406,3,32,32,64,64,69,8,1324.43,cuda:0,1.4556060467941174,"{""0"": 128, ""1"": 128, ""2"": 86, ""3"": 128, ""4"": 128, ""5"": 128}",cached_setfit_jsonl,pretrained_transformer,3_epochs_local_cache_maxlen_128
trec_qc,128,0.05,symmetric,distilbert_base_uncased,303,726,500,6,0.05371900826446281,0.908,0.8918000757591774,1.2094237804412842,1.0663683414459229,0.0551602840423584,3,32,32,64,64,69,8,1320.93,cuda:0,1.4056730477706245,"{""0"": 128, ""1"": 128, ""2"": 86, ""3"": 128, ""4"": 128, ""5"": 128}",cached_setfit_jsonl,pretrained_transformer,3_epochs_local_cache_maxlen_128
trec_qc,128,0.05,symmetric,distilbert_base_uncased,404,726,500,6,0.049586776859504134,0.9,0.871113267158429,1.2056910991668701,1.066847324371338,0.05378246307373047,3,32,32,64,64,69,8,1329.81,cuda:0,1.3245852537777112,"{""0"": 128, ""1"": 128, ""2"": 86, ""3"": 128, ""4"": 128, ""5"": 128}",cached_setfit_jsonl,pretrained_transformer,3_epochs_local_cache_maxlen_128
trec_qc,128,0.05,symmetric,distilbert_base_uncased,505,726,500,6,0.045454545454545456,0.868,0.8519850556505064,1.2138943672180176,1.0757322311401367,0.05255627632141113,3,32,32,64,64,69,8,1325.93,cuda:0,1.443727181441542,"{""0"": 128, ""1"": 128, ""2"": 86, ""3"": 128, ""4"": 128, ""5"": 128}",cached_setfit_jsonl,pretrained_transformer,3_epochs_local_cache_maxlen_128
trec_qc,128,0.1,symmetric,distilbert_base_uncased,101,726,500,6,0.10606060606060606,0.874,0.8415103196822619,1.204582691192627,1.0689711570739746,0.05139803886413574,3,32,32,64,64,69,8,1321.93,cuda:0,1.4222594249075737,"{""0"": 128, ""1"": 128, ""2"": 86, ""3"": 128, ""4"": 128, ""5"": 128}",cached_setfit_jsonl,pretrained_transformer,3_epochs_local_cache_maxlen_128
trec_qc,128,0.1,symmetric,distilbert_base_uncased,202,726,500,6,0.09504132231404959,0.82,0.7925831182745066,1.2052865028381348,1.0614609718322754,0.058027029037475586,3,32,32,64,64,69,8,1324.43,cuda:0,1.496047091656837,"{""0"": 128, ""1"": 128, ""2"": 86, ""3"": 128, ""4"": 128, ""5"": 128}",cached_setfit_jsonl,pretrained_transformer,3_epochs_local_cache_maxlen_128
trec_qc,128,0.1,symmetric,distilbert_base_uncased,303,726,500,6,0.09228650137741047,0.862,0.8406967206361337,1.2105438709259033,1.070119857788086,0.0547487735748291,3,32,32,64,64,69,8,1320.93,cuda:0,1.4435363817906035,"{""0"": 128, ""1"": 128, ""2"": 86, ""3"": 128, ""4"": 128, ""5"": 128}",cached_setfit_jsonl,pretrained_transformer,3_epochs_local_cache_maxlen_128
trec_qc,128,0.1,symmetric,distilbert_base_uncased,404,726,500,6,0.1115702479338843,0.868,0.8257119671474319,1.2090575695037842,1.0689213275909424,0.05385994911193848,3,32,32,64,64,69,8,1329.81,cuda:0,1.3720266957213914,"{""0"": 128, ""1"": 128, ""2"": 86, ""3"": 128, ""4"": 128, ""5"": 128}",cached_setfit_jsonl,pretrained_transformer,3_epochs_local_cache_maxlen_128
trec_qc,128,0.1,symmetric,distilbert_base_uncased,505,726,500,6,0.07988980716253444,0.852,0.8287890647571535,1.2098958492279053,1.0744569301605225,0.05023050308227539,3,32,32,64,64,69,8,1325.93,cuda:0,1.4929388079090395,"{""0"": 128, ""1"": 128, ""2"": 86, ""3"": 128, ""4"": 128, ""5"": 128}",cached_setfit_jsonl,pretrained_transformer,3_epochs_local_cache_maxlen_128
trec_qc,128,0.2,symmetric,distilbert_base_uncased,101,726,500,6,0.19834710743801653,0.88,0.8598039006283343,1.20735764503479,1.0690925121307373,0.055558204650878906,3,32,32,64,64,69,8,1321.93,cuda:0,1.5389032130656035,"{""0"": 128, ""1"": 128, ""2"": 86, ""3"": 128, ""4"": 128, ""5"": 128}",cached_setfit_jsonl,pretrained_transformer,3_epochs_local_cache_maxlen_128
trec_qc,128,0.2,symmetric,distilbert_base_uncased,202,726,500,6,0.21763085399449036,0.794,0.751188127731259,1.199190378189087,1.060861587524414,0.05180931091308594,3,32,32,64,64,69,8,1324.43,cuda:0,1.601590595383575,"{""0"": 128, ""1"": 128, ""2"": 86, ""3"": 128, ""4"": 128, ""5"": 128}",cached_setfit_jsonl,pretrained_transformer,3_epochs_local_cache_maxlen_128
trec_qc,128,0.2,symmetric,distilbert_base_uncased,303,726,500,6,0.19146005509641872,0.872,0.8671451085281888,1.2079639434814453,1.0622930526733398,0.06076359748840332,3,32,32,64,64,69,8,1320.93,cuda:0,1.5533476273218791,"{""0"": 128, ""1"": 128, ""2"": 86, ""3"": 128, ""4"": 128, ""5"": 128}",cached_setfit_jsonl,pretrained_transformer,3_epochs_local_cache_maxlen_128
trec_qc,128,0.2,symmetric,distilbert_base_uncased,404,726,500,6,0.21212121212121213,0.832,0.8086609580798533,1.2898294925689697,1.1499249935150146,0.0549314022064209,3,32,32,64,64,69,8,1329.81,cuda:0,1.5306828920392022,"{""0"": 128, ""1"": 128, ""2"": 86, ""3"": 128, ""4"": 128, ""5"": 128}",cached_setfit_jsonl,pretrained_transformer,3_epochs_local_cache_maxlen_128
trec_qc,128,0.2,symmetric,distilbert_base_uncased,505,726,500,6,0.20798898071625344,0.802,0.762468484587815,1.3274881839752197,1.1774823665618896,0.06702232360839844,3,32,32,64,64,69,8,1325.93,cuda:0,1.6030548292657603,"{""0"": 128, ""1"": 128, ""2"": 86, ""3"": 128, ""4"": 128, ""5"": 128}",cached_setfit_jsonl,pretrained_transformer,3_epochs_local_cache_maxlen_128
trec_qc,128,0.3,symmetric,distilbert_base_uncased,202,726,500,6,0.30578512396694213,0.708,0.6405126998476556,1.2079830169677734,1.0669481754302979,0.0544428825378418,3,32,32,64,64,69,8,1324.43,cuda:0,1.668819697006889,"{""0"": 128, ""1"": 128, ""2"": 86, ""3"": 128, ""4"": 128, ""5"": 128}",cached_setfit_jsonl,pretrained_transformer,3_epochs_local_cache_maxlen_128
trec_qc,128,0.3,symmetric,distilbert_base_uncased,303,726,500,6,0.30578512396694213,0.82,0.7956170531976984,1.2945868968963623,1.1476085186004639,0.062459468841552734,3,32,32,64,64,69,8,1320.93,cuda:0,1.6223260457964912,"{""0"": 128, ""1"": 128, ""2"": 86, ""3"": 128, ""4"": 128, ""5"": 128}",cached_setfit_jsonl,pretrained_transformer,3_epochs_local_cache_maxlen_128
trec_qc,128,0.3,symmetric,distilbert_base_uncased,404,726,500,6,0.2878787878787879,0.84,0.8285469300362012,1.2086775302886963,1.0734612941741943,0.0523524284362793,3,32,32,64,64,69,8,1329.81,cuda:0,1.5764641398968904,"{""0"": 128, ""1"": 128, ""2"": 86, ""3"": 128, ""4"": 128, ""5"": 128}",cached_setfit_jsonl,pretrained_transformer,3_epochs_local_cache_maxlen_128
trec_qc,128,0.3,symmetric,distilbert_base_uncased,505,726,500,6,0.3154269972451791,0.808,0.7709990318464165,1.2465648651123047,1.1100099086761475,0.053200483322143555,3,32,32,64,64,69,8,1325.93,cuda:0,1.6754257195237754,"{""0"": 128, ""1"": 128, ""2"": 86, ""3"": 128, ""4"": 128, ""5"": 128}",cached_setfit_jsonl,pretrained_transformer,3_epochs_local_cache_maxlen_128
dbpedia_14,8,0.0,symmetric,distilbert_base_uncased,101,112,2800,14,0.0,0.5503571428571429,0.5094040749855612,1.6795248985290527,0.369060754776001,1.2192409038543701,3,32,32,64,64,12,44,2103.37,cuda:0,2.5770060618718467,"{""0"": 8, ""1"": 8, ""2"": 8, ""3"": 8, ""4"": 8, ""5"": 8, ""6"": 8, ""7"": 8, ""8"": 8, ""9"": 8, ""10"": 8, ""11"": 8, ""12"": 8, ""13"": 8}",cached_parquet_balanced_pool,pretrained_transformer,3_epochs_local_cache_maxlen_128
dbpedia_14,8,0.0,symmetric,distilbert_base_uncased,202,112,2800,14,0.0,0.5110714285714286,0.4756038850866644,1.678847312927246,0.36681103706359863,1.2246158123016357,3,32,32,64,64,12,44,2107.55,cuda:0,2.572295347849528,"{""0"": 8, ""1"": 8, ""2"": 8, ""3"": 8, ""4"": 8, ""5"": 8, ""6"": 8, ""7"": 8, ""8"": 8, ""9"": 8, ""10"": 8, ""11"": 8, ""12"": 8, ""13"": 8}",cached_parquet_balanced_pool,pretrained_transformer,3_epochs_local_cache_maxlen_128
dbpedia_14,8,0.0,symmetric,distilbert_base_uncased,303,112,2800,14,0.0,0.4617857142857143,0.402493771746079,1.682802438735962,0.3726470470428467,1.220184326171875,3,32,32,64,64,12,44,2107.93,cuda:0,2.548435846964518,"{""0"": 8, ""1"": 8, ""2"": 8, ""3"": 8, ""4"": 8, ""5"": 8, ""6"": 8, ""7"": 8, ""8"": 8, ""9"": 8, ""10"": 8, ""11"": 8, ""12"": 8, ""13"": 8}",cached_parquet_balanced_pool,pretrained_transformer,3_epochs_local_cache_maxlen_128
dbpedia_14,8,0.0,symmetric,distilbert_base_uncased,404,112,2800,14,0.0,0.44107142857142856,0.409523399905944,1.6472182273864746,0.36665987968444824,1.192927598953247,3,32,32,64,64,12,44,2112.87,cuda:0,2.5579999685287476,"{""0"": 8, ""1"": 8, ""2"": 8, ""3"": 8, ""4"": 8, ""5"": 8, ""6"": 8, ""7"": 8, ""8"": 8, ""9"": 8, ""10"": 8, ""11"": 8, ""12"": 8, ""13"": 8}",cached_parquet_balanced_pool,pretrained_transformer,3_epochs_local_cache_maxlen_128
dbpedia_14,8,0.0,symmetric,distilbert_base_uncased,505,112,2800,14,0.0,0.3707142857142857,0.32173059872895254,1.6653265953063965,0.35713911056518555,1.2194850444793701,3,32,32,64,64,12,44,2077.41,cuda:0,2.545494318008423,"{""0"": 8, ""1"": 8, ""2"": 8, ""3"": 8, ""4"": 8, ""5"": 8, ""6"": 8, ""7"": 8, ""8"": 8, ""9"": 8, ""10"": 8, ""11"": 8, ""12"": 8, ""13"": 8}",cached_parquet_balanced_pool,pretrained_transformer,3_epochs_local_cache_maxlen_128
dbpedia_14,8,0.05,symmetric,distilbert_base_uncased,101,112,2800,14,0.08035714285714286,0.5371428571428571,0.48651168995355626,1.6677300930023193,0.3677849769592285,1.2120773792266846,3,32,32,64,64,12,44,2107.79,cuda:0,2.580929478009542,"{""0"": 8, ""1"": 8, ""2"": 8, ""3"": 8, ""4"": 8, ""5"": 8, ""6"": 8, ""7"": 8, ""8"": 8, ""9"": 8, ""10"": 8, ""11"": 8, ""12"": 8, ""13"": 8}",cached_parquet_balanced_pool,pretrained_transformer,3_epochs_local_cache_maxlen_128
dbpedia_14,8,0.05,symmetric,distilbert_base_uncased,202,112,2800,14,0.044642857142857144,0.5460714285714285,0.5136654275610392,1.6635184288024902,0.3696095943450928,1.2093069553375244,3,32,32,64,64,12,44,2110.67,cuda:0,2.580025633176168,"{""0"": 8, ""1"": 8, ""2"": 8, ""3"": 8, ""4"": 8, ""5"": 8, ""6"": 8, ""7"": 8, ""8"": 8, ""9"": 8, ""10"": 8, ""11"": 8, ""12"": 8, ""13"": 8}",cached_parquet_balanced_pool,pretrained_transformer,3_epochs_local_cache_maxlen_128
dbpedia_14,8,0.05,symmetric,distilbert_base_uncased,303,112,2800,14,0.05357142857142857,0.45821428571428574,0.40451116232955425,1.6827137470245361,0.3810567855834961,1.2165048122406006,3,32,32,64,64,12,44,2110.37,cuda:0,2.556018849213918,"{""0"": 8, ""1"": 8, ""2"": 8, ""3"": 8, ""4"": 8, ""5"": 8, ""6"": 8, ""7"": 8, ""8"": 8, ""9"": 8, ""10"": 8, ""11"": 8, ""12"": 8, ""13"": 8}",cached_parquet_balanced_pool,pretrained_transformer,3_epochs_local_cache_maxlen_128
dbpedia_14,8,0.05,symmetric,distilbert_base_uncased,404,112,2800,14,0.026785714285714284,0.42464285714285716,0.37683585552936893,1.6482155323028564,0.3744223117828369,1.1855175495147705,3,32,32,64,64,12,44,2112.87,cuda:0,2.564514776070913,"{""0"": 8, ""1"": 8, ""2"": 8, ""3"": 8, ""4"": 8, ""5"": 8, ""6"": 8, ""7"": 8, ""8"": 8, ""9"": 8, ""10"": 8, ""11"": 8, ""12"": 8, ""13"": 8}",cached_parquet_balanced_pool,pretrained_transformer,3_epochs_local_cache_maxlen_128
dbpedia_14,8,0.05,symmetric,distilbert_base_uncased,505,112,2800,14,0.03571428571428571,0.4014285714285714,0.35990777970209514,1.6670708656311035,0.35153746604919434,1.2238850593566895,3,32,32,64,64,12,44,2077.72,cuda:0,2.5522602001825967,"{""0"": 8, ""1"": 8, ""2"": 8, ""3"": 8, ""4"": 8, ""5"": 8, ""6"": 8, ""7"": 8, ""8"": 8, ""9"": 8, ""10"": 8, ""11"": 8, ""12"": 8, ""13"": 8}",cached_parquet_balanced_pool,pretrained_transformer,3_epochs_local_cache_maxlen_128
dbpedia_14,8,0.1,symmetric,distilbert_base_uncased,101,112,2800,14,0.17857142857142858,0.4203571428571429,0.35560313176493824,1.6857528686523438,0.36553239822387695,1.2317240238189697,3,32,32,64,64,12,44,2106.25,cuda:0,2.576100508371989,"{""0"": 8, ""1"": 8, ""2"": 8, ""3"": 8, ""4"": 8, ""5"": 8, ""6"": 8, ""7"": 8, ""8"": 8, ""9"": 8, ""10"": 8, ""11"": 8, ""12"": 8, ""13"": 8}",cached_parquet_balanced_pool,pretrained_transformer,3_epochs_local_cache_maxlen_128
dbpedia_14,8,0.1,symmetric,distilbert_base_uncased,202,112,2800,14,0.09821428571428571,0.45535714285714285,0.4145177620078085,1.820669412612915,0.37409353256225586,1.3472554683685303,3,32,32,64,64,12,44,2108.5,cuda:0,2.586648464202881,"{""0"": 8, ""1"": 8, ""2"": 8, ""3"": 8, ""4"": 8, ""5"": 8, ""6"": 8, ""7"": 8, ""8"": 8, ""9"": 8, ""10"": 8, ""11"": 8, ""12"": 8, ""13"": 8}",cached_parquet_balanced_pool,pretrained_transformer,3_epochs_local_cache_maxlen_128
dbpedia_14,8,0.1,symmetric,distilbert_base_uncased,303,112,2800,14,0.16964285714285715,0.3985714285714286,0.3584372750748425,1.713292121887207,0.3713998794555664,1.2433898448944092,3,32,32,64,64,12,44,2109.87,cuda:0,2.55763832728068,"{""0"": 8, ""1"": 8, ""2"": 8, ""3"": 8, ""4"": 8, ""5"": 8, ""6"": 8, ""7"": 8, ""8"": 8, ""9"": 8, ""10"": 8, ""11"": 8, ""12"": 8, ""13"": 8}",cached_parquet_balanced_pool,pretrained_transformer,3_epochs_local_cache_maxlen_128
dbpedia_14,8,0.1,symmetric,distilbert_base_uncased,404,112,2800,14,0.14285714285714285,0.31464285714285717,0.2563955269212443,1.6391141414642334,0.36991262435913086,1.1838135719299316,3,32,32,64,64,12,44,2110.7,cuda:0,2.5698784987131753,"{""0"": 8, ""1"": 8, ""2"": 8, ""3"": 8, ""4"": 8, ""5"": 8, ""6"": 8, ""7"": 8, ""8"": 8, ""9"": 8, ""10"": 8, ""11"": 8, ""12"": 8, ""13"": 8}",cached_parquet_balanced_pool,pretrained_transformer,3_epochs_local_cache_maxlen_128
dbpedia_14,8,0.1,symmetric,distilbert_base_uncased,505,112,2800,14,0.11607142857142858,0.35642857142857143,0.3326732291388862,1.6746399402618408,0.3592662811279297,1.2298681735992432,3,32,32,64,64,12,44,2074.57,cuda:0,2.5579474369684854,"{""0"": 8, ""1"": 8, ""2"": 8, ""3"": 8, ""4"": 8, ""5"": 8, ""6"": 8, ""7"": 8, ""8"": 8, ""9"": 8, ""10"": 8, ""11"": 8, ""12"": 8, ""13"": 8}",cached_parquet_balanced_pool,pretrained_transformer,3_epochs_local_cache_maxlen_128
dbpedia_14,8,0.2,symmetric,distilbert_base_uncased,101,112,2800,14,0.22321428571428573,0.43964285714285717,0.4003627845852602,1.6796729564666748,0.3668692111968994,1.2265691757202148,3,32,32,64,64,12,44,2108.41,cuda:0,2.5865098237991333,"{""0"": 8, ""1"": 8, ""2"": 8, ""3"": 8, ""4"": 8, ""5"": 8, ""6"": 8, ""7"": 8, ""8"": 8, ""9"": 8, ""10"": 8, ""11"": 8, ""12"": 8, ""13"": 8}",cached_parquet_balanced_pool,pretrained_transformer,3_epochs_local_cache_maxlen_128
dbpedia_14,8,0.2,symmetric,distilbert_base_uncased,202,112,2800,14,0.22321428571428573,0.40964285714285714,0.3525217482230004,1.668675422668457,0.36731839179992676,1.215066909790039,3,32,32,64,64,12,44,2108.37,cuda:0,2.59796671072642,"{""0"": 8, ""1"": 8, ""2"": 8, ""3"": 8, ""4"": 8, ""5"": 8, ""6"": 8, ""7"": 8, ""8"": 8, ""9"": 8, ""10"": 8, ""11"": 8, ""12"": 8, ""13"": 8}",cached_parquet_balanced_pool,pretrained_transformer,3_epochs_local_cache_maxlen_128
dbpedia_14,8,0.2,symmetric,distilbert_base_uncased,303,112,2800,14,0.23214285714285715,0.30464285714285716,0.18725729834869975,1.675917387008667,0.3705558776855469,1.2163097858428955,3,32,32,64,64,12,44,2109.12,cuda:0,2.5473725398381553,"{""0"": 8, ""1"": 8, ""2"": 8, ""3"": 8, ""4"": 8, ""5"": 8, ""6"": 8, ""7"": 8, ""8"": 8, ""9"": 8, ""10"": 8, ""11"": 8, ""12"": 8, ""13"": 8}",cached_parquet_balanced_pool,pretrained_transformer,3_epochs_local_cache_maxlen_128
dbpedia_14,8,0.2,symmetric,distilbert_base_uncased,404,112,2800,14,0.17857142857142858,0.39071428571428574,0.3232533839266894,1.651015281677246,0.372286319732666,1.1878981590270996,3,32,32,64,64,12,44,2110.12,cuda:0,2.579414347807566,"{""0"": 8, ""1"": 8, ""2"": 8, ""3"": 8, ""4"": 8, ""5"": 8, ""6"": 8, ""7"": 8, ""8"": 8, ""9"": 8, ""10"": 8, ""11"": 8, ""12"": 8, ""13"": 8}",cached_parquet_balanced_pool,pretrained_transformer,3_epochs_local_cache_maxlen_128
dbpedia_14,8,0.2,symmetric,distilbert_base_uncased,505,112,2800,14,0.17857142857142858,0.2807142857142857,0.24874887994035813,1.6605095863342285,0.3518214225769043,1.2169125080108643,3,32,32,64,64,12,44,2077.2,cuda:0,2.5686741868654885,"{""0"": 8, ""1"": 8, ""2"": 8, ""3"": 8, ""4"": 8, ""5"": 8, ""6"": 8, ""7"": 8, ""8"": 8, ""9"": 8, ""10"": 8, ""11"": 8, ""12"": 8, ""13"": 8}",cached_parquet_balanced_pool,pretrained_transformer,3_epochs_local_cache_maxlen_128
dbpedia_14,8,0.3,symmetric,distilbert_base_uncased,101,112,2800,14,0.30357142857142855,0.3382142857142857,0.2988889636991398,1.6746439933776855,0.36664772033691406,1.2163894176483154,3,32,32,64,64,12,44,2108.62,cuda:0,2.597355385621389,"{""0"": 8, ""1"": 8, ""2"": 8, ""3"": 8, ""4"": 8, ""5"": 8, ""6"": 8, ""7"": 8, ""8"": 8, ""9"": 8, ""10"": 8, ""11"": 8, ""12"": 8, ""13"": 8}",cached_parquet_balanced_pool,pretrained_transformer,3_epochs_local_cache_maxlen_128
dbpedia_14,8,0.3,symmetric,distilbert_base_uncased,202,112,2800,14,0.29464285714285715,0.34464285714285714,0.27360364444991975,1.6721985340118408,0.367612361907959,1.220259189605713,3,32,32,64,64,12,44,2109.87,cuda:0,2.5899926821390786,"{""0"": 8, ""1"": 8, ""2"": 8, ""3"": 8, ""4"": 8, ""5"": 8, ""6"": 8, ""7"": 8, ""8"": 8, ""9"": 8, ""10"": 8, ""11"": 8, ""12"": 8, ""13"": 8}",cached_parquet_balanced_pool,pretrained_transformer,3_epochs_local_cache_maxlen_128
dbpedia_14,8,0.3,symmetric,distilbert_base_uncased,303,112,2800,14,0.32142857142857145,0.3382142857142857,0.2659832449272172,1.6735990047454834,0.3731720447540283,1.215193271636963,3,32,32,64,64,12,44,2109.37,cuda:0,2.5920798579851785,"{""0"": 8, ""1"": 8, ""2"": 8, ""3"": 8, ""4"": 8, ""5"": 8, ""6"": 8, ""7"": 8, ""8"": 8, ""9"": 8, ""10"": 8, ""11"": 8, ""12"": 8, ""13"": 8}",cached_parquet_balanced_pool,pretrained_transformer,3_epochs_local_cache_maxlen_128
dbpedia_14,8,0.3,symmetric,distilbert_base_uncased,404,112,2800,14,0.32142857142857145,0.32321428571428573,0.2799920064655306,1.6476502418518066,0.37000083923339844,1.1898648738861084,3,32,32,64,64,12,44,2109.12,cuda:0,2.5975454449653625,"{""0"": 8, ""1"": 8, ""2"": 8, ""3"": 8, ""4"": 8, ""5"": 8, ""6"": 8, ""7"": 8, ""8"": 8, ""9"": 8, ""10"": 8, ""11"": 8, ""12"": 8, ""13"": 8}",cached_parquet_balanced_pool,pretrained_transformer,3_epochs_local_cache_maxlen_128
dbpedia_14,8,0.3,symmetric,distilbert_base_uncased,505,112,2800,14,0.26785714285714285,0.3464285714285714,0.29619397200044445,1.6673882007598877,0.35269927978515625,1.228611707687378,3,32,32,64,64,12,44,2076.12,cuda:0,2.5916996200879416,"{""0"": 8, ""1"": 8, ""2"": 8, ""3"": 8, ""4"": 8, ""5"": 8, ""6"": 8, ""7"": 8, ""8"": 8, ""9"": 8, ""10"": 8, ""11"": 8, ""12"": 8, ""13"": 8}",cached_parquet_balanced_pool,pretrained_transformer,3_epochs_local_cache_maxlen_128
dbpedia_14,16,0.0,symmetric,distilbert_base_uncased,101,224,2800,14,0.0,0.8492857142857143,0.8459920007173668,2.0272536277770996,0.7041912078857422,1.2330913543701172,3,32,32,64,64,21,44,2110.87,cuda:0,2.5005159150986445,"{""0"": 16, ""1"": 16, ""2"": 16, ""3"": 16, ""4"": 16, ""5"": 16, ""6"": 16, ""7"": 16, ""8"": 16, ""9"": 16, ""10"": 16, ""11"": 16, ""12"": 16, ""13"": 16}",cached_parquet_balanced_pool,pretrained_transformer,3_epochs_local_cache_maxlen_128
dbpedia_14,16,0.0,symmetric,distilbert_base_uncased,202,224,2800,14,0.0,0.7357142857142858,0.7246257657579737,2.028153657913208,0.7156071662902832,1.2266132831573486,3,32,32,64,64,21,44,2109.24,cuda:0,2.4862797373817083,"{""0"": 16, ""1"": 16, ""2"": 16, ""3"": 16, ""4"": 16, ""5"": 16, ""6"": 16, ""7"": 16, ""8"": 16, ""9"": 16, ""10"": 16, ""11"": 16, ""12"": 16, ""13"": 16}",cached_parquet_balanced_pool,pretrained_transformer,3_epochs_local_cache_maxlen_128
dbpedia_14,16,0.0,symmetric,distilbert_base_uncased,303,224,2800,14,0.0,0.7507142857142857,0.7122894998231767,2.031346321105957,0.7155730724334717,1.2266855239868164,3,32,32,64,64,21,44,2109.93,cuda:0,2.5052066644032798,"{""0"": 16, ""1"": 16, ""2"": 16, ""3"": 16, ""4"": 16, ""5"": 16, ""6"": 16, ""7"": 16, ""8"": 16, ""9"": 16, ""10"": 16, ""11"": 16, ""12"": 16, ""13"": 16}",cached_parquet_balanced_pool,pretrained_transformer,3_epochs_local_cache_maxlen_128
dbpedia_14,16,0.0,symmetric,distilbert_base_uncased,404,224,2800,14,0.0,0.7582142857142857,0.7369790686469291,1.9934465885162354,0.7114782333374023,1.193838119506836,3,32,32,64,64,21,44,2108.2,cuda:0,2.477922212509882,"{""0"": 16, ""1"": 16, ""2"": 16, ""3"": 16, ""4"": 16, ""5"": 16, ""6"": 16, ""7"": 16, ""8"": 16, ""9"": 16, ""10"": 16, ""11"": 16, ""12"": 16, ""13"": 16}",cached_parquet_balanced_pool,pretrained_transformer,3_epochs_local_cache_maxlen_128
dbpedia_14,16,0.0,symmetric,distilbert_base_uncased,505,224,2800,14,0.0,0.7989285714285714,0.7848460124571537,1.997798204421997,0.6905889511108398,1.2230470180511475,3,32,32,64,64,21,44,2080.95,cuda:0,2.4421750477382114,"{""0"": 16, ""1"": 16, ""2"": 16, ""3"": 16, ""4"": 16, ""5"": 16, ""6"": 16, ""7"": 16, ""8"": 16, ""9"": 16, ""10"": 16, ""11"": 16, ""12"": 16, ""13"": 16}",cached_parquet_balanced_pool,pretrained_transformer,3_epochs_local_cache_maxlen_128
dbpedia_14,16,0.05,symmetric,distilbert_base_uncased,101,224,2800,14,0.05357142857142857,0.7907142857142857,0.7768353804025449,2.0096347332000732,0.6935985088348389,1.2259435653686523,3,32,32,64,64,21,44,2105.37,cuda:0,2.5114824998946417,"{""0"": 16, ""1"": 16, ""2"": 16, ""3"": 16, ""4"": 16, ""5"": 16, ""6"": 16, ""7"": 16, ""8"": 16, ""9"": 16, ""10"": 16, ""11"": 16, ""12"": 16, ""13"": 16}",cached_parquet_balanced_pool,pretrained_transformer,3_epochs_local_cache_maxlen_128
dbpedia_14,16,0.05,symmetric,distilbert_base_uncased,202,224,2800,14,0.05803571428571429,0.6810714285714285,0.6555298844765727,2.009734869003296,0.6982548236846924,1.2206859588623047,3,32,32,64,64,21,44,2104.24,cuda:0,2.506893305551438,"{""0"": 16, ""1"": 16, ""2"": 16, ""3"": 16, ""4"": 16, ""5"": 16, ""6"": 16, ""7"": 16, ""8"": 16, ""9"": 16, ""10"": 16, ""11"": 16, ""12"": 16, ""13"": 16}",cached_parquet_balanced_pool,pretrained_transformer,3_epochs_local_cache_maxlen_128
dbpedia_14,16,0.05,symmetric,distilbert_base_uncased,303,224,2800,14,0.044642857142857144,0.6778571428571428,0.6199120956668535,2.0415689945220947,0.7203056812286377,1.2325735092163086,3,32,32,64,64,21,44,2104.02,cuda:0,2.529944896697998,"{""0"": 16, ""1"": 16, ""2"": 16, ""3"": 16, ""4"": 16, ""5"": 16, ""6"": 16, ""7"": 16, ""8"": 16, ""9"": 16, ""10"": 16, ""11"": 16, ""12"": 16, ""13"": 16}",cached_parquet_balanced_pool,pretrained_transformer,3_epochs_local_cache_maxlen_128
dbpedia_14,16,0.05,symmetric,distilbert_base_uncased,404,224,2800,14,0.05357142857142857,0.7017857142857142,0.671326422743861,1.9940619468688965,0.7172455787658691,1.1891412734985352,3,32,32,64,64,21,44,2105.71,cuda:0,2.4919092314583913,"{""0"": 16, ""1"": 16, ""2"": 16, ""3"": 16, ""4"": 16, ""5"": 16, ""6"": 16, ""7"": 16, ""8"": 16, ""9"": 16, ""10"": 16, ""11"": 16, ""12"": 16, ""13"": 16}",cached_parquet_balanced_pool,pretrained_transformer,3_epochs_local_cache_maxlen_128
dbpedia_14,16,0.05,symmetric,distilbert_base_uncased,505,224,2800,14,0.044642857142857144,0.8164285714285714,0.8059199667248615,2.0091071128845215,0.6927037239074707,1.2301750183105469,3,32,32,64,64,21,44,2075.9,cuda:0,2.4591121787116643,"{""0"": 16, ""1"": 16, ""2"": 16, ""3"": 16, ""4"": 16, ""5"": 16, ""6"": 16, ""7"": 16, ""8"": 16, ""9"": 16, ""10"": 16, ""11"": 16, ""12"": 16, ""13"": 16}",cached_parquet_balanced_pool,pretrained_transformer,3_epochs_local_cache_maxlen_128
dbpedia_14,16,0.1,symmetric,distilbert_base_uncased,101,224,2800,14,0.14285714285714285,0.6682142857142858,0.6565934532954081,2.0079505443573,0.7011637687683105,1.221418857574463,3,32,32,64,64,21,44,2103.12,cuda:0,2.5315879526592435,"{""0"": 16, ""1"": 16, ""2"": 16, ""3"": 16, ""4"": 16, ""5"": 16, ""6"": 16, ""7"": 16, ""8"": 16, ""9"": 16, ""10"": 16, ""11"": 16, ""12"": 16, ""13"": 16}",cached_parquet_balanced_pool,pretrained_transformer,3_epochs_local_cache_maxlen_128
dbpedia_14,16,0.1,symmetric,distilbert_base_uncased,202,224,2800,14,0.08482142857142858,0.7703571428571429,0.7453510577467785,2.018601655960083,0.7106099128723145,1.2202739715576172,3,32,32,64,64,21,44,2101.99,cuda:0,2.517520722888765,"{""0"": 16, ""1"": 16, ""2"": 16, ""3"": 16, ""4"": 16, ""5"": 16, ""6"": 16, ""7"": 16, ""8"": 16, ""9"": 16, ""10"": 16, ""11"": 16, ""12"": 16, ""13"": 16}",cached_parquet_balanced_pool,pretrained_transformer,3_epochs_local_cache_maxlen_128
dbpedia_14,16,0.1,symmetric,distilbert_base_uncased,303,224,2800,14,0.14732142857142858,0.7528571428571429,0.7125284139266449,2.0240867137908936,0.7166287899017334,1.2199389934539795,3,32,32,64,64,21,44,2100.12,cuda:0,2.541511024747576,"{""0"": 16, ""1"": 16, ""2"": 16, ""3"": 16, ""4"": 16, ""5"": 16, ""6"": 16, ""7"": 16, ""8"": 16, ""9"": 16, ""10"": 16, ""11"": 16, ""12"": 16, ""13"": 16}",cached_parquet_balanced_pool,pretrained_transformer,3_epochs_local_cache_maxlen_128
dbpedia_14,16,0.1,symmetric,distilbert_base_uncased,404,224,2800,14,0.14732142857142858,0.6753571428571429,0.621687343427449,1.9961998462677002,0.7195479869842529,1.190690517425537,3,32,32,64,64,21,44,2103.3,cuda:0,2.5034360204424178,"{""0"": 16, ""1"": 16, ""2"": 16, ""3"": 16, ""4"": 16, ""5"": 16, ""6"": 16, ""7"": 16, ""8"": 16, ""9"": 16, ""10"": 16, ""11"": 16, ""12"": 16, ""13"": 16}",cached_parquet_balanced_pool,pretrained_transformer,3_epochs_local_cache_maxlen_128
dbpedia_14,16,0.1,symmetric,distilbert_base_uncased,505,224,2800,14,0.08035714285714286,0.7510714285714286,0.7282228905336545,2.030393362045288,0.6950759887695312,1.251235008239746,3,32,32,64,64,21,44,2070.48,cuda:0,2.4662955715542747,"{""0"": 16, ""1"": 16, ""2"": 16, ""3"": 16, ""4"": 16, ""5"": 16, ""6"": 16, ""7"": 16, ""8"": 16, ""9"": 16, ""10"": 16, ""11"": 16, ""12"": 16, ""13"": 16}",cached_parquet_balanced_pool,pretrained_transformer,3_epochs_local_cache_maxlen_128
dbpedia_14,16,0.2,symmetric,distilbert_base_uncased,101,224,2800,14,0.20535714285714285,0.6667857142857143,0.6401240153098323,2.050403594970703,0.7153308391571045,1.249056339263916,3,32,32,64,64,21,44,2102.87,cuda:0,2.543186664581299,"{""0"": 16, ""1"": 16, ""2"": 16, ""3"": 16, ""4"": 16, ""5"": 16, ""6"": 16, ""7"": 16, ""8"": 16, ""9"": 16, ""10"": 16, ""11"": 16, ""12"": 16, ""13"": 16}",cached_parquet_balanced_pool,pretrained_transformer,3_epochs_local_cache_maxlen_128
dbpedia_14,16,0.2,symmetric,distilbert_base_uncased,202,224,2800,14,0.19642857142857142,0.6382142857142857,0.593929154734144,2.0424978733062744,0.7144312858581543,1.2361500263214111,3,32,32,64,64,21,44,2100.37,cuda:0,2.528859706152053,"{""0"": 16, ""1"": 16, ""2"": 16, ""3"": 16, ""4"": 16, ""5"": 16, ""6"": 16, ""7"": 16, ""8"": 16, ""9"": 16, ""10"": 16, ""11"": 16, ""12"": 16, ""13"": 16}",cached_parquet_balanced_pool,pretrained_transformer,3_epochs_local_cache_maxlen_128
dbpedia_14,16,0.2,symmetric,distilbert_base_uncased,303,224,2800,14,0.23214285714285715,0.6007142857142858,0.548278862484692,2.0518798828125,0.7199385166168213,1.2455487251281738,3,32,32,64,64,21,44,2099.37,cuda:0,2.549699964977446,"{""0"": 16, ""1"": 16, ""2"": 16, ""3"": 16, ""4"": 16, ""5"": 16, ""6"": 16, ""7"": 16, ""8"": 16, ""9"": 16, ""10"": 16, ""11"": 16, ""12"": 16, ""13"": 16}",cached_parquet_balanced_pool,pretrained_transformer,3_epochs_local_cache_maxlen_128
dbpedia_14,16,0.2,symmetric,distilbert_base_uncased,404,224,2800,14,0.17857142857142858,0.6164285714285714,0.5853216207306788,2.0075724124908447,0.7202210426330566,1.197866439819336,3,32,32,64,64,21,44,2097.02,cuda:0,2.518082777659098,"{""0"": 16, ""1"": 16, ""2"": 16, ""3"": 16, ""4"": 16, ""5"": 16, ""6"": 16, ""7"": 16, ""8"": 16, ""9"": 16, ""10"": 16, ""11"": 16, ""12"": 16, ""13"": 16}",cached_parquet_balanced_pool,pretrained_transformer,3_epochs_local_cache_maxlen_128
dbpedia_14,16,0.2,symmetric,distilbert_base_uncased,505,224,2800,14,0.17857142857142858,0.7,0.6684046854003086,2.0343620777130127,0.701392412185669,1.2448687553405762,3,32,32,64,64,21,44,2071.28,cuda:0,2.5063026519048783,"{""0"": 16, ""1"": 16, ""2"": 16, ""3"": 16, ""4"": 16, ""5"": 16, ""6"": 16, ""7"": 16, ""8"": 16, ""9"": 16, ""10"": 16, ""11"": 16, ""12"": 16, ""13"": 16}",cached_parquet_balanced_pool,pretrained_transformer,3_epochs_local_cache_maxlen_128
dbpedia_14,16,0.3,symmetric,distilbert_base_uncased,101,224,2800,14,0.30357142857142855,0.4875,0.4542431496766827,2.052314043045044,0.7083988189697266,1.2557570934295654,3,32,32,64,64,21,44,2100.62,cuda:0,2.5573612054189048,"{""0"": 16, ""1"": 16, ""2"": 16, ""3"": 16, ""4"": 16, ""5"": 16, ""6"": 16, ""7"": 16, ""8"": 16, ""9"": 16, ""10"": 16, ""11"": 16, ""12"": 16, ""13"": 16}",cached_parquet_balanced_pool,pretrained_transformer,3_epochs_local_cache_maxlen_128
dbpedia_14,16,0.3,symmetric,distilbert_base_uncased,202,224,2800,14,0.2767857142857143,0.6471428571428571,0.6088953776126126,2.024930953979492,0.7048251628875732,1.2336270809173584,3,32,32,64,64,21,44,2098.68,cuda:0,2.554549205870855,"{""0"": 16, ""1"": 16, ""2"": 16, ""3"": 16, ""4"": 16, ""5"": 16, ""6"": 16, ""7"": 16, ""8"": 16, ""9"": 16, ""10"": 16, ""11"": 16, ""12"": 16, ""13"": 16}",cached_parquet_balanced_pool,pretrained_transformer,3_epochs_local_cache_maxlen_128
dbpedia_14,16,0.3,symmetric,distilbert_base_uncased,303,224,2800,14,0.32142857142857145,0.5425,0.473673868146227,2.0380008220672607,0.7166202068328857,1.2330982685089111,3,32,32,64,64,21,44,2095.87,cuda:0,2.5658949670337496,"{""0"": 16, ""1"": 16, ""2"": 16, ""3"": 16, ""4"": 16, ""5"": 16, ""6"": 16, ""7"": 16, ""8"": 16, ""9"": 16, ""10"": 16, ""11"": 16, ""12"": 16, ""13"": 16}",cached_parquet_balanced_pool,pretrained_transformer,3_epochs_local_cache_maxlen_128
dbpedia_14,16,0.3,symmetric,distilbert_base_uncased,404,224,2800,14,0.27232142857142855,0.5807142857142857,0.5208525584352997,2.0010080337524414,0.7116179466247559,1.1986379623413086,3,32,32,64,64,21,44,2099.68,cuda:0,2.542361407052903,"{""0"": 16, ""1"": 16, ""2"": 16, ""3"": 16, ""4"": 16, ""5"": 16, ""6"": 16, ""7"": 16, ""8"": 16, ""9"": 16, ""10"": 16, ""11"": 16, ""12"": 16, ""13"": 16}",cached_parquet_balanced_pool,pretrained_transformer,3_epochs_local_cache_maxlen_128
dbpedia_14,16,0.3,symmetric,distilbert_base_uncased,505,224,2800,14,0.29017857142857145,0.5807142857142857,0.5532698460428419,2.0198583602905273,0.694915771484375,1.2380034923553467,3,32,32,64,64,21,44,2070.64,cuda:0,2.5262232962108793,"{""0"": 16, ""1"": 16, ""2"": 16, ""3"": 16, ""4"": 16, ""5"": 16, ""6"": 16, ""7"": 16, ""8"": 16, ""9"": 16, ""10"": 16, ""11"": 16, ""12"": 16, ""13"": 16}",cached_parquet_balanced_pool,pretrained_transformer,3_epochs_local_cache_maxlen_128
dbpedia_14,64,0.0,symmetric,distilbert_base_uncased,101,896,2800,14,0.0,0.9846428571428572,0.9846582549457351,4.120051622390747,2.8085296154022217,1.2246723175048828,3,32,32,64,64,84,44,2097.12,cuda:0,1.6463273479824974,"{""0"": 64, ""1"": 64, ""2"": 64, ""3"": 64, ""4"": 64, ""5"": 64, ""6"": 64, ""7"": 64, ""8"": 64, ""9"": 64, ""10"": 64, ""11"": 64, ""12"": 64, ""13"": 64}",cached_parquet_balanced_pool,pretrained_transformer,3_epochs_local_cache_maxlen_128
dbpedia_14,64,0.0,symmetric,distilbert_base_uncased,202,896,2800,14,0.0,0.9807142857142858,0.9807388274321712,4.131741285324097,2.8203341960906982,1.2213196754455566,3,32,32,64,64,84,44,2097.45,cuda:0,1.6928947000276475,"{""0"": 64, ""1"": 64, ""2"": 64, ""3"": 64, ""4"": 64, ""5"": 64, ""6"": 64, ""7"": 64, ""8"": 64, ""9"": 64, ""10"": 64, ""11"": 64, ""12"": 64, ""13"": 64}",cached_parquet_balanced_pool,pretrained_transformer,3_epochs_local_cache_maxlen_128
dbpedia_14,64,0.0,symmetric,distilbert_base_uncased,303,896,2800,14,0.0,0.9846428571428572,0.984624654937967,4.094480276107788,2.8089137077331543,1.199946403503418,3,32,32,64,64,84,44,2102.55,cuda:0,1.6574974705775578,"{""0"": 64, ""1"": 64, ""2"": 64, ""3"": 64, ""4"": 64, ""5"": 64, ""6"": 64, ""7"": 64, ""8"": 64, ""9"": 64, ""10"": 64, ""11"": 64, ""12"": 64, ""13"": 64}",cached_parquet_balanced_pool,pretrained_transformer,3_epochs_local_cache_maxlen_128
dbpedia_14,64,0.0,symmetric,distilbert_base_uncased,404,896,2800,14,0.0,0.9807142857142858,0.9807229940709411,4.1121251583099365,2.811894655227661,1.2125370502471924,3,32,32,64,64,84,44,2101.87,cuda:0,1.6706062753995259,"{""0"": 64, ""1"": 64, ""2"": 64, ""3"": 64, ""4"": 64, ""5"": 64, ""6"": 64, ""7"": 64, ""8"": 64, ""9"": 64, ""10"": 64, ""11"": 64, ""12"": 64, ""13"": 64}",cached_parquet_balanced_pool,pretrained_transformer,3_epochs_local_cache_maxlen_128
dbpedia_14,64,0.0,symmetric,distilbert_base_uncased,505,896,2800,14,0.0,0.9825,0.9825437479004498,4.064582586288452,2.7787575721740723,1.196519374847412,3,32,32,64,64,84,44,2098.12,cuda:0,1.6147695531447728,"{""0"": 64, ""1"": 64, ""2"": 64, ""3"": 64, ""4"": 64, ""5"": 64, ""6"": 64, ""7"": 64, ""8"": 64, ""9"": 64, ""10"": 64, ""11"": 64, ""12"": 64, ""13"": 64}",cached_parquet_balanced_pool,pretrained_transformer,3_epochs_local_cache_maxlen_128
dbpedia_14,64,0.05,symmetric,distilbert_base_uncased,101,896,2800,14,0.04575892857142857,0.9839285714285714,0.9839445282002156,4.317006587982178,2.8771793842315674,1.352851390838623,3,32,32,64,64,84,44,2098.62,cuda:0,1.7375858298369817,"{""0"": 64, ""1"": 64, ""2"": 64, ""3"": 64, ""4"": 64, ""5"": 64, ""6"": 64, ""7"": 64, ""8"": 64, ""9"": 64, ""10"": 64, ""11"": 64, ""12"": 64, ""13"": 64}",cached_parquet_balanced_pool,pretrained_transformer,3_epochs_local_cache_maxlen_128
dbpedia_14,64,0.05,symmetric,distilbert_base_uncased,202,896,2800,14,0.05803571428571429,0.9825,0.9825272453719943,4.15156626701355,2.8424878120422363,1.2212584018707275,3,32,32,64,64,84,44,2097.62,cuda:0,1.8068821210236776,"{""0"": 64, ""1"": 64, ""2"": 64, ""3"": 64, ""4"": 64, ""5"": 64, ""6"": 64, ""7"": 64, ""8"": 64, ""9"": 64, ""10"": 64, ""11"": 64, ""12"": 64, ""13"": 64}",cached_parquet_balanced_pool,pretrained_transformer,3_epochs_local_cache_maxlen_128
dbpedia_14,64,0.05,symmetric,distilbert_base_uncased,303,896,2800,14,0.05022321428571429,0.9839285714285714,0.9839000207034176,4.125961542129517,2.8192384243011475,1.221540927886963,3,32,32,64,64,84,44,2103.26,cuda:0,1.74568987034616,"{""0"": 64, ""1"": 64, ""2"": 64, ""3"": 64, ""4"": 64, ""5"": 64, ""6"": 64, ""7"": 64, ""8"": 64, ""9"": 64, ""10"": 64, ""11"": 64, ""12"": 64, ""13"": 64}",cached_parquet_balanced_pool,pretrained_transformer,3_epochs_local_cache_maxlen_128
dbpedia_14,64,0.05,symmetric,distilbert_base_uncased,404,896,2800,14,0.05803571428571429,0.9807142857142858,0.9807167902809641,4.109785318374634,2.8291759490966797,1.192580223083496,3,32,32,64,64,84,44,2100.62,cuda:0,1.7889324121531986,"{""0"": 64, ""1"": 64, ""2"": 64, ""3"": 64, ""4"": 64, ""5"": 64, ""6"": 64, ""7"": 64, ""8"": 64, ""9"": 64, ""10"": 64, ""11"": 64, ""12"": 64, ""13"": 64}",cached_parquet_balanced_pool,pretrained_transformer,3_epochs_local_cache_maxlen_128
dbpedia_14,64,0.05,symmetric,distilbert_base_uncased,505,896,2800,14,0.05133928571428571,0.9825,0.9825487492211041,4.12726354598999,2.8049187660217285,1.235929012298584,3,32,32,64,64,84,44,2100.12,cuda:0,1.706788759146418,"{""0"": 64, ""1"": 64, ""2"": 64, ""3"": 64, ""4"": 64, ""5"": 64, ""6"": 64, ""7"": 64, ""8"": 64, ""9"": 64, ""10"": 64, ""11"": 64, ""12"": 64, ""13"": 64}",cached_parquet_balanced_pool,pretrained_transformer,3_epochs_local_cache_maxlen_128
dbpedia_14,64,0.1,symmetric,distilbert_base_uncased,101,896,2800,14,0.109375,0.9828571428571429,0.9828644737023391,4.10953164100647,2.787957191467285,1.233442783355713,3,32,32,64,64,84,44,2098.07,cuda:0,1.858309697537195,"{""0"": 64, ""1"": 64, ""2"": 64, ""3"": 64, ""4"": 64, ""5"": 64, ""6"": 64, ""7"": 64, ""8"": 64, ""9"": 64, ""10"": 64, ""11"": 64, ""12"": 64, ""13"": 64}",cached_parquet_balanced_pool,pretrained_transformer,3_epochs_local_cache_maxlen_128
dbpedia_14,64,0.1,symmetric,distilbert_base_uncased,202,896,2800,14,0.09263392857142858,0.9785714285714285,0.9785877701469967,4.155461072921753,2.8332087993621826,1.2343523502349854,3,32,32,64,64,84,44,2100.37,cuda:0,1.8558150629202526,"{""0"": 64, ""1"": 64, ""2"": 64, ""3"": 64, ""4"": 64, ""5"": 64, ""6"": 64, ""7"": 64, ""8"": 64, ""9"": 64, ""10"": 64, ""11"": 64, ""12"": 64, ""13"": 64}",cached_parquet_balanced_pool,pretrained_transformer,3_epochs_local_cache_maxlen_128
dbpedia_14,64,0.1,symmetric,distilbert_base_uncased,303,896,2800,14,0.09598214285714286,0.9832142857142857,0.9831622400989845,4.139524459838867,2.823650360107422,1.225468635559082,3,32,32,64,64,84,44,2103.24,cuda:0,1.8294302785680407,"{""0"": 64, ""1"": 64, ""2"": 64, ""3"": 64, ""4"": 64, ""5"": 64, ""6"": 64, ""7"": 64, ""8"": 64, ""9"": 64, ""10"": 64, ""11"": 64, ""12"": 64, ""13"": 64}",cached_parquet_balanced_pool,pretrained_transformer,3_epochs_local_cache_maxlen_128
dbpedia_14,64,0.1,symmetric,distilbert_base_uncased,404,896,2800,14,0.11607142857142858,0.9803571428571428,0.9803595843103048,4.142116546630859,2.8568027019500732,1.1961088180541992,3,32,32,64,64,84,44,2099.95,cuda:0,1.8879328242370061,"{""0"": 64, ""1"": 64, ""2"": 64, ""3"": 64, ""4"": 64, ""5"": 64, ""6"": 64, ""7"": 64, ""8"": 64, ""9"": 64, ""10"": 64, ""11"": 64, ""12"": 64, ""13"": 64}",cached_parquet_balanced_pool,pretrained_transformer,3_epochs_local_cache_maxlen_128
dbpedia_14,64,0.1,symmetric,distilbert_base_uncased,505,896,2800,14,0.09375,0.9796428571428571,0.979715863152518,4.150546073913574,2.8166635036468506,1.2457115650177002,3,32,32,64,64,84,44,2099.87,cuda:0,1.8046212707247054,"{""0"": 64, ""1"": 64, ""2"": 64, ""3"": 64, ""4"": 64, ""5"": 64, ""6"": 64, ""7"": 64, ""8"": 64, ""9"": 64, ""10"": 64, ""11"": 64, ""12"": 64, ""13"": 64}",cached_parquet_balanced_pool,pretrained_transformer,3_epochs_local_cache_maxlen_128
dbpedia_14,64,0.2,symmetric,distilbert_base_uncased,101,896,2800,14,0.19308035714285715,0.9810714285714286,0.9810822936756349,4.1407201290130615,2.813436269760132,1.2358686923980713,3,32,32,64,64,84,44,2100.82,cuda:0,2.003294442381178,"{""0"": 64, ""1"": 64, ""2"": 64, ""3"": 64, ""4"": 64, ""5"": 64, ""6"": 64, ""7"": 64, ""8"": 64, ""9"": 64, ""10"": 64, ""11"": 64, ""12"": 64, ""13"": 64}",cached_parquet_balanced_pool,pretrained_transformer,3_epochs_local_cache_maxlen_128
dbpedia_14,64,0.2,symmetric,distilbert_base_uncased,202,896,2800,14,0.203125,0.9796428571428571,0.9796414113793513,4.161476135253906,2.8283793926239014,1.241746425628662,3,32,32,64,64,84,44,2101.37,cuda:0,2.036185772646041,"{""0"": 64, ""1"": 64, ""2"": 64, ""3"": 64, ""4"": 64, ""5"": 64, ""6"": 64, ""7"": 64, ""8"": 64, ""9"": 64, ""10"": 64, ""11"": 64, ""12"": 64, ""13"": 64}",cached_parquet_balanced_pool,pretrained_transformer,3_epochs_local_cache_maxlen_128
dbpedia_14,64,0.2,symmetric,distilbert_base_uncased,303,896,2800,14,0.19642857142857142,0.9853571428571428,0.9853464211825008,4.143513917922974,2.816711187362671,1.2388343811035156,3,32,32,64,64,84,44,2105.54,cuda:0,2.012939995243436,"{""0"": 64, ""1"": 64, ""2"": 64, ""3"": 64, ""4"": 64, ""5"": 64, ""6"": 64, ""7"": 64, ""8"": 64, ""9"": 64, ""10"": 64, ""11"": 64, ""12"": 64, ""13"": 64}",cached_parquet_balanced_pool,pretrained_transformer,3_epochs_local_cache_maxlen_128
dbpedia_14,64,0.2,symmetric,distilbert_base_uncased,404,896,2800,14,0.20535714285714285,0.9785714285714285,0.978610694844598,4.222487688064575,2.9156956672668457,1.2209136486053467,3,32,32,64,64,84,44,2098.62,cuda:0,2.043160170316696,"{""0"": 64, ""1"": 64, ""2"": 64, ""3"": 64, ""4"": 64, ""5"": 64, ""6"": 64, ""7"": 64, ""8"": 64, ""9"": 64, ""10"": 64, ""11"": 64, ""12"": 64, ""13"": 64}",cached_parquet_balanced_pool,pretrained_transformer,3_epochs_local_cache_maxlen_128
dbpedia_14,64,0.2,symmetric,distilbert_base_uncased,505,896,2800,14,0.21540178571428573,0.9821428571428571,0.9821919366413878,4.228251934051514,2.8749234676361084,1.2581655979156494,3,32,32,64,64,84,44,2100.7,cuda:0,2.0072093166056133,"{""0"": 64, ""1"": 64, ""2"": 64, ""3"": 64, ""4"": 64, ""5"": 64, ""6"": 64, ""7"": 64, ""8"": 64, ""9"": 64, ""10"": 64, ""11"": 64, ""12"": 64, ""13"": 64}",cached_parquet_balanced_pool,pretrained_transformer,3_epochs_local_cache_maxlen_128
dbpedia_14,64,0.3,symmetric,distilbert_base_uncased,101,896,2800,14,0.28348214285714285,0.98,0.9799765301944859,4.183082818984985,2.843088150024414,1.2532098293304443,3,32,32,64,64,84,44,2097.22,cuda:0,2.1583735531284693,"{""0"": 64, ""1"": 64, ""2"": 64, ""3"": 64, ""4"": 64, ""5"": 64, ""6"": 64, ""7"": 64, ""8"": 64, ""9"": 64, ""10"": 64, ""11"": 64, ""12"": 64, ""13"": 64}",cached_parquet_balanced_pool,pretrained_transformer,3_epochs_local_cache_maxlen_128
dbpedia_14,64,0.3,symmetric,distilbert_base_uncased,202,896,2800,14,0.30245535714285715,0.9775,0.9775092563197884,4.186550140380859,2.8583061695098877,1.2389428615570068,3,32,32,64,64,84,44,2098.62,cuda:0,2.194220637991315,"{""0"": 64, ""1"": 64, ""2"": 64, ""3"": 64, ""4"": 64, ""5"": 64, ""6"": 64, ""7"": 64, ""8"": 64, ""9"": 64, ""10"": 64, ""11"": 64, ""12"": 64, ""13"": 64}",cached_parquet_balanced_pool,pretrained_transformer,3_epochs_local_cache_maxlen_128
dbpedia_14,64,0.3,symmetric,distilbert_base_uncased,303,896,2800,14,0.3080357142857143,0.9782142857142857,0.9781019475435871,4.138272762298584,2.8218626976013184,1.2286558151245117,3,32,32,64,64,84,44,2102.37,cuda:0,2.1742013139384135,"{""0"": 64, ""1"": 64, ""2"": 64, ""3"": 64, ""4"": 64, ""5"": 64, ""6"": 64, ""7"": 64, ""8"": 64, ""9"": 64, ""10"": 64, ""11"": 64, ""12"": 64, ""13"": 64}",cached_parquet_balanced_pool,pretrained_transformer,3_epochs_local_cache_maxlen_128
dbpedia_14,64,0.3,symmetric,distilbert_base_uncased,404,896,2800,14,0.28683035714285715,0.9817857142857143,0.9817639504260639,4.125863075256348,2.862541913986206,1.1774895191192627,3,32,32,64,64,84,44,2100.95,cuda:0,2.1692058330490473,"{""0"": 64, ""1"": 64, ""2"": 64, ""3"": 64, ""4"": 64, ""5"": 64, ""6"": 64, ""7"": 64, ""8"": 64, ""9"": 64, ""10"": 64, ""11"": 64, ""12"": 64, ""13"": 64}",cached_parquet_balanced_pool,pretrained_transformer,3_epochs_local_cache_maxlen_128
dbpedia_14,64,0.3,symmetric,distilbert_base_uncased,505,896,2800,14,0.31361607142857145,0.9771428571428571,0.977250425234594,4.082414388656616,2.783285140991211,1.2147138118743896,3,32,32,64,64,84,44,2098.12,cuda:0,2.1645497381687164,"{""0"": 64, ""1"": 64, ""2"": 64, ""3"": 64, ""4"": 64, ""5"": 64, ""6"": 64, ""7"": 64, ""8"": 64, ""9"": 64, ""10"": 64, ""11"": 64, ""12"": 64, ""13"": 64}",cached_parquet_balanced_pool,pretrained_transformer,3_epochs_local_cache_maxlen_128
dbpedia_14,128,0.0,symmetric,distilbert_base_uncased,101,1792,2800,14,0.0,0.9857142857142858,0.985726484806648,6.861319541931152,5.537665367126465,1.2369534969329834,3,32,32,64,64,168,44,2098.71,cuda:0,0.9855003292184501,"{""0"": 128, ""1"": 128, ""2"": 128, ""3"": 128, ""4"": 128, ""5"": 128, ""6"": 128, ""7"": 128, ""8"": 128, ""9"": 128, ""10"": 128, ""11"": 128, ""12"": 128, ""13"": 128}",cached_parquet_balanced_pool,pretrained_transformer,3_epochs_local_cache_maxlen_128
dbpedia_14,128,0.0,symmetric,distilbert_base_uncased,202,1792,2800,14,0.0,0.9825,0.982498480688544,7.020239591598511,5.698371410369873,1.2271084785461426,3,32,32,64,64,168,44,2097.87,cuda:0,1.0219506846652144,"{""0"": 128, ""1"": 128, ""2"": 128, ""3"": 128, ""4"": 128, ""5"": 128, ""6"": 128, ""7"": 128, ""8"": 128, ""9"": 128, ""10"": 128, ""11"": 128, ""12"": 128, ""13"": 128}",cached_parquet_balanced_pool,pretrained_transformer,3_epochs_local_cache_maxlen_128
dbpedia_14,128,0.0,symmetric,distilbert_base_uncased,303,1792,2800,14,0.0,0.9835714285714285,0.9836027063395638,7.0570056438446045,5.732770204544067,1.2355239391326904,3,32,32,64,64,168,44,2098.92,cuda:0,0.9996581879400072,"{""0"": 128, ""1"": 128, ""2"": 128, ""3"": 128, ""4"": 128, ""5"": 128, ""6"": 128, ""7"": 128, ""8"": 128, ""9"": 128, ""10"": 128, ""11"": 128, ""12"": 128, ""13"": 128}",cached_parquet_balanced_pool,pretrained_transformer,3_epochs_local_cache_maxlen_128
dbpedia_14,128,0.0,symmetric,distilbert_base_uncased,404,1792,2800,14,0.0,0.9846428571428572,0.9846472110621208,6.982809066772461,5.704704284667969,1.1903355121612549,3,32,32,64,64,168,44,2100.62,cuda:0,0.9925135961245923,"{""0"": 128, ""1"": 128, ""2"": 128, ""3"": 128, ""4"": 128, ""5"": 128, ""6"": 128, ""7"": 128, ""8"": 128, ""9"": 128, ""10"": 128, ""11"": 128, ""12"": 128, ""13"": 128}",cached_parquet_balanced_pool,pretrained_transformer,3_epochs_local_cache_maxlen_128
dbpedia_14,128,0.0,symmetric,distilbert_base_uncased,505,1792,2800,14,0.0,0.9864285714285714,0.9864506264301408,6.948301076889038,5.617182970046997,1.2421774864196777,3,32,32,64,64,168,44,2108.93,cuda:0,0.9569621911006314,"{""0"": 128, ""1"": 128, ""2"": 128, ""3"": 128, ""4"": 128, ""5"": 128, ""6"": 128, ""7"": 128, ""8"": 128, ""9"": 128, ""10"": 128, ""11"": 128, ""12"": 128, ""13"": 128}",cached_parquet_balanced_pool,pretrained_transformer,3_epochs_local_cache_maxlen_128
dbpedia_14,128,0.05,symmetric,distilbert_base_uncased,101,1792,2800,14,0.048549107142857144,0.9846428571428572,0.9846457635842086,7.001779079437256,5.62259578704834,1.293452501296997,3,32,32,64,64,168,44,2103.62,cuda:0,1.1423877797843445,"{""0"": 128, ""1"": 128, ""2"": 128, ""3"": 128, ""4"": 128, ""5"": 128, ""6"": 128, ""7"": 128, ""8"": 128, ""9"": 128, ""10"": 128, ""11"": 128, ""12"": 128, ""13"": 128}",cached_parquet_balanced_pool,pretrained_transformer,3_epochs_local_cache_maxlen_128
dbpedia_14,128,0.05,symmetric,distilbert_base_uncased,202,1792,2800,14,0.056919642857142856,0.9821428571428571,0.9821481396835957,6.981477737426758,5.671777009963989,1.2218561172485352,3,32,32,64,64,168,44,2104.68,cuda:0,1.1996728775224514,"{""0"": 128, ""1"": 128, ""2"": 128, ""3"": 128, ""4"": 128, ""5"": 128, ""6"": 128, ""7"": 128, ""8"": 128, ""9"": 128, ""10"": 128, ""11"": 128, ""12"": 128, ""13"": 128}",cached_parquet_balanced_pool,pretrained_transformer,3_epochs_local_cache_maxlen_128
dbpedia_14,128,0.05,symmetric,distilbert_base_uncased,303,1792,2800,14,0.04966517857142857,0.9803571428571428,0.9803969926134729,7.070305109024048,5.739085912704468,1.2423672676086426,3,32,32,64,64,168,44,2101.92,cuda:0,1.1577634942673503,"{""0"": 128, ""1"": 128, ""2"": 128, ""3"": 128, ""4"": 128, ""5"": 128, ""6"": 128, ""7"": 128, ""8"": 128, ""9"": 128, ""10"": 128, ""11"": 128, ""12"": 128, ""13"": 128}",cached_parquet_balanced_pool,pretrained_transformer,3_epochs_local_cache_maxlen_128
dbpedia_14,128,0.05,symmetric,distilbert_base_uncased,404,1792,2800,14,0.05412946428571429,0.9817857142857143,0.9817896954791714,6.997400283813477,5.705148220062256,1.2060728073120117,3,32,32,64,64,168,44,2102.68,cuda:0,1.1627107184557688,"{""0"": 128, ""1"": 128, ""2"": 128, ""3"": 128, ""4"": 128, ""5"": 128, ""6"": 128, ""7"": 128, ""8"": 128, ""9"": 128, ""10"": 128, ""11"": 128, ""12"": 128, ""13"": 128}",cached_parquet_balanced_pool,pretrained_transformer,3_epochs_local_cache_maxlen_128
dbpedia_14,128,0.05,symmetric,distilbert_base_uncased,505,1792,2800,14,0.05189732142857143,0.9864285714285714,0.9864595323458893,6.979923725128174,5.654133319854736,1.2374684810638428,3,32,32,64,64,168,44,2109.27,cuda:0,1.122481076401614,"{""0"": 128, ""1"": 128, ""2"": 128, ""3"": 128, ""4"": 128, ""5"": 128, ""6"": 128, ""7"": 128, ""8"": 128, ""9"": 128, ""10"": 128, ""11"": 128, ""12"": 128, ""13"": 128}",cached_parquet_balanced_pool,pretrained_transformer,3_epochs_local_cache_maxlen_128
dbpedia_14,128,0.1,symmetric,distilbert_base_uncased,101,1792,2800,14,0.10435267857142858,0.985,0.9850203258702851,6.988799333572388,5.661569595336914,1.2391362190246582,3,32,32,64,64,168,44,2101.68,cuda:0,1.3036170137070475,"{""0"": 128, ""1"": 128, ""2"": 128, ""3"": 128, ""4"": 128, ""5"": 128, ""6"": 128, ""7"": 128, ""8"": 128, ""9"": 128, ""10"": 128, ""11"": 128, ""12"": 128, ""13"": 128}",cached_parquet_balanced_pool,pretrained_transformer,3_epochs_local_cache_maxlen_128
dbpedia_14,128,0.1,symmetric,distilbert_base_uncased,202,1792,2800,14,0.09988839285714286,0.9803571428571428,0.9803585902893104,7.329682350158691,6.0383522510528564,1.2039191722869873,3,32,32,64,64,168,44,2101.68,cuda:0,1.3209060471327532,"{""0"": 128, ""1"": 128, ""2"": 128, ""3"": 128, ""4"": 128, ""5"": 128, ""6"": 128, ""7"": 128, ""8"": 128, ""9"": 128, ""10"": 128, ""11"": 128, ""12"": 128, ""13"": 128}",cached_parquet_balanced_pool,pretrained_transformer,3_epochs_local_cache_maxlen_128
dbpedia_14,128,0.1,symmetric,distilbert_base_uncased,303,1792,2800,14,0.09486607142857142,0.9842857142857143,0.9842980846395836,6.842599630355835,5.567096948623657,1.186274766921997,3,32,32,64,64,168,44,2099.23,cuda:0,1.2837658936069125,"{""0"": 128, ""1"": 128, ""2"": 128, ""3"": 128, ""4"": 128, ""5"": 128, ""6"": 128, ""7"": 128, ""8"": 128, ""9"": 128, ""10"": 128, ""11"": 128, ""12"": 128, ""13"": 128}",cached_parquet_balanced_pool,pretrained_transformer,3_epochs_local_cache_maxlen_128
dbpedia_14,128,0.1,symmetric,distilbert_base_uncased,404,1792,2800,14,0.10825892857142858,0.9853571428571428,0.9853665805375872,7.308634042739868,5.448541164398193,1.770076036453247,3,32,32,64,64,168,44,2099.3,cuda:0,1.3286902640192282,"{""0"": 128, ""1"": 128, ""2"": 128, ""3"": 128, ""4"": 128, ""5"": 128, ""6"": 128, ""7"": 128, ""8"": 128, ""9"": 128, ""10"": 128, ""11"": 128, ""12"": 128, ""13"": 128}",cached_parquet_balanced_pool,pretrained_transformer,3_epochs_local_cache_maxlen_128
dbpedia_14,128,0.1,symmetric,distilbert_base_uncased,505,1792,2800,14,0.09988839285714286,0.9857142857142858,0.9857311210236273,7.59917950630188,5.7971367835998535,1.591238260269165,3,32,32,64,64,168,44,2104.55,cuda:0,1.2703611621899265,"{""0"": 128, ""1"": 128, ""2"": 128, ""3"": 128, ""4"": 128, ""5"": 128, ""6"": 128, ""7"": 128, ""8"": 128, ""9"": 128, ""10"": 128, ""11"": 128, ""12"": 128, ""13"": 128}",cached_parquet_balanced_pool,pretrained_transformer,3_epochs_local_cache_maxlen_128
dbpedia_14,128,0.2,symmetric,distilbert_base_uncased,101,1792,2800,14,0.19363839285714285,0.9828571428571429,0.982894449926252,7.092281103134155,5.737571954727173,1.2633147239685059,3,32,32,64,64,168,44,2096.45,cuda:0,1.5513809509575367,"{""0"": 128, ""1"": 128, ""2"": 128, ""3"": 128, ""4"": 128, ""5"": 128, ""6"": 128, ""7"": 128, ""8"": 128, ""9"": 128, ""10"": 128, ""11"": 128, ""12"": 128, ""13"": 128}",cached_parquet_balanced_pool,pretrained_transformer,3_epochs_local_cache_maxlen_128
dbpedia_14,128,0.2,symmetric,distilbert_base_uncased,202,1792,2800,14,0.19308035714285715,0.9792857142857143,0.9793049513382763,7.040098667144775,5.696160793304443,1.2434170246124268,3,32,32,64,64,168,44,2099.01,cuda:0,1.5769668888478052,"{""0"": 128, ""1"": 128, ""2"": 128, ""3"": 128, ""4"": 128, ""5"": 128, ""6"": 128, ""7"": 128, ""8"": 128, ""9"": 128, ""10"": 128, ""11"": 128, ""12"": 128, ""13"": 128}",cached_parquet_balanced_pool,pretrained_transformer,3_epochs_local_cache_maxlen_128
dbpedia_14,128,0.2,symmetric,distilbert_base_uncased,303,1792,2800,14,0.20535714285714285,0.985,0.9850248585789784,7.113793611526489,5.792280673980713,1.236015796661377,3,32,32,64,64,168,44,2097.2,cuda:0,1.5952069830326807,"{""0"": 128, ""1"": 128, ""2"": 128, ""3"": 128, ""4"": 128, ""5"": 128, ""6"": 128, ""7"": 128, ""8"": 128, ""9"": 128, ""10"": 128, ""11"": 128, ""12"": 128, ""13"": 128}",cached_parquet_balanced_pool,pretrained_transformer,3_epochs_local_cache_maxlen_128
dbpedia_14,128,0.2,symmetric,distilbert_base_uncased,404,1792,2800,14,0.203125,0.9839285714285714,0.9839349489137396,6.972433805465698,5.686378479003906,1.2006278038024902,3,32,32,64,64,168,44,2096.27,cuda:0,1.5861935434596879,"{""0"": 128, ""1"": 128, ""2"": 128, ""3"": 128, ""4"": 128, ""5"": 128, ""6"": 128, ""7"": 128, ""8"": 128, ""9"": 128, ""10"": 128, ""11"": 128, ""12"": 128, ""13"": 128}",cached_parquet_balanced_pool,pretrained_transformer,3_epochs_local_cache_maxlen_128
dbpedia_14,128,0.2,symmetric,distilbert_base_uncased,505,1792,2800,14,0.21037946428571427,0.9825,0.9825478773999327,6.969507932662964,5.637315273284912,1.2448549270629883,3,32,32,64,64,168,44,2103.38,cuda:0,1.582116612011478,"{""0"": 128, ""1"": 128, ""2"": 128, ""3"": 128, ""4"": 128, ""5"": 128, ""6"": 128, ""7"": 128, ""8"": 128, ""9"": 128, ""10"": 128, ""11"": 128, ""12"": 128, ""13"": 128}",cached_parquet_balanced_pool,pretrained_transformer,3_epochs_local_cache_maxlen_128
dbpedia_14,128,0.3,symmetric,distilbert_base_uncased,202,1792,2800,14,0.28683035714285715,0.9796428571428571,0.9797771073464924,6.981489419937134,5.6535890102386475,1.2390437126159668,3,32,32,64,64,168,44,2101.68,cuda:0,1.813118831387588,"{""0"": 128, ""1"": 128, ""2"": 128, ""3"": 128, ""4"": 128, ""5"": 128, ""6"": 128, ""7"": 128, ""8"": 128, ""9"": 128, ""10"": 128, ""11"": 128, ""12"": 128, ""13"": 128}",cached_parquet_balanced_pool,pretrained_transformer,3_epochs_local_cache_maxlen_128
dbpedia_14,128,0.3,symmetric,distilbert_base_uncased,303,1792,2800,14,0.30245535714285715,0.9867857142857143,0.986797776377071,7.04886269569397,5.735355615615845,1.2278153896331787,3,32,32,64,64,168,44,2099.7,cuda:0,1.826710781525998,"{""0"": 128, ""1"": 128, ""2"": 128, ""3"": 128, ""4"": 128, ""5"": 128, ""6"": 128, ""7"": 128, ""8"": 128, ""9"": 128, ""10"": 128, ""11"": 128, ""12"": 128, ""13"": 128}",cached_parquet_balanced_pool,pretrained_transformer,3_epochs_local_cache_maxlen_128
dbpedia_14,128,0.3,symmetric,distilbert_base_uncased,404,1792,2800,14,0.28404017857142855,0.9810714285714286,0.9811091190365541,6.989851713180542,5.696992874145508,1.2041199207305908,3,32,32,64,64,168,44,2095.9,cuda:0,1.782459637238866,"{""0"": 128, ""1"": 128, ""2"": 128, ""3"": 128, ""4"": 128, ""5"": 128, ""6"": 128, ""7"": 128, ""8"": 128, ""9"": 128, ""10"": 128, ""11"": 128, ""12"": 128, ""13"": 128}",cached_parquet_balanced_pool,pretrained_transformer,3_epochs_local_cache_maxlen_128
dbpedia_14,128,0.3,symmetric,distilbert_base_uncased,505,1792,2800,14,0.31361607142857145,0.9821428571428571,0.982188343073088,7.109219074249268,5.727631330490112,1.2839806079864502,3,32,32,64,64,168,44,2103.87,cuda:0,1.8302354656514668,"{""0"": 128, ""1"": 128, ""2"": 128, ""3"": 128, ""4"": 128, ""5"": 128, ""6"": 128, ""7"": 128, ""8"": 128, ""9"": 128, ""10"": 128, ""11"": 128, ""12"": 128, ""13"": 128}",cached_parquet_balanced_pool,pretrained_transformer,3_epochs_local_cache_maxlen_128
