dataset,budget_per_class,noise_rate,noise_type,method,seed,n_train,n_test,num_classes,actual_noise_fraction,accuracy,macro_f1,runtime_seconds,train_counts,source_kind,method_family,fit_notes
dbpedia_14,8,0.0,symmetric,softmax_logreg,101,112,2800,14,0.0,0.7703571428571429,0.7657329984276966,0.1186366081237793,"{""0"": 8, ""1"": 8, ""2"": 8, ""3"": 8, ""4"": 8, ""5"": 8, ""6"": 8, ""7"": 8, ""8"": 8, ""9"": 8, ""10"": 8, ""11"": 8, ""12"": 8, ""13"": 8}",cached_parquet_balanced_pool,linear_probabilistic,
dbpedia_14,8,0.0,symmetric,softmax_logreg,202,112,2800,14,0.0,0.7971428571428572,0.7917890728300454,0.13535141944885254,"{""0"": 8, ""1"": 8, ""2"": 8, ""3"": 8, ""4"": 8, ""5"": 8, ""6"": 8, ""7"": 8, ""8"": 8, ""9"": 8, ""10"": 8, ""11"": 8, ""12"": 8, ""13"": 8}",cached_parquet_balanced_pool,linear_probabilistic,
dbpedia_14,8,0.0,symmetric,softmax_logreg,303,112,2800,14,0.0,0.7853571428571429,0.7847199514136207,0.12897109985351562,"{""0"": 8, ""1"": 8, ""2"": 8, ""3"": 8, ""4"": 8, ""5"": 8, ""6"": 8, ""7"": 8, ""8"": 8, ""9"": 8, ""10"": 8, ""11"": 8, ""12"": 8, ""13"": 8}",cached_parquet_balanced_pool,linear_probabilistic,
dbpedia_14,8,0.0,symmetric,softmax_logreg,404,112,2800,14,0.0,0.7742857142857142,0.7672263670573004,0.1551380157470703,"{""0"": 8, ""1"": 8, ""2"": 8, ""3"": 8, ""4"": 8, ""5"": 8, ""6"": 8, ""7"": 8, ""8"": 8, ""9"": 8, ""10"": 8, ""11"": 8, ""12"": 8, ""13"": 8}",cached_parquet_balanced_pool,linear_probabilistic,
dbpedia_14,8,0.0,symmetric,softmax_logreg,505,112,2800,14,0.0,0.7792857142857142,0.7764940697594099,0.144150972366333,"{""0"": 8, ""1"": 8, ""2"": 8, ""3"": 8, ""4"": 8, ""5"": 8, ""6"": 8, ""7"": 8, ""8"": 8, ""9"": 8, ""10"": 8, ""11"": 8, ""12"": 8, ""13"": 8}",cached_parquet_balanced_pool,linear_probabilistic,
dbpedia_14,8,0.0,symmetric,multinomial_nb,101,112,2800,14,0.0,0.7703571428571429,0.7647893622291171,0.08195972442626953,"{""0"": 8, ""1"": 8, ""2"": 8, ""3"": 8, ""4"": 8, ""5"": 8, ""6"": 8, ""7"": 8, ""8"": 8, ""9"": 8, ""10"": 8, ""11"": 8, ""12"": 8, ""13"": 8}",cached_parquet_balanced_pool,generative_nb,
dbpedia_14,8,0.0,symmetric,multinomial_nb,202,112,2800,14,0.0,0.7671428571428571,0.7604569041213202,0.08298969268798828,"{""0"": 8, ""1"": 8, ""2"": 8, ""3"": 8, ""4"": 8, ""5"": 8, ""6"": 8, ""7"": 8, ""8"": 8, ""9"": 8, ""10"": 8, ""11"": 8, ""12"": 8, ""13"": 8}",cached_parquet_balanced_pool,generative_nb,
dbpedia_14,8,0.0,symmetric,multinomial_nb,303,112,2800,14,0.0,0.7875,0.7825688740100424,0.08474540710449219,"{""0"": 8, ""1"": 8, ""2"": 8, ""3"": 8, ""4"": 8, ""5"": 8, ""6"": 8, ""7"": 8, ""8"": 8, ""9"": 8, ""10"": 8, ""11"": 8, ""12"": 8, ""13"": 8}",cached_parquet_balanced_pool,generative_nb,
dbpedia_14,8,0.0,symmetric,multinomial_nb,404,112,2800,14,0.0,0.7535714285714286,0.7418724924324696,0.08173179626464844,"{""0"": 8, ""1"": 8, ""2"": 8, ""3"": 8, ""4"": 8, ""5"": 8, ""6"": 8, ""7"": 8, ""8"": 8, ""9"": 8, ""10"": 8, ""11"": 8, ""12"": 8, ""13"": 8}",cached_parquet_balanced_pool,generative_nb,
dbpedia_14,8,0.0,symmetric,multinomial_nb,505,112,2800,14,0.0,0.7639285714285714,0.7585629606980172,0.08554482460021973,"{""0"": 8, ""1"": 8, ""2"": 8, ""3"": 8, ""4"": 8, ""5"": 8, ""6"": 8, ""7"": 8, ""8"": 8, ""9"": 8, ""10"": 8, ""11"": 8, ""12"": 8, ""13"": 8}",cached_parquet_balanced_pool,generative_nb,
dbpedia_14,8,0.0,symmetric,linear_svm_hinge,101,112,2800,14,0.0,0.4925,0.4614113673160403,0.24112796783447266,"{""0"": 8, ""1"": 8, ""2"": 8, ""3"": 8, ""4"": 8, ""5"": 8, ""6"": 8, ""7"": 8, ""8"": 8, ""9"": 8, ""10"": 8, ""11"": 8, ""12"": 8, ""13"": 8}",cached_parquet_balanced_pool,linear_margin,
dbpedia_14,8,0.0,symmetric,linear_svm_hinge,202,112,2800,14,0.0,0.48464285714285715,0.4846068561874538,0.2168254852294922,"{""0"": 8, ""1"": 8, ""2"": 8, ""3"": 8, ""4"": 8, ""5"": 8, ""6"": 8, ""7"": 8, ""8"": 8, ""9"": 8, ""10"": 8, ""11"": 8, ""12"": 8, ""13"": 8}",cached_parquet_balanced_pool,linear_margin,
dbpedia_14,8,0.0,symmetric,linear_svm_hinge,303,112,2800,14,0.0,0.43607142857142855,0.4289334492793056,0.21450257301330566,"{""0"": 8, ""1"": 8, ""2"": 8, ""3"": 8, ""4"": 8, ""5"": 8, ""6"": 8, ""7"": 8, ""8"": 8, ""9"": 8, ""10"": 8, ""11"": 8, ""12"": 8, ""13"": 8}",cached_parquet_balanced_pool,linear_margin,
dbpedia_14,8,0.0,symmetric,linear_svm_hinge,404,112,2800,14,0.0,0.42142857142857143,0.3425799152422786,0.19425272941589355,"{""0"": 8, ""1"": 8, ""2"": 8, ""3"": 8, ""4"": 8, ""5"": 8, ""6"": 8, ""7"": 8, ""8"": 8, ""9"": 8, ""10"": 8, ""11"": 8, ""12"": 8, ""13"": 8}",cached_parquet_balanced_pool,linear_margin,
dbpedia_14,8,0.0,symmetric,linear_svm_hinge,505,112,2800,14,0.0,0.5125,0.472523860439818,0.22012996673583984,"{""0"": 8, ""1"": 8, ""2"": 8, ""3"": 8, ""4"": 8, ""5"": 8, ""6"": 8, ""7"": 8, ""8"": 8, ""9"": 8, ""10"": 8, ""11"": 8, ""12"": 8, ""13"": 8}",cached_parquet_balanced_pool,linear_margin,
dbpedia_14,8,0.0,symmetric,trimmed_softmax_logreg,101,112,2800,14,0.0,0.6578571428571428,0.6111859992641284,0.14893031120300293,"{""0"": 8, ""1"": 8, ""2"": 8, ""3"": 8, ""4"": 8, ""5"": 8, ""6"": 8, ""7"": 8, ""8"": 8, ""9"": 8, ""10"": 8, ""11"": 8, ""12"": 8, ""13"": 8}",cached_parquet_balanced_pool,bounded_robust_variant,kept_fraction=0.8036
dbpedia_14,8,0.0,symmetric,trimmed_softmax_logreg,202,112,2800,14,0.0,0.6828571428571428,0.655544210437669,0.14919209480285645,"{""0"": 8, ""1"": 8, ""2"": 8, ""3"": 8, ""4"": 8, ""5"": 8, ""6"": 8, ""7"": 8, ""8"": 8, ""9"": 8, ""10"": 8, ""11"": 8, ""12"": 8, ""13"": 8}",cached_parquet_balanced_pool,bounded_robust_variant,kept_fraction=0.8036
dbpedia_14,8,0.0,symmetric,trimmed_softmax_logreg,303,112,2800,14,0.0,0.6321428571428571,0.5723507615136673,0.13183307647705078,"{""0"": 8, ""1"": 8, ""2"": 8, ""3"": 8, ""4"": 8, ""5"": 8, ""6"": 8, ""7"": 8, ""8"": 8, ""9"": 8, ""10"": 8, ""11"": 8, ""12"": 8, ""13"": 8}",cached_parquet_balanced_pool,bounded_robust_variant,kept_fraction=0.8036
dbpedia_14,8,0.0,symmetric,trimmed_softmax_logreg,404,112,2800,14,0.0,0.6489285714285714,0.5969344167801278,0.1511690616607666,"{""0"": 8, ""1"": 8, ""2"": 8, ""3"": 8, ""4"": 8, ""5"": 8, ""6"": 8, ""7"": 8, ""8"": 8, ""9"": 8, ""10"": 8, ""11"": 8, ""12"": 8, ""13"": 8}",cached_parquet_balanced_pool,bounded_robust_variant,kept_fraction=0.8036
dbpedia_14,8,0.0,symmetric,trimmed_softmax_logreg,505,112,2800,14,0.0,0.6764285714285714,0.6425929888584069,0.1402742862701416,"{""0"": 8, ""1"": 8, ""2"": 8, ""3"": 8, ""4"": 8, ""5"": 8, ""6"": 8, ""7"": 8, ""8"": 8, ""9"": 8, ""10"": 8, ""11"": 8, ""12"": 8, ""13"": 8}",cached_parquet_balanced_pool,bounded_robust_variant,kept_fraction=0.8125
dbpedia_14,8,0.0,class_conditional,softmax_logreg,101,112,2800,14,0.0,0.7703571428571429,0.7657329984276966,0.1377100944519043,"{""0"": 8, ""1"": 8, ""2"": 8, ""3"": 8, ""4"": 8, ""5"": 8, ""6"": 8, ""7"": 8, ""8"": 8, ""9"": 8, ""10"": 8, ""11"": 8, ""12"": 8, ""13"": 8}",cached_parquet_balanced_pool,linear_probabilistic,
dbpedia_14,8,0.0,class_conditional,softmax_logreg,202,112,2800,14,0.0,0.7971428571428572,0.7917890728300454,0.12030959129333496,"{""0"": 8, ""1"": 8, ""2"": 8, ""3"": 8, ""4"": 8, ""5"": 8, ""6"": 8, ""7"": 8, ""8"": 8, ""9"": 8, ""10"": 8, ""11"": 8, ""12"": 8, ""13"": 8}",cached_parquet_balanced_pool,linear_probabilistic,
dbpedia_14,8,0.0,class_conditional,softmax_logreg,303,112,2800,14,0.0,0.7853571428571429,0.7847199514136207,0.1266484260559082,"{""0"": 8, ""1"": 8, ""2"": 8, ""3"": 8, ""4"": 8, ""5"": 8, ""6"": 8, ""7"": 8, ""8"": 8, ""9"": 8, ""10"": 8, ""11"": 8, ""12"": 8, ""13"": 8}",cached_parquet_balanced_pool,linear_probabilistic,
dbpedia_14,8,0.0,class_conditional,softmax_logreg,404,112,2800,14,0.0,0.7742857142857142,0.7672263670573004,0.12692785263061523,"{""0"": 8, ""1"": 8, ""2"": 8, ""3"": 8, ""4"": 8, ""5"": 8, ""6"": 8, ""7"": 8, ""8"": 8, ""9"": 8, ""10"": 8, ""11"": 8, ""12"": 8, ""13"": 8}",cached_parquet_balanced_pool,linear_probabilistic,
dbpedia_14,8,0.0,class_conditional,softmax_logreg,505,112,2800,14,0.0,0.7792857142857142,0.7764940697594099,0.12363481521606445,"{""0"": 8, ""1"": 8, ""2"": 8, ""3"": 8, ""4"": 8, ""5"": 8, ""6"": 8, ""7"": 8, ""8"": 8, ""9"": 8, ""10"": 8, ""11"": 8, ""12"": 8, ""13"": 8}",cached_parquet_balanced_pool,linear_probabilistic,
dbpedia_14,8,0.0,class_conditional,multinomial_nb,101,112,2800,14,0.0,0.7703571428571429,0.7647893622291171,0.07906365394592285,"{""0"": 8, ""1"": 8, ""2"": 8, ""3"": 8, ""4"": 8, ""5"": 8, ""6"": 8, ""7"": 8, ""8"": 8, ""9"": 8, ""10"": 8, ""11"": 8, ""12"": 8, ""13"": 8}",cached_parquet_balanced_pool,generative_nb,
dbpedia_14,8,0.0,class_conditional,multinomial_nb,202,112,2800,14,0.0,0.7671428571428571,0.7604569041213202,0.08761119842529297,"{""0"": 8, ""1"": 8, ""2"": 8, ""3"": 8, ""4"": 8, ""5"": 8, ""6"": 8, ""7"": 8, ""8"": 8, ""9"": 8, ""10"": 8, ""11"": 8, ""12"": 8, ""13"": 8}",cached_parquet_balanced_pool,generative_nb,
dbpedia_14,8,0.0,class_conditional,multinomial_nb,303,112,2800,14,0.0,0.7875,0.7825688740100424,0.07938313484191895,"{""0"": 8, ""1"": 8, ""2"": 8, ""3"": 8, ""4"": 8, ""5"": 8, ""6"": 8, ""7"": 8, ""8"": 8, ""9"": 8, ""10"": 8, ""11"": 8, ""12"": 8, ""13"": 8}",cached_parquet_balanced_pool,generative_nb,
dbpedia_14,8,0.0,class_conditional,multinomial_nb,404,112,2800,14,0.0,0.7535714285714286,0.7418724924324696,0.08269190788269043,"{""0"": 8, ""1"": 8, ""2"": 8, ""3"": 8, ""4"": 8, ""5"": 8, ""6"": 8, ""7"": 8, ""8"": 8, ""9"": 8, ""10"": 8, ""11"": 8, ""12"": 8, ""13"": 8}",cached_parquet_balanced_pool,generative_nb,
dbpedia_14,8,0.0,class_conditional,multinomial_nb,505,112,2800,14,0.0,0.7639285714285714,0.7585629606980172,0.08405375480651855,"{""0"": 8, ""1"": 8, ""2"": 8, ""3"": 8, ""4"": 8, ""5"": 8, ""6"": 8, ""7"": 8, ""8"": 8, ""9"": 8, ""10"": 8, ""11"": 8, ""12"": 8, ""13"": 8}",cached_parquet_balanced_pool,generative_nb,
dbpedia_14,8,0.0,class_conditional,linear_svm_hinge,101,112,2800,14,0.0,0.4925,0.4614113673160403,0.22271132469177246,"{""0"": 8, ""1"": 8, ""2"": 8, ""3"": 8, ""4"": 8, ""5"": 8, ""6"": 8, ""7"": 8, ""8"": 8, ""9"": 8, ""10"": 8, ""11"": 8, ""12"": 8, ""13"": 8}",cached_parquet_balanced_pool,linear_margin,
dbpedia_14,8,0.0,class_conditional,linear_svm_hinge,202,112,2800,14,0.0,0.48464285714285715,0.4846068561874538,0.20819306373596191,"{""0"": 8, ""1"": 8, ""2"": 8, ""3"": 8, ""4"": 8, ""5"": 8, ""6"": 8, ""7"": 8, ""8"": 8, ""9"": 8, ""10"": 8, ""11"": 8, ""12"": 8, ""13"": 8}",cached_parquet_balanced_pool,linear_margin,
dbpedia_14,8,0.0,class_conditional,linear_svm_hinge,303,112,2800,14,0.0,0.43607142857142855,0.4289334492793056,0.22136497497558594,"{""0"": 8, ""1"": 8, ""2"": 8, ""3"": 8, ""4"": 8, ""5"": 8, ""6"": 8, ""7"": 8, ""8"": 8, ""9"": 8, ""10"": 8, ""11"": 8, ""12"": 8, ""13"": 8}",cached_parquet_balanced_pool,linear_margin,
dbpedia_14,8,0.0,class_conditional,linear_svm_hinge,404,112,2800,14,0.0,0.42142857142857143,0.3425799152422786,0.20929360389709473,"{""0"": 8, ""1"": 8, ""2"": 8, ""3"": 8, ""4"": 8, ""5"": 8, ""6"": 8, ""7"": 8, ""8"": 8, ""9"": 8, ""10"": 8, ""11"": 8, ""12"": 8, ""13"": 8}",cached_parquet_balanced_pool,linear_margin,
dbpedia_14,8,0.0,class_conditional,linear_svm_hinge,505,112,2800,14,0.0,0.5125,0.472523860439818,0.20192527770996094,"{""0"": 8, ""1"": 8, ""2"": 8, ""3"": 8, ""4"": 8, ""5"": 8, ""6"": 8, ""7"": 8, ""8"": 8, ""9"": 8, ""10"": 8, ""11"": 8, ""12"": 8, ""13"": 8}",cached_parquet_balanced_pool,linear_margin,
dbpedia_14,8,0.0,class_conditional,trimmed_softmax_logreg,101,112,2800,14,0.0,0.6578571428571428,0.6111859992641284,0.15227866172790527,"{""0"": 8, ""1"": 8, ""2"": 8, ""3"": 8, ""4"": 8, ""5"": 8, ""6"": 8, ""7"": 8, ""8"": 8, ""9"": 8, ""10"": 8, ""11"": 8, ""12"": 8, ""13"": 8}",cached_parquet_balanced_pool,bounded_robust_variant,kept_fraction=0.8036
dbpedia_14,8,0.0,class_conditional,trimmed_softmax_logreg,202,112,2800,14,0.0,0.6828571428571428,0.655544210437669,0.14659833908081055,"{""0"": 8, ""1"": 8, ""2"": 8, ""3"": 8, ""4"": 8, ""5"": 8, ""6"": 8, ""7"": 8, ""8"": 8, ""9"": 8, ""10"": 8, ""11"": 8, ""12"": 8, ""13"": 8}",cached_parquet_balanced_pool,bounded_robust_variant,kept_fraction=0.8036
dbpedia_14,8,0.0,class_conditional,trimmed_softmax_logreg,303,112,2800,14,0.0,0.6321428571428571,0.5723507615136673,0.14307045936584473,"{""0"": 8, ""1"": 8, ""2"": 8, ""3"": 8, ""4"": 8, ""5"": 8, ""6"": 8, ""7"": 8, ""8"": 8, ""9"": 8, ""10"": 8, ""11"": 8, ""12"": 8, ""13"": 8}",cached_parquet_balanced_pool,bounded_robust_variant,kept_fraction=0.8036
dbpedia_14,8,0.0,class_conditional,trimmed_softmax_logreg,404,112,2800,14,0.0,0.6489285714285714,0.5969344167801278,0.15122079849243164,"{""0"": 8, ""1"": 8, ""2"": 8, ""3"": 8, ""4"": 8, ""5"": 8, ""6"": 8, ""7"": 8, ""8"": 8, ""9"": 8, ""10"": 8, ""11"": 8, ""12"": 8, ""13"": 8}",cached_parquet_balanced_pool,bounded_robust_variant,kept_fraction=0.8036
dbpedia_14,8,0.0,class_conditional,trimmed_softmax_logreg,505,112,2800,14,0.0,0.6764285714285714,0.6425929888584069,0.1542038917541504,"{""0"": 8, ""1"": 8, ""2"": 8, ""3"": 8, ""4"": 8, ""5"": 8, ""6"": 8, ""7"": 8, ""8"": 8, ""9"": 8, ""10"": 8, ""11"": 8, ""12"": 8, ""13"": 8}",cached_parquet_balanced_pool,bounded_robust_variant,kept_fraction=0.8125
dbpedia_14,8,0.05,symmetric,softmax_logreg,101,112,2800,14,0.08035714285714286,0.7239285714285715,0.7080694643783695,0.12285017967224121,"{""0"": 8, ""1"": 8, ""2"": 8, ""3"": 8, ""4"": 8, ""5"": 8, ""6"": 8, ""7"": 8, ""8"": 8, ""9"": 8, ""10"": 8, ""11"": 8, ""12"": 8, ""13"": 8}",cached_parquet_balanced_pool,linear_probabilistic,
dbpedia_14,8,0.05,symmetric,softmax_logreg,202,112,2800,14,0.044642857142857144,0.6903571428571429,0.6804449463585002,0.1329655647277832,"{""0"": 8, ""1"": 8, ""2"": 8, ""3"": 8, ""4"": 8, ""5"": 8, ""6"": 8, ""7"": 8, ""8"": 8, ""9"": 8, ""10"": 8, ""11"": 8, ""12"": 8, ""13"": 8}",cached_parquet_balanced_pool,linear_probabilistic,
dbpedia_14,8,0.05,symmetric,softmax_logreg,303,112,2800,14,0.05357142857142857,0.7467857142857143,0.7470500191879009,0.12418079376220703,"{""0"": 8, ""1"": 8, ""2"": 8, ""3"": 8, ""4"": 8, ""5"": 8, ""6"": 8, ""7"": 8, ""8"": 8, ""9"": 8, ""10"": 8, ""11"": 8, ""12"": 8, ""13"": 8}",cached_parquet_balanced_pool,linear_probabilistic,
dbpedia_14,8,0.05,symmetric,softmax_logreg,404,112,2800,14,0.026785714285714284,0.7471428571428571,0.7406651153577294,0.13269519805908203,"{""0"": 8, ""1"": 8, ""2"": 8, ""3"": 8, ""4"": 8, ""5"": 8, ""6"": 8, ""7"": 8, ""8"": 8, ""9"": 8, ""10"": 8, ""11"": 8, ""12"": 8, ""13"": 8}",cached_parquet_balanced_pool,linear_probabilistic,
dbpedia_14,8,0.05,symmetric,softmax_logreg,505,112,2800,14,0.03571428571428571,0.7282142857142857,0.711322042567554,0.1359241008758545,"{""0"": 8, ""1"": 8, ""2"": 8, ""3"": 8, ""4"": 8, ""5"": 8, ""6"": 8, ""7"": 8, ""8"": 8, ""9"": 8, ""10"": 8, ""11"": 8, ""12"": 8, ""13"": 8}",cached_parquet_balanced_pool,linear_probabilistic,
dbpedia_14,8,0.05,symmetric,multinomial_nb,101,112,2800,14,0.08035714285714286,0.725,0.7107095943854802,0.07822418212890625,"{""0"": 8, ""1"": 8, ""2"": 8, ""3"": 8, ""4"": 8, ""5"": 8, ""6"": 8, ""7"": 8, ""8"": 8, ""9"": 8, ""10"": 8, ""11"": 8, ""12"": 8, ""13"": 8}",cached_parquet_balanced_pool,generative_nb,
dbpedia_14,8,0.05,symmetric,multinomial_nb,202,112,2800,14,0.044642857142857144,0.6921428571428572,0.6875227952532864,0.08069157600402832,"{""0"": 8, ""1"": 8, ""2"": 8, ""3"": 8, ""4"": 8, ""5"": 8, ""6"": 8, ""7"": 8, ""8"": 8, ""9"": 8, ""10"": 8, ""11"": 8, ""12"": 8, ""13"": 8}",cached_parquet_balanced_pool,generative_nb,
dbpedia_14,8,0.05,symmetric,multinomial_nb,303,112,2800,14,0.05357142857142857,0.7678571428571429,0.7627260753429553,0.08452630043029785,"{""0"": 8, ""1"": 8, ""2"": 8, ""3"": 8, ""4"": 8, ""5"": 8, ""6"": 8, ""7"": 8, ""8"": 8, ""9"": 8, ""10"": 8, ""11"": 8, ""12"": 8, ""13"": 8}",cached_parquet_balanced_pool,generative_nb,
dbpedia_14,8,0.05,symmetric,multinomial_nb,404,112,2800,14,0.026785714285714284,0.7289285714285715,0.720861394497655,0.08150768280029297,"{""0"": 8, ""1"": 8, ""2"": 8, ""3"": 8, ""4"": 8, ""5"": 8, ""6"": 8, ""7"": 8, ""8"": 8, ""9"": 8, ""10"": 8, ""11"": 8, ""12"": 8, ""13"": 8}",cached_parquet_balanced_pool,generative_nb,
dbpedia_14,8,0.05,symmetric,multinomial_nb,505,112,2800,14,0.03571428571428571,0.7278571428571429,0.7156990169255785,0.08134698867797852,"{""0"": 8, ""1"": 8, ""2"": 8, ""3"": 8, ""4"": 8, ""5"": 8, ""6"": 8, ""7"": 8, ""8"": 8, ""9"": 8, ""10"": 8, ""11"": 8, ""12"": 8, ""13"": 8}",cached_parquet_balanced_pool,generative_nb,
dbpedia_14,8,0.05,symmetric,linear_svm_hinge,101,112,2800,14,0.08035714285714286,0.4025,0.38963755092322244,0.21331167221069336,"{""0"": 8, ""1"": 8, ""2"": 8, ""3"": 8, ""4"": 8, ""5"": 8, ""6"": 8, ""7"": 8, ""8"": 8, ""9"": 8, ""10"": 8, ""11"": 8, ""12"": 8, ""13"": 8}",cached_parquet_balanced_pool,linear_margin,
dbpedia_14,8,0.05,symmetric,linear_svm_hinge,202,112,2800,14,0.044642857142857144,0.495,0.4440482329340155,0.21442461013793945,"{""0"": 8, ""1"": 8, ""2"": 8, ""3"": 8, ""4"": 8, ""5"": 8, ""6"": 8, ""7"": 8, ""8"": 8, ""9"": 8, ""10"": 8, ""11"": 8, ""12"": 8, ""13"": 8}",cached_parquet_balanced_pool,linear_margin,
dbpedia_14,8,0.05,symmetric,linear_svm_hinge,303,112,2800,14,0.05357142857142857,0.4642857142857143,0.4335888211002125,0.24004530906677246,"{""0"": 8, ""1"": 8, ""2"": 8, ""3"": 8, ""4"": 8, ""5"": 8, ""6"": 8, ""7"": 8, ""8"": 8, ""9"": 8, ""10"": 8, ""11"": 8, ""12"": 8, ""13"": 8}",cached_parquet_balanced_pool,linear_margin,
dbpedia_14,8,0.05,symmetric,linear_svm_hinge,404,112,2800,14,0.026785714285714284,0.39035714285714285,0.33210014411942257,0.20000290870666504,"{""0"": 8, ""1"": 8, ""2"": 8, ""3"": 8, ""4"": 8, ""5"": 8, ""6"": 8, ""7"": 8, ""8"": 8, ""9"": 8, ""10"": 8, ""11"": 8, ""12"": 8, ""13"": 8}",cached_parquet_balanced_pool,linear_margin,
dbpedia_14,8,0.05,symmetric,linear_svm_hinge,505,112,2800,14,0.03571428571428571,0.5517857142857143,0.5200802953126062,0.20514488220214844,"{""0"": 8, ""1"": 8, ""2"": 8, ""3"": 8, ""4"": 8, ""5"": 8, ""6"": 8, ""7"": 8, ""8"": 8, ""9"": 8, ""10"": 8, ""11"": 8, ""12"": 8, ""13"": 8}",cached_parquet_balanced_pool,linear_margin,
dbpedia_14,8,0.05,symmetric,trimmed_softmax_logreg,101,112,2800,14,0.08035714285714286,0.6278571428571429,0.5765330393847053,0.14138364791870117,"{""0"": 8, ""1"": 8, ""2"": 8, ""3"": 8, ""4"": 8, ""5"": 8, ""6"": 8, ""7"": 8, ""8"": 8, ""9"": 8, ""10"": 8, ""11"": 8, ""12"": 8, ""13"": 8}",cached_parquet_balanced_pool,bounded_robust_variant,kept_fraction=0.8214
dbpedia_14,8,0.05,symmetric,trimmed_softmax_logreg,202,112,2800,14,0.044642857142857144,0.5578571428571428,0.4993249722929732,0.15301752090454102,"{""0"": 8, ""1"": 8, ""2"": 8, ""3"": 8, ""4"": 8, ""5"": 8, ""6"": 8, ""7"": 8, ""8"": 8, ""9"": 8, ""10"": 8, ""11"": 8, ""12"": 8, ""13"": 8}",cached_parquet_balanced_pool,bounded_robust_variant,kept_fraction=0.8125
dbpedia_14,8,0.05,symmetric,trimmed_softmax_logreg,303,112,2800,14,0.05357142857142857,0.6232142857142857,0.5728602370155055,0.15845417976379395,"{""0"": 8, ""1"": 8, ""2"": 8, ""3"": 8, ""4"": 8, ""5"": 8, ""6"": 8, ""7"": 8, ""8"": 8, ""9"": 8, ""10"": 8, ""11"": 8, ""12"": 8, ""13"": 8}",cached_parquet_balanced_pool,bounded_robust_variant,kept_fraction=0.8304
dbpedia_14,8,0.05,symmetric,trimmed_softmax_logreg,404,112,2800,14,0.026785714285714284,0.5703571428571429,0.4966007543110375,0.15033674240112305,"{""0"": 8, ""1"": 8, ""2"": 8, ""3"": 8, ""4"": 8, ""5"": 8, ""6"": 8, ""7"": 8, ""8"": 8, ""9"": 8, ""10"": 8, ""11"": 8, ""12"": 8, ""13"": 8}",cached_parquet_balanced_pool,bounded_robust_variant,kept_fraction=0.8125
dbpedia_14,8,0.05,symmetric,trimmed_softmax_logreg,505,112,2800,14,0.03571428571428571,0.6085714285714285,0.5392339498901231,0.1402750015258789,"{""0"": 8, ""1"": 8, ""2"": 8, ""3"": 8, ""4"": 8, ""5"": 8, ""6"": 8, ""7"": 8, ""8"": 8, ""9"": 8, ""10"": 8, ""11"": 8, ""12"": 8, ""13"": 8}",cached_parquet_balanced_pool,bounded_robust_variant,kept_fraction=0.8125
dbpedia_14,8,0.05,class_conditional,softmax_logreg,101,112,2800,14,0.08035714285714286,0.7189285714285715,0.7058721887059989,0.12890839576721191,"{""0"": 8, ""1"": 8, ""2"": 8, ""3"": 8, ""4"": 8, ""5"": 8, ""6"": 8, ""7"": 8, ""8"": 8, ""9"": 8, ""10"": 8, ""11"": 8, ""12"": 8, ""13"": 8}",cached_parquet_balanced_pool,linear_probabilistic,
dbpedia_14,8,0.05,class_conditional,softmax_logreg,202,112,2800,14,0.03571428571428571,0.7471428571428571,0.7408006515271693,0.13128876686096191,"{""0"": 8, ""1"": 8, ""2"": 8, ""3"": 8, ""4"": 8, ""5"": 8, ""6"": 8, ""7"": 8, ""8"": 8, ""9"": 8, ""10"": 8, ""11"": 8, ""12"": 8, ""13"": 8}",cached_parquet_balanced_pool,linear_probabilistic,
dbpedia_14,8,0.05,class_conditional,softmax_logreg,303,112,2800,14,0.03571428571428571,0.7285714285714285,0.7314199185645152,0.13492441177368164,"{""0"": 8, ""1"": 8, ""2"": 8, ""3"": 8, ""4"": 8, ""5"": 8, ""6"": 8, ""7"": 8, ""8"": 8, ""9"": 8, ""10"": 8, ""11"": 8, ""12"": 8, ""13"": 8}",cached_parquet_balanced_pool,linear_probabilistic,
dbpedia_14,8,0.05,class_conditional,softmax_logreg,404,112,2800,14,0.07142857142857142,0.6989285714285715,0.6883789047474066,0.11413288116455078,"{""0"": 8, ""1"": 8, ""2"": 8, ""3"": 8, ""4"": 8, ""5"": 8, ""6"": 8, ""7"": 8, ""8"": 8, ""9"": 8, ""10"": 8, ""11"": 8, ""12"": 8, ""13"": 8}",cached_parquet_balanced_pool,linear_probabilistic,
dbpedia_14,8,0.05,class_conditional,softmax_logreg,505,112,2800,14,0.017857142857142856,0.7289285714285715,0.7176579495628401,0.1249399185180664,"{""0"": 8, ""1"": 8, ""2"": 8, ""3"": 8, ""4"": 8, ""5"": 8, ""6"": 8, ""7"": 8, ""8"": 8, ""9"": 8, ""10"": 8, ""11"": 8, ""12"": 8, ""13"": 8}",cached_parquet_balanced_pool,linear_probabilistic,
dbpedia_14,8,0.05,class_conditional,multinomial_nb,101,112,2800,14,0.08035714285714286,0.7339285714285714,0.7229689819926335,0.08591985702514648,"{""0"": 8, ""1"": 8, ""2"": 8, ""3"": 8, ""4"": 8, ""5"": 8, ""6"": 8, ""7"": 8, ""8"": 8, ""9"": 8, ""10"": 8, ""11"": 8, ""12"": 8, ""13"": 8}",cached_parquet_balanced_pool,generative_nb,
dbpedia_14,8,0.05,class_conditional,multinomial_nb,202,112,2800,14,0.03571428571428571,0.7382142857142857,0.7301805326742409,0.08521819114685059,"{""0"": 8, ""1"": 8, ""2"": 8, ""3"": 8, ""4"": 8, ""5"": 8, ""6"": 8, ""7"": 8, ""8"": 8, ""9"": 8, ""10"": 8, ""11"": 8, ""12"": 8, ""13"": 8}",cached_parquet_balanced_pool,generative_nb,
dbpedia_14,8,0.05,class_conditional,multinomial_nb,303,112,2800,14,0.03571428571428571,0.7585714285714286,0.7533287314892004,0.07894086837768555,"{""0"": 8, ""1"": 8, ""2"": 8, ""3"": 8, ""4"": 8, ""5"": 8, ""6"": 8, ""7"": 8, ""8"": 8, ""9"": 8, ""10"": 8, ""11"": 8, ""12"": 8, ""13"": 8}",cached_parquet_balanced_pool,generative_nb,
dbpedia_14,8,0.05,class_conditional,multinomial_nb,404,112,2800,14,0.07142857142857142,0.7042857142857143,0.692413397023565,0.08220744132995605,"{""0"": 8, ""1"": 8, ""2"": 8, ""3"": 8, ""4"": 8, ""5"": 8, ""6"": 8, ""7"": 8, ""8"": 8, ""9"": 8, ""10"": 8, ""11"": 8, ""12"": 8, ""13"": 8}",cached_parquet_balanced_pool,generative_nb,
dbpedia_14,8,0.05,class_conditional,multinomial_nb,505,112,2800,14,0.017857142857142856,0.7310714285714286,0.720201878017374,0.07990670204162598,"{""0"": 8, ""1"": 8, ""2"": 8, ""3"": 8, ""4"": 8, ""5"": 8, ""6"": 8, ""7"": 8, ""8"": 8, ""9"": 8, ""10"": 8, ""11"": 8, ""12"": 8, ""13"": 8}",cached_parquet_balanced_pool,generative_nb,
dbpedia_14,8,0.05,class_conditional,linear_svm_hinge,101,112,2800,14,0.08035714285714286,0.5017857142857143,0.4589735776077929,0.22401213645935059,"{""0"": 8, ""1"": 8, ""2"": 8, ""3"": 8, ""4"": 8, ""5"": 8, ""6"": 8, ""7"": 8, ""8"": 8, ""9"": 8, ""10"": 8, ""11"": 8, ""12"": 8, ""13"": 8}",cached_parquet_balanced_pool,linear_margin,
dbpedia_14,8,0.05,class_conditional,linear_svm_hinge,202,112,2800,14,0.03571428571428571,0.49964285714285717,0.5068532924698819,0.2039182186126709,"{""0"": 8, ""1"": 8, ""2"": 8, ""3"": 8, ""4"": 8, ""5"": 8, ""6"": 8, ""7"": 8, ""8"": 8, ""9"": 8, ""10"": 8, ""11"": 8, ""12"": 8, ""13"": 8}",cached_parquet_balanced_pool,linear_margin,
dbpedia_14,8,0.05,class_conditional,linear_svm_hinge,303,112,2800,14,0.03571428571428571,0.455,0.4255967988899757,0.20599818229675293,"{""0"": 8, ""1"": 8, ""2"": 8, ""3"": 8, ""4"": 8, ""5"": 8, ""6"": 8, ""7"": 8, ""8"": 8, ""9"": 8, ""10"": 8, ""11"": 8, ""12"": 8, ""13"": 8}",cached_parquet_balanced_pool,linear_margin,
dbpedia_14,8,0.05,class_conditional,linear_svm_hinge,404,112,2800,14,0.07142857142857142,0.5285714285714286,0.48754691576945364,0.22328853607177734,"{""0"": 8, ""1"": 8, ""2"": 8, ""3"": 8, ""4"": 8, ""5"": 8, ""6"": 8, ""7"": 8, ""8"": 8, ""9"": 8, ""10"": 8, ""11"": 8, ""12"": 8, ""13"": 8}",cached_parquet_balanced_pool,linear_margin,
dbpedia_14,8,0.05,class_conditional,linear_svm_hinge,505,112,2800,14,0.017857142857142856,0.5167857142857143,0.48075903020800304,0.21535682678222656,"{""0"": 8, ""1"": 8, ""2"": 8, ""3"": 8, ""4"": 8, ""5"": 8, ""6"": 8, ""7"": 8, ""8"": 8, ""9"": 8, ""10"": 8, ""11"": 8, ""12"": 8, ""13"": 8}",cached_parquet_balanced_pool,linear_margin,
dbpedia_14,8,0.05,class_conditional,trimmed_softmax_logreg,101,112,2800,14,0.08035714285714286,0.6271428571428571,0.5563937526921212,0.15333771705627441,"{""0"": 8, ""1"": 8, ""2"": 8, ""3"": 8, ""4"": 8, ""5"": 8, ""6"": 8, ""7"": 8, ""8"": 8, ""9"": 8, ""10"": 8, ""11"": 8, ""12"": 8, ""13"": 8}",cached_parquet_balanced_pool,bounded_robust_variant,kept_fraction=0.8214
dbpedia_14,8,0.05,class_conditional,trimmed_softmax_logreg,202,112,2800,14,0.03571428571428571,0.6167857142857143,0.5966014974460455,0.15195035934448242,"{""0"": 8, ""1"": 8, ""2"": 8, ""3"": 8, ""4"": 8, ""5"": 8, ""6"": 8, ""7"": 8, ""8"": 8, ""9"": 8, ""10"": 8, ""11"": 8, ""12"": 8, ""13"": 8}",cached_parquet_balanced_pool,bounded_robust_variant,kept_fraction=0.8036
dbpedia_14,8,0.05,class_conditional,trimmed_softmax_logreg,303,112,2800,14,0.03571428571428571,0.6175,0.5611841841816638,0.14177346229553223,"{""0"": 8, ""1"": 8, ""2"": 8, ""3"": 8, ""4"": 8, ""5"": 8, ""6"": 8, ""7"": 8, ""8"": 8, ""9"": 8, ""10"": 8, ""11"": 8, ""12"": 8, ""13"": 8}",cached_parquet_balanced_pool,bounded_robust_variant,kept_fraction=0.8214
dbpedia_14,8,0.05,class_conditional,trimmed_softmax_logreg,404,112,2800,14,0.07142857142857142,0.5564285714285714,0.4998742547840713,0.14437150955200195,"{""0"": 8, ""1"": 8, ""2"": 8, ""3"": 8, ""4"": 8, ""5"": 8, ""6"": 8, ""7"": 8, ""8"": 8, ""9"": 8, ""10"": 8, ""11"": 8, ""12"": 8, ""13"": 8}",cached_parquet_balanced_pool,bounded_robust_variant,kept_fraction=0.8125
dbpedia_14,8,0.05,class_conditional,trimmed_softmax_logreg,505,112,2800,14,0.017857142857142856,0.6278571428571429,0.6131680292867221,0.14602279663085938,"{""0"": 8, ""1"": 8, ""2"": 8, ""3"": 8, ""4"": 8, ""5"": 8, ""6"": 8, ""7"": 8, ""8"": 8, ""9"": 8, ""10"": 8, ""11"": 8, ""12"": 8, ""13"": 8}",cached_parquet_balanced_pool,bounded_robust_variant,kept_fraction=0.8125
dbpedia_14,8,0.1,symmetric,softmax_logreg,101,112,2800,14,0.17857142857142858,0.5464285714285714,0.5035757181849901,0.13210773468017578,"{""0"": 8, ""1"": 8, ""2"": 8, ""3"": 8, ""4"": 8, ""5"": 8, ""6"": 8, ""7"": 8, ""8"": 8, ""9"": 8, ""10"": 8, ""11"": 8, ""12"": 8, ""13"": 8}",cached_parquet_balanced_pool,linear_probabilistic,
dbpedia_14,8,0.1,symmetric,softmax_logreg,202,112,2800,14,0.09821428571428571,0.6557142857142857,0.6204693161047065,0.12125468254089355,"{""0"": 8, ""1"": 8, ""2"": 8, ""3"": 8, ""4"": 8, ""5"": 8, ""6"": 8, ""7"": 8, ""8"": 8, ""9"": 8, ""10"": 8, ""11"": 8, ""12"": 8, ""13"": 8}",cached_parquet_balanced_pool,linear_probabilistic,
dbpedia_14,8,0.1,symmetric,softmax_logreg,303,112,2800,14,0.16964285714285715,0.5178571428571429,0.5206306527591432,0.1449756622314453,"{""0"": 8, ""1"": 8, ""2"": 8, ""3"": 8, ""4"": 8, ""5"": 8, ""6"": 8, ""7"": 8, ""8"": 8, ""9"": 8, ""10"": 8, ""11"": 8, ""12"": 8, ""13"": 8}",cached_parquet_balanced_pool,linear_probabilistic,
dbpedia_14,8,0.1,symmetric,softmax_logreg,404,112,2800,14,0.14285714285714285,0.6332142857142857,0.6107630806085391,0.1194918155670166,"{""0"": 8, ""1"": 8, ""2"": 8, ""3"": 8, ""4"": 8, ""5"": 8, ""6"": 8, ""7"": 8, ""8"": 8, ""9"": 8, ""10"": 8, ""11"": 8, ""12"": 8, ""13"": 8}",cached_parquet_balanced_pool,linear_probabilistic,
dbpedia_14,8,0.1,symmetric,softmax_logreg,505,112,2800,14,0.11607142857142858,0.6892857142857143,0.6854405364280656,0.1398937702178955,"{""0"": 8, ""1"": 8, ""2"": 8, ""3"": 8, ""4"": 8, ""5"": 8, ""6"": 8, ""7"": 8, ""8"": 8, ""9"": 8, ""10"": 8, ""11"": 8, ""12"": 8, ""13"": 8}",cached_parquet_balanced_pool,linear_probabilistic,
dbpedia_14,8,0.1,symmetric,multinomial_nb,101,112,2800,14,0.17857142857142858,0.6203571428571428,0.5968966548523873,0.08113217353820801,"{""0"": 8, ""1"": 8, ""2"": 8, ""3"": 8, ""4"": 8, ""5"": 8, ""6"": 8, ""7"": 8, ""8"": 8, ""9"": 8, ""10"": 8, ""11"": 8, ""12"": 8, ""13"": 8}",cached_parquet_balanced_pool,generative_nb,
dbpedia_14,8,0.1,symmetric,multinomial_nb,202,112,2800,14,0.09821428571428571,0.6839285714285714,0.6597197529661388,0.08021903038024902,"{""0"": 8, ""1"": 8, ""2"": 8, ""3"": 8, ""4"": 8, ""5"": 8, ""6"": 8, ""7"": 8, ""8"": 8, ""9"": 8, ""10"": 8, ""11"": 8, ""12"": 8, ""13"": 8}",cached_parquet_balanced_pool,generative_nb,
dbpedia_14,8,0.1,symmetric,multinomial_nb,303,112,2800,14,0.16964285714285715,0.6075,0.5833576969996999,0.08032703399658203,"{""0"": 8, ""1"": 8, ""2"": 8, ""3"": 8, ""4"": 8, ""5"": 8, ""6"": 8, ""7"": 8, ""8"": 8, ""9"": 8, ""10"": 8, ""11"": 8, ""12"": 8, ""13"": 8}",cached_parquet_balanced_pool,generative_nb,
dbpedia_14,8,0.1,symmetric,multinomial_nb,404,112,2800,14,0.14285714285714285,0.6217857142857143,0.5964015778801971,0.07777142524719238,"{""0"": 8, ""1"": 8, ""2"": 8, ""3"": 8, ""4"": 8, ""5"": 8, ""6"": 8, ""7"": 8, ""8"": 8, ""9"": 8, ""10"": 8, ""11"": 8, ""12"": 8, ""13"": 8}",cached_parquet_balanced_pool,generative_nb,
dbpedia_14,8,0.1,symmetric,multinomial_nb,505,112,2800,14,0.11607142857142858,0.6960714285714286,0.6929855153530404,0.08378005027770996,"{""0"": 8, ""1"": 8, ""2"": 8, ""3"": 8, ""4"": 8, ""5"": 8, ""6"": 8, ""7"": 8, ""8"": 8, ""9"": 8, ""10"": 8, ""11"": 8, ""12"": 8, ""13"": 8}",cached_parquet_balanced_pool,generative_nb,
dbpedia_14,8,0.1,symmetric,linear_svm_hinge,101,112,2800,14,0.17857142857142858,0.39321428571428574,0.33103656801442144,0.2085111141204834,"{""0"": 8, ""1"": 8, ""2"": 8, ""3"": 8, ""4"": 8, ""5"": 8, ""6"": 8, ""7"": 8, ""8"": 8, ""9"": 8, ""10"": 8, ""11"": 8, ""12"": 8, ""13"": 8}",cached_parquet_balanced_pool,linear_margin,
dbpedia_14,8,0.1,symmetric,linear_svm_hinge,202,112,2800,14,0.09821428571428571,0.5410714285714285,0.5143197587975378,0.20586252212524414,"{""0"": 8, ""1"": 8, ""2"": 8, ""3"": 8, ""4"": 8, ""5"": 8, ""6"": 8, ""7"": 8, ""8"": 8, ""9"": 8, ""10"": 8, ""11"": 8, ""12"": 8, ""13"": 8}",cached_parquet_balanced_pool,linear_margin,
dbpedia_14,8,0.1,symmetric,linear_svm_hinge,303,112,2800,14,0.16964285714285715,0.4775,0.4230869501735865,0.21105027198791504,"{""0"": 8, ""1"": 8, ""2"": 8, ""3"": 8, ""4"": 8, ""5"": 8, ""6"": 8, ""7"": 8, ""8"": 8, ""9"": 8, ""10"": 8, ""11"": 8, ""12"": 8, ""13"": 8}",cached_parquet_balanced_pool,linear_margin,
dbpedia_14,8,0.1,symmetric,linear_svm_hinge,404,112,2800,14,0.14285714285714285,0.31642857142857145,0.29226620968449624,0.19668817520141602,"{""0"": 8, ""1"": 8, ""2"": 8, ""3"": 8, ""4"": 8, ""5"": 8, ""6"": 8, ""7"": 8, ""8"": 8, ""9"": 8, ""10"": 8, ""11"": 8, ""12"": 8, ""13"": 8}",cached_parquet_balanced_pool,linear_margin,
dbpedia_14,8,0.1,symmetric,linear_svm_hinge,505,112,2800,14,0.11607142857142858,0.42392857142857143,0.42184431584130844,0.2189955711364746,"{""0"": 8, ""1"": 8, ""2"": 8, ""3"": 8, ""4"": 8, ""5"": 8, ""6"": 8, ""7"": 8, ""8"": 8, ""9"": 8, ""10"": 8, ""11"": 8, ""12"": 8, ""13"": 8}",cached_parquet_balanced_pool,linear_margin,
dbpedia_14,8,0.1,symmetric,trimmed_softmax_logreg,101,112,2800,14,0.17857142857142858,0.5089285714285714,0.42457093725865064,0.16656756401062012,"{""0"": 8, ""1"": 8, ""2"": 8, ""3"": 8, ""4"": 8, ""5"": 8, ""6"": 8, ""7"": 8, ""8"": 8, ""9"": 8, ""10"": 8, ""11"": 8, ""12"": 8, ""13"": 8}",cached_parquet_balanced_pool,bounded_robust_variant,kept_fraction=0.8214
dbpedia_14,8,0.1,symmetric,trimmed_softmax_logreg,202,112,2800,14,0.09821428571428571,0.595,0.5374150256946543,0.16364240646362305,"{""0"": 8, ""1"": 8, ""2"": 8, ""3"": 8, ""4"": 8, ""5"": 8, ""6"": 8, ""7"": 8, ""8"": 8, ""9"": 8, ""10"": 8, ""11"": 8, ""12"": 8, ""13"": 8}",cached_parquet_balanced_pool,bounded_robust_variant,kept_fraction=0.8214
dbpedia_14,8,0.1,symmetric,trimmed_softmax_logreg,303,112,2800,14,0.16964285714285715,0.4903571428571429,0.4707388588747728,0.14288878440856934,"{""0"": 8, ""1"": 8, ""2"": 8, ""3"": 8, ""4"": 8, ""5"": 8, ""6"": 8, ""7"": 8, ""8"": 8, ""9"": 8, ""10"": 8, ""11"": 8, ""12"": 8, ""13"": 8}",cached_parquet_balanced_pool,bounded_robust_variant,kept_fraction=0.8304
dbpedia_14,8,0.1,symmetric,trimmed_softmax_logreg,404,112,2800,14,0.14285714285714285,0.5253571428571429,0.4654647995565084,0.13771796226501465,"{""0"": 8, ""1"": 8, ""2"": 8, ""3"": 8, ""4"": 8, ""5"": 8, ""6"": 8, ""7"": 8, ""8"": 8, ""9"": 8, ""10"": 8, ""11"": 8, ""12"": 8, ""13"": 8}",cached_parquet_balanced_pool,bounded_robust_variant,kept_fraction=0.8214
dbpedia_14,8,0.1,symmetric,trimmed_softmax_logreg,505,112,2800,14,0.11607142857142858,0.5617857142857143,0.5116762696169423,0.1354084014892578,"{""0"": 8, ""1"": 8, ""2"": 8, ""3"": 8, ""4"": 8, ""5"": 8, ""6"": 8, ""7"": 8, ""8"": 8, ""9"": 8, ""10"": 8, ""11"": 8, ""12"": 8, ""13"": 8}",cached_parquet_balanced_pool,bounded_robust_variant,kept_fraction=0.8125
dbpedia_14,8,0.1,class_conditional,softmax_logreg,101,112,2800,14,0.14285714285714285,0.675,0.6562331671063701,0.14896225929260254,"{""0"": 8, ""1"": 8, ""2"": 8, ""3"": 8, ""4"": 8, ""5"": 8, ""6"": 8, ""7"": 8, ""8"": 8, ""9"": 8, ""10"": 8, ""11"": 8, ""12"": 8, ""13"": 8}",cached_parquet_balanced_pool,linear_probabilistic,
dbpedia_14,8,0.1,class_conditional,softmax_logreg,202,112,2800,14,0.08035714285714286,0.6778571428571428,0.6570917184340928,0.13945698738098145,"{""0"": 8, ""1"": 8, ""2"": 8, ""3"": 8, ""4"": 8, ""5"": 8, ""6"": 8, ""7"": 8, ""8"": 8, ""9"": 8, ""10"": 8, ""11"": 8, ""12"": 8, ""13"": 8}",cached_parquet_balanced_pool,linear_probabilistic,
dbpedia_14,8,0.1,class_conditional,softmax_logreg,303,112,2800,14,0.10714285714285714,0.6310714285714286,0.6106691041471553,0.1376056671142578,"{""0"": 8, ""1"": 8, ""2"": 8, ""3"": 8, ""4"": 8, ""5"": 8, ""6"": 8, ""7"": 8, ""8"": 8, ""9"": 8, ""10"": 8, ""11"": 8, ""12"": 8, ""13"": 8}",cached_parquet_balanced_pool,linear_probabilistic,
dbpedia_14,8,0.1,class_conditional,softmax_logreg,404,112,2800,14,0.125,0.6760714285714285,0.6704968615630229,0.13693809509277344,"{""0"": 8, ""1"": 8, ""2"": 8, ""3"": 8, ""4"": 8, ""5"": 8, ""6"": 8, ""7"": 8, ""8"": 8, ""9"": 8, ""10"": 8, ""11"": 8, ""12"": 8, ""13"": 8}",cached_parquet_balanced_pool,linear_probabilistic,
dbpedia_14,8,0.1,class_conditional,softmax_logreg,505,112,2800,14,0.08928571428571429,0.6396428571428572,0.6261034879874762,0.13179469108581543,"{""0"": 8, ""1"": 8, ""2"": 8, ""3"": 8, ""4"": 8, ""5"": 8, ""6"": 8, ""7"": 8, ""8"": 8, ""9"": 8, ""10"": 8, ""11"": 8, ""12"": 8, ""13"": 8}",cached_parquet_balanced_pool,linear_probabilistic,
dbpedia_14,8,0.1,class_conditional,multinomial_nb,101,112,2800,14,0.14285714285714285,0.6760714285714285,0.658447024843275,0.0850362777709961,"{""0"": 8, ""1"": 8, ""2"": 8, ""3"": 8, ""4"": 8, ""5"": 8, ""6"": 8, ""7"": 8, ""8"": 8, ""9"": 8, ""10"": 8, ""11"": 8, ""12"": 8, ""13"": 8}",cached_parquet_balanced_pool,generative_nb,
dbpedia_14,8,0.1,class_conditional,multinomial_nb,202,112,2800,14,0.08035714285714286,0.7046428571428571,0.6846744851332998,0.07626700401306152,"{""0"": 8, ""1"": 8, ""2"": 8, ""3"": 8, ""4"": 8, ""5"": 8, ""6"": 8, ""7"": 8, ""8"": 8, ""9"": 8, ""10"": 8, ""11"": 8, ""12"": 8, ""13"": 8}",cached_parquet_balanced_pool,generative_nb,
dbpedia_14,8,0.1,class_conditional,multinomial_nb,303,112,2800,14,0.10714285714285714,0.6889285714285714,0.6841512997401903,0.08070492744445801,"{""0"": 8, ""1"": 8, ""2"": 8, ""3"": 8, ""4"": 8, ""5"": 8, ""6"": 8, ""7"": 8, ""8"": 8, ""9"": 8, ""10"": 8, ""11"": 8, ""12"": 8, ""13"": 8}",cached_parquet_balanced_pool,generative_nb,
dbpedia_14,8,0.1,class_conditional,multinomial_nb,404,112,2800,14,0.125,0.6617857142857143,0.6532965102715281,0.07940864562988281,"{""0"": 8, ""1"": 8, ""2"": 8, ""3"": 8, ""4"": 8, ""5"": 8, ""6"": 8, ""7"": 8, ""8"": 8, ""9"": 8, ""10"": 8, ""11"": 8, ""12"": 8, ""13"": 8}",cached_parquet_balanced_pool,generative_nb,
dbpedia_14,8,0.1,class_conditional,multinomial_nb,505,112,2800,14,0.08928571428571429,0.6753571428571429,0.663743035295372,0.08010721206665039,"{""0"": 8, ""1"": 8, ""2"": 8, ""3"": 8, ""4"": 8, ""5"": 8, ""6"": 8, ""7"": 8, ""8"": 8, ""9"": 8, ""10"": 8, ""11"": 8, ""12"": 8, ""13"": 8}",cached_parquet_balanced_pool,generative_nb,
dbpedia_14,8,0.1,class_conditional,linear_svm_hinge,101,112,2800,14,0.14285714285714285,0.4692857142857143,0.38230842301562923,0.2173013687133789,"{""0"": 8, ""1"": 8, ""2"": 8, ""3"": 8, ""4"": 8, ""5"": 8, ""6"": 8, ""7"": 8, ""8"": 8, ""9"": 8, ""10"": 8, ""11"": 8, ""12"": 8, ""13"": 8}",cached_parquet_balanced_pool,linear_margin,
dbpedia_14,8,0.1,class_conditional,linear_svm_hinge,202,112,2800,14,0.08035714285714286,0.45607142857142857,0.4929624632037807,0.20029497146606445,"{""0"": 8, ""1"": 8, ""2"": 8, ""3"": 8, ""4"": 8, ""5"": 8, ""6"": 8, ""7"": 8, ""8"": 8, ""9"": 8, ""10"": 8, ""11"": 8, ""12"": 8, ""13"": 8}",cached_parquet_balanced_pool,linear_margin,
dbpedia_14,8,0.1,class_conditional,linear_svm_hinge,303,112,2800,14,0.10714285714285714,0.42178571428571426,0.3591522189530517,0.21851348876953125,"{""0"": 8, ""1"": 8, ""2"": 8, ""3"": 8, ""4"": 8, ""5"": 8, ""6"": 8, ""7"": 8, ""8"": 8, ""9"": 8, ""10"": 8, ""11"": 8, ""12"": 8, ""13"": 8}",cached_parquet_balanced_pool,linear_margin,
dbpedia_14,8,0.1,class_conditional,linear_svm_hinge,404,112,2800,14,0.125,0.5328571428571428,0.5007480710670734,0.21420025825500488,"{""0"": 8, ""1"": 8, ""2"": 8, ""3"": 8, ""4"": 8, ""5"": 8, ""6"": 8, ""7"": 8, ""8"": 8, ""9"": 8, ""10"": 8, ""11"": 8, ""12"": 8, ""13"": 8}",cached_parquet_balanced_pool,linear_margin,
dbpedia_14,8,0.1,class_conditional,linear_svm_hinge,505,112,2800,14,0.08928571428571429,0.5253571428571429,0.49146169098267395,0.21781325340270996,"{""0"": 8, ""1"": 8, ""2"": 8, ""3"": 8, ""4"": 8, ""5"": 8, ""6"": 8, ""7"": 8, ""8"": 8, ""9"": 8, ""10"": 8, ""11"": 8, ""12"": 8, ""13"": 8}",cached_parquet_balanced_pool,linear_margin,
dbpedia_14,8,0.1,class_conditional,trimmed_softmax_logreg,101,112,2800,14,0.14285714285714285,0.5710714285714286,0.48336738239508775,0.15282773971557617,"{""0"": 8, ""1"": 8, ""2"": 8, ""3"": 8, ""4"": 8, ""5"": 8, ""6"": 8, ""7"": 8, ""8"": 8, ""9"": 8, ""10"": 8, ""11"": 8, ""12"": 8, ""13"": 8}",cached_parquet_balanced_pool,bounded_robust_variant,kept_fraction=0.8214
dbpedia_14,8,0.1,class_conditional,trimmed_softmax_logreg,202,112,2800,14,0.08035714285714286,0.5935714285714285,0.5603793124722743,0.16196036338806152,"{""0"": 8, ""1"": 8, ""2"": 8, ""3"": 8, ""4"": 8, ""5"": 8, ""6"": 8, ""7"": 8, ""8"": 8, ""9"": 8, ""10"": 8, ""11"": 8, ""12"": 8, ""13"": 8}",cached_parquet_balanced_pool,bounded_robust_variant,kept_fraction=0.8125
dbpedia_14,8,0.1,class_conditional,trimmed_softmax_logreg,303,112,2800,14,0.10714285714285714,0.5164285714285715,0.43637291357654445,0.13601279258728027,"{""0"": 8, ""1"": 8, ""2"": 8, ""3"": 8, ""4"": 8, ""5"": 8, ""6"": 8, ""7"": 8, ""8"": 8, ""9"": 8, ""10"": 8, ""11"": 8, ""12"": 8, ""13"": 8}",cached_parquet_balanced_pool,bounded_robust_variant,kept_fraction=0.8125
dbpedia_14,8,0.1,class_conditional,trimmed_softmax_logreg,404,112,2800,14,0.125,0.5292857142857142,0.4789279738221689,0.14920473098754883,"{""0"": 8, ""1"": 8, ""2"": 8, ""3"": 8, ""4"": 8, ""5"": 8, ""6"": 8, ""7"": 8, ""8"": 8, ""9"": 8, ""10"": 8, ""11"": 8, ""12"": 8, ""13"": 8}",cached_parquet_balanced_pool,bounded_robust_variant,kept_fraction=0.8214
dbpedia_14,8,0.1,class_conditional,trimmed_softmax_logreg,505,112,2800,14,0.08928571428571429,0.5564285714285714,0.490653254859604,0.16449213027954102,"{""0"": 8, ""1"": 8, ""2"": 8, ""3"": 8, ""4"": 8, ""5"": 8, ""6"": 8, ""7"": 8, ""8"": 8, ""9"": 8, ""10"": 8, ""11"": 8, ""12"": 8, ""13"": 8}",cached_parquet_balanced_pool,bounded_robust_variant,kept_fraction=0.8125
dbpedia_14,8,0.2,symmetric,softmax_logreg,101,112,2800,14,0.22321428571428573,0.5789285714285715,0.5523268891989216,0.12199711799621582,"{""0"": 8, ""1"": 8, ""2"": 8, ""3"": 8, ""4"": 8, ""5"": 8, ""6"": 8, ""7"": 8, ""8"": 8, ""9"": 8, ""10"": 8, ""11"": 8, ""12"": 8, ""13"": 8}",cached_parquet_balanced_pool,linear_probabilistic,
dbpedia_14,8,0.2,symmetric,softmax_logreg,202,112,2800,14,0.22321428571428573,0.5396428571428571,0.49684859813256405,0.13863611221313477,"{""0"": 8, ""1"": 8, ""2"": 8, ""3"": 8, ""4"": 8, ""5"": 8, ""6"": 8, ""7"": 8, ""8"": 8, ""9"": 8, ""10"": 8, ""11"": 8, ""12"": 8, ""13"": 8}",cached_parquet_balanced_pool,linear_probabilistic,
dbpedia_14,8,0.2,symmetric,softmax_logreg,303,112,2800,14,0.23214285714285715,0.5171428571428571,0.4649355426602285,0.13558530807495117,"{""0"": 8, ""1"": 8, ""2"": 8, ""3"": 8, ""4"": 8, ""5"": 8, ""6"": 8, ""7"": 8, ""8"": 8, ""9"": 8, ""10"": 8, ""11"": 8, ""12"": 8, ""13"": 8}",cached_parquet_balanced_pool,linear_probabilistic,
dbpedia_14,8,0.2,symmetric,softmax_logreg,404,112,2800,14,0.17857142857142858,0.5192857142857142,0.5145615523029087,0.15161967277526855,"{""0"": 8, ""1"": 8, ""2"": 8, ""3"": 8, ""4"": 8, ""5"": 8, ""6"": 8, ""7"": 8, ""8"": 8, ""9"": 8, ""10"": 8, ""11"": 8, ""12"": 8, ""13"": 8}",cached_parquet_balanced_pool,linear_probabilistic,
dbpedia_14,8,0.2,symmetric,softmax_logreg,505,112,2800,14,0.17857142857142858,0.5914285714285714,0.5657502939725901,0.11912202835083008,"{""0"": 8, ""1"": 8, ""2"": 8, ""3"": 8, ""4"": 8, ""5"": 8, ""6"": 8, ""7"": 8, ""8"": 8, ""9"": 8, ""10"": 8, ""11"": 8, ""12"": 8, ""13"": 8}",cached_parquet_balanced_pool,linear_probabilistic,
dbpedia_14,8,0.2,symmetric,multinomial_nb,101,112,2800,14,0.22321428571428573,0.6442857142857142,0.6350747685583914,0.07996487617492676,"{""0"": 8, ""1"": 8, ""2"": 8, ""3"": 8, ""4"": 8, ""5"": 8, ""6"": 8, ""7"": 8, ""8"": 8, ""9"": 8, ""10"": 8, ""11"": 8, ""12"": 8, ""13"": 8}",cached_parquet_balanced_pool,generative_nb,
dbpedia_14,8,0.2,symmetric,multinomial_nb,202,112,2800,14,0.22321428571428573,0.5817857142857142,0.5309258073047262,0.07924270629882812,"{""0"": 8, ""1"": 8, ""2"": 8, ""3"": 8, ""4"": 8, ""5"": 8, ""6"": 8, ""7"": 8, ""8"": 8, ""9"": 8, ""10"": 8, ""11"": 8, ""12"": 8, ""13"": 8}",cached_parquet_balanced_pool,generative_nb,
dbpedia_14,8,0.2,symmetric,multinomial_nb,303,112,2800,14,0.23214285714285715,0.5635714285714286,0.5302411027929386,0.08320736885070801,"{""0"": 8, ""1"": 8, ""2"": 8, ""3"": 8, ""4"": 8, ""5"": 8, ""6"": 8, ""7"": 8, ""8"": 8, ""9"": 8, ""10"": 8, ""11"": 8, ""12"": 8, ""13"": 8}",cached_parquet_balanced_pool,generative_nb,
dbpedia_14,8,0.2,symmetric,multinomial_nb,404,112,2800,14,0.17857142857142858,0.55,0.5492063193343745,0.08133912086486816,"{""0"": 8, ""1"": 8, ""2"": 8, ""3"": 8, ""4"": 8, ""5"": 8, ""6"": 8, ""7"": 8, ""8"": 8, ""9"": 8, ""10"": 8, ""11"": 8, ""12"": 8, ""13"": 8}",cached_parquet_balanced_pool,generative_nb,
dbpedia_14,8,0.2,symmetric,multinomial_nb,505,112,2800,14,0.17857142857142858,0.61,0.5880738438525818,0.08022284507751465,"{""0"": 8, ""1"": 8, ""2"": 8, ""3"": 8, ""4"": 8, ""5"": 8, ""6"": 8, ""7"": 8, ""8"": 8, ""9"": 8, ""10"": 8, ""11"": 8, ""12"": 8, ""13"": 8}",cached_parquet_balanced_pool,generative_nb,
dbpedia_14,8,0.2,symmetric,linear_svm_hinge,101,112,2800,14,0.22321428571428573,0.33464285714285713,0.2872160223297833,0.2423086166381836,"{""0"": 8, ""1"": 8, ""2"": 8, ""3"": 8, ""4"": 8, ""5"": 8, ""6"": 8, ""7"": 8, ""8"": 8, ""9"": 8, ""10"": 8, ""11"": 8, ""12"": 8, ""13"": 8}",cached_parquet_balanced_pool,linear_margin,
dbpedia_14,8,0.2,symmetric,linear_svm_hinge,202,112,2800,14,0.22321428571428573,0.5060714285714286,0.45850169577647687,0.2172095775604248,"{""0"": 8, ""1"": 8, ""2"": 8, ""3"": 8, ""4"": 8, ""5"": 8, ""6"": 8, ""7"": 8, ""8"": 8, ""9"": 8, ""10"": 8, ""11"": 8, ""12"": 8, ""13"": 8}",cached_parquet_balanced_pool,linear_margin,
dbpedia_14,8,0.2,symmetric,linear_svm_hinge,303,112,2800,14,0.23214285714285715,0.4614285714285714,0.3939445531594548,0.2305316925048828,"{""0"": 8, ""1"": 8, ""2"": 8, ""3"": 8, ""4"": 8, ""5"": 8, ""6"": 8, ""7"": 8, ""8"": 8, ""9"": 8, ""10"": 8, ""11"": 8, ""12"": 8, ""13"": 8}",cached_parquet_balanced_pool,linear_margin,
dbpedia_14,8,0.2,symmetric,linear_svm_hinge,404,112,2800,14,0.17857142857142858,0.43535714285714283,0.41945749862876586,0.203291654586792,"{""0"": 8, ""1"": 8, ""2"": 8, ""3"": 8, ""4"": 8, ""5"": 8, ""6"": 8, ""7"": 8, ""8"": 8, ""9"": 8, ""10"": 8, ""11"": 8, ""12"": 8, ""13"": 8}",cached_parquet_balanced_pool,linear_margin,
dbpedia_14,8,0.2,symmetric,linear_svm_hinge,505,112,2800,14,0.17857142857142858,0.42678571428571427,0.3786879959526222,0.2301187515258789,"{""0"": 8, ""1"": 8, ""2"": 8, ""3"": 8, ""4"": 8, ""5"": 8, ""6"": 8, ""7"": 8, ""8"": 8, ""9"": 8, ""10"": 8, ""11"": 8, ""12"": 8, ""13"": 8}",cached_parquet_balanced_pool,linear_margin,
dbpedia_14,8,0.2,symmetric,trimmed_softmax_logreg,101,112,2800,14,0.22321428571428573,0.5271428571428571,0.45357547773500223,0.13994789123535156,"{""0"": 8, ""1"": 8, ""2"": 8, ""3"": 8, ""4"": 8, ""5"": 8, ""6"": 8, ""7"": 8, ""8"": 8, ""9"": 8, ""10"": 8, ""11"": 8, ""12"": 8, ""13"": 8}",cached_parquet_balanced_pool,bounded_robust_variant,kept_fraction=0.8304
dbpedia_14,8,0.2,symmetric,trimmed_softmax_logreg,202,112,2800,14,0.22321428571428573,0.4664285714285714,0.41473589292235447,0.15593767166137695,"{""0"": 8, ""1"": 8, ""2"": 8, ""3"": 8, ""4"": 8, ""5"": 8, ""6"": 8, ""7"": 8, ""8"": 8, ""9"": 8, ""10"": 8, ""11"": 8, ""12"": 8, ""13"": 8}",cached_parquet_balanced_pool,bounded_robust_variant,kept_fraction=0.8304
dbpedia_14,8,0.2,symmetric,trimmed_softmax_logreg,303,112,2800,14,0.23214285714285715,0.5014285714285714,0.4292376443934722,0.1434948444366455,"{""0"": 8, ""1"": 8, ""2"": 8, ""3"": 8, ""4"": 8, ""5"": 8, ""6"": 8, ""7"": 8, ""8"": 8, ""9"": 8, ""10"": 8, ""11"": 8, ""12"": 8, ""13"": 8}",cached_parquet_balanced_pool,bounded_robust_variant,kept_fraction=0.8393
dbpedia_14,8,0.2,symmetric,trimmed_softmax_logreg,404,112,2800,14,0.17857142857142858,0.45321428571428574,0.4138954072935247,0.13258862495422363,"{""0"": 8, ""1"": 8, ""2"": 8, ""3"": 8, ""4"": 8, ""5"": 8, ""6"": 8, ""7"": 8, ""8"": 8, ""9"": 8, ""10"": 8, ""11"": 8, ""12"": 8, ""13"": 8}",cached_parquet_balanced_pool,bounded_robust_variant,kept_fraction=0.8214
dbpedia_14,8,0.2,symmetric,trimmed_softmax_logreg,505,112,2800,14,0.17857142857142858,0.5060714285714286,0.44214230366732654,0.14895892143249512,"{""0"": 8, ""1"": 8, ""2"": 8, ""3"": 8, ""4"": 8, ""5"": 8, ""6"": 8, ""7"": 8, ""8"": 8, ""9"": 8, ""10"": 8, ""11"": 8, ""12"": 8, ""13"": 8}",cached_parquet_balanced_pool,bounded_robust_variant,kept_fraction=0.8214
dbpedia_14,8,0.2,class_conditional,softmax_logreg,101,112,2800,14,0.23214285714285715,0.5478571428571428,0.5063074593301906,0.11956286430358887,"{""0"": 8, ""1"": 8, ""2"": 8, ""3"": 8, ""4"": 8, ""5"": 8, ""6"": 8, ""7"": 8, ""8"": 8, ""9"": 8, ""10"": 8, ""11"": 8, ""12"": 8, ""13"": 8}",cached_parquet_balanced_pool,linear_probabilistic,
dbpedia_14,8,0.2,class_conditional,softmax_logreg,202,112,2800,14,0.1875,0.6246428571428572,0.5925396851732934,0.12328410148620605,"{""0"": 8, ""1"": 8, ""2"": 8, ""3"": 8, ""4"": 8, ""5"": 8, ""6"": 8, ""7"": 8, ""8"": 8, ""9"": 8, ""10"": 8, ""11"": 8, ""12"": 8, ""13"": 8}",cached_parquet_balanced_pool,linear_probabilistic,
dbpedia_14,8,0.2,class_conditional,softmax_logreg,303,112,2800,14,0.22321428571428573,0.585,0.566052988195642,0.14673686027526855,"{""0"": 8, ""1"": 8, ""2"": 8, ""3"": 8, ""4"": 8, ""5"": 8, ""6"": 8, ""7"": 8, ""8"": 8, ""9"": 8, ""10"": 8, ""11"": 8, ""12"": 8, ""13"": 8}",cached_parquet_balanced_pool,linear_probabilistic,
dbpedia_14,8,0.2,class_conditional,softmax_logreg,404,112,2800,14,0.21428571428571427,0.525,0.5202345080230485,0.13872194290161133,"{""0"": 8, ""1"": 8, ""2"": 8, ""3"": 8, ""4"": 8, ""5"": 8, ""6"": 8, ""7"": 8, ""8"": 8, ""9"": 8, ""10"": 8, ""11"": 8, ""12"": 8, ""13"": 8}",cached_parquet_balanced_pool,linear_probabilistic,
dbpedia_14,8,0.2,class_conditional,softmax_logreg,505,112,2800,14,0.1875,0.5764285714285714,0.5615815201681512,0.12529802322387695,"{""0"": 8, ""1"": 8, ""2"": 8, ""3"": 8, ""4"": 8, ""5"": 8, ""6"": 8, ""7"": 8, ""8"": 8, ""9"": 8, ""10"": 8, ""11"": 8, ""12"": 8, ""13"": 8}",cached_parquet_balanced_pool,linear_probabilistic,
dbpedia_14,8,0.2,class_conditional,multinomial_nb,101,112,2800,14,0.23214285714285715,0.5828571428571429,0.5546749026746353,0.08169388771057129,"{""0"": 8, ""1"": 8, ""2"": 8, ""3"": 8, ""4"": 8, ""5"": 8, ""6"": 8, ""7"": 8, ""8"": 8, ""9"": 8, ""10"": 8, ""11"": 8, ""12"": 8, ""13"": 8}",cached_parquet_balanced_pool,generative_nb,
dbpedia_14,8,0.2,class_conditional,multinomial_nb,202,112,2800,14,0.1875,0.6367857142857143,0.6116861850479819,0.07992076873779297,"{""0"": 8, ""1"": 8, ""2"": 8, ""3"": 8, ""4"": 8, ""5"": 8, ""6"": 8, ""7"": 8, ""8"": 8, ""9"": 8, ""10"": 8, ""11"": 8, ""12"": 8, ""13"": 8}",cached_parquet_balanced_pool,generative_nb,
dbpedia_14,8,0.2,class_conditional,multinomial_nb,303,112,2800,14,0.22321428571428573,0.6385714285714286,0.6259250432403703,0.08462142944335938,"{""0"": 8, ""1"": 8, ""2"": 8, ""3"": 8, ""4"": 8, ""5"": 8, ""6"": 8, ""7"": 8, ""8"": 8, ""9"": 8, ""10"": 8, ""11"": 8, ""12"": 8, ""13"": 8}",cached_parquet_balanced_pool,generative_nb,
dbpedia_14,8,0.2,class_conditional,multinomial_nb,404,112,2800,14,0.21428571428571427,0.5614285714285714,0.5436004325116378,0.0818941593170166,"{""0"": 8, ""1"": 8, ""2"": 8, ""3"": 8, ""4"": 8, ""5"": 8, ""6"": 8, ""7"": 8, ""8"": 8, ""9"": 8, ""10"": 8, ""11"": 8, ""12"": 8, ""13"": 8}",cached_parquet_balanced_pool,generative_nb,
dbpedia_14,8,0.2,class_conditional,multinomial_nb,505,112,2800,14,0.1875,0.61,0.5979813026786528,0.08017468452453613,"{""0"": 8, ""1"": 8, ""2"": 8, ""3"": 8, ""4"": 8, ""5"": 8, ""6"": 8, ""7"": 8, ""8"": 8, ""9"": 8, ""10"": 8, ""11"": 8, ""12"": 8, ""13"": 8}",cached_parquet_balanced_pool,generative_nb,
dbpedia_14,8,0.2,class_conditional,linear_svm_hinge,101,112,2800,14,0.23214285714285715,0.40535714285714286,0.33315886112049087,0.21550989151000977,"{""0"": 8, ""1"": 8, ""2"": 8, ""3"": 8, ""4"": 8, ""5"": 8, ""6"": 8, ""7"": 8, ""8"": 8, ""9"": 8, ""10"": 8, ""11"": 8, ""12"": 8, ""13"": 8}",cached_parquet_balanced_pool,linear_margin,
dbpedia_14,8,0.2,class_conditional,linear_svm_hinge,202,112,2800,14,0.1875,0.4203571428571429,0.3732697254880171,0.20913982391357422,"{""0"": 8, ""1"": 8, ""2"": 8, ""3"": 8, ""4"": 8, ""5"": 8, ""6"": 8, ""7"": 8, ""8"": 8, ""9"": 8, ""10"": 8, ""11"": 8, ""12"": 8, ""13"": 8}",cached_parquet_balanced_pool,linear_margin,
dbpedia_14,8,0.2,class_conditional,linear_svm_hinge,303,112,2800,14,0.22321428571428573,0.35,0.3359109586260223,0.20405268669128418,"{""0"": 8, ""1"": 8, ""2"": 8, ""3"": 8, ""4"": 8, ""5"": 8, ""6"": 8, ""7"": 8, ""8"": 8, ""9"": 8, ""10"": 8, ""11"": 8, ""12"": 8, ""13"": 8}",cached_parquet_balanced_pool,linear_margin,
dbpedia_14,8,0.2,class_conditional,linear_svm_hinge,404,112,2800,14,0.21428571428571427,0.41964285714285715,0.34043284642894844,0.2060539722442627,"{""0"": 8, ""1"": 8, ""2"": 8, ""3"": 8, ""4"": 8, ""5"": 8, ""6"": 8, ""7"": 8, ""8"": 8, ""9"": 8, ""10"": 8, ""11"": 8, ""12"": 8, ""13"": 8}",cached_parquet_balanced_pool,linear_margin,
dbpedia_14,8,0.2,class_conditional,linear_svm_hinge,505,112,2800,14,0.1875,0.3914285714285714,0.34047097650119856,0.23543572425842285,"{""0"": 8, ""1"": 8, ""2"": 8, ""3"": 8, ""4"": 8, ""5"": 8, ""6"": 8, ""7"": 8, ""8"": 8, ""9"": 8, ""10"": 8, ""11"": 8, ""12"": 8, ""13"": 8}",cached_parquet_balanced_pool,linear_margin,
dbpedia_14,8,0.2,class_conditional,trimmed_softmax_logreg,101,112,2800,14,0.23214285714285715,0.5,0.4225763439901641,0.1899704933166504,"{""0"": 8, ""1"": 8, ""2"": 8, ""3"": 8, ""4"": 8, ""5"": 8, ""6"": 8, ""7"": 8, ""8"": 8, ""9"": 8, ""10"": 8, ""11"": 8, ""12"": 8, ""13"": 8}",cached_parquet_balanced_pool,bounded_robust_variant,kept_fraction=0.8214
dbpedia_14,8,0.2,class_conditional,trimmed_softmax_logreg,202,112,2800,14,0.1875,0.5578571428571428,0.5023598890560833,0.16255879402160645,"{""0"": 8, ""1"": 8, ""2"": 8, ""3"": 8, ""4"": 8, ""5"": 8, ""6"": 8, ""7"": 8, ""8"": 8, ""9"": 8, ""10"": 8, ""11"": 8, ""12"": 8, ""13"": 8}",cached_parquet_balanced_pool,bounded_robust_variant,kept_fraction=0.8214
dbpedia_14,8,0.2,class_conditional,trimmed_softmax_logreg,303,112,2800,14,0.22321428571428573,0.49892857142857144,0.4310459529677482,0.13855743408203125,"{""0"": 8, ""1"": 8, ""2"": 8, ""3"": 8, ""4"": 8, ""5"": 8, ""6"": 8, ""7"": 8, ""8"": 8, ""9"": 8, ""10"": 8, ""11"": 8, ""12"": 8, ""13"": 8}",cached_parquet_balanced_pool,bounded_robust_variant,kept_fraction=0.8125
dbpedia_14,8,0.2,class_conditional,trimmed_softmax_logreg,404,112,2800,14,0.21428571428571427,0.47928571428571426,0.43802694354046995,0.15934133529663086,"{""0"": 8, ""1"": 8, ""2"": 8, ""3"": 8, ""4"": 8, ""5"": 8, ""6"": 8, ""7"": 8, ""8"": 8, ""9"": 8, ""10"": 8, ""11"": 8, ""12"": 8, ""13"": 8}",cached_parquet_balanced_pool,bounded_robust_variant,kept_fraction=0.8214
dbpedia_14,8,0.2,class_conditional,trimmed_softmax_logreg,505,112,2800,14,0.1875,0.4725,0.40030306252206843,0.15883445739746094,"{""0"": 8, ""1"": 8, ""2"": 8, ""3"": 8, ""4"": 8, ""5"": 8, ""6"": 8, ""7"": 8, ""8"": 8, ""9"": 8, ""10"": 8, ""11"": 8, ""12"": 8, ""13"": 8}",cached_parquet_balanced_pool,bounded_robust_variant,kept_fraction=0.8125
dbpedia_14,8,0.3,symmetric,softmax_logreg,101,112,2800,14,0.30357142857142855,0.45357142857142857,0.43633215560199023,0.12831902503967285,"{""0"": 8, ""1"": 8, ""2"": 8, ""3"": 8, ""4"": 8, ""5"": 8, ""6"": 8, ""7"": 8, ""8"": 8, ""9"": 8, ""10"": 8, ""11"": 8, ""12"": 8, ""13"": 8}",cached_parquet_balanced_pool,linear_probabilistic,
dbpedia_14,8,0.3,symmetric,softmax_logreg,202,112,2800,14,0.29464285714285715,0.4903571428571429,0.4656879789777615,0.14712095260620117,"{""0"": 8, ""1"": 8, ""2"": 8, ""3"": 8, ""4"": 8, ""5"": 8, ""6"": 8, ""7"": 8, ""8"": 8, ""9"": 8, ""10"": 8, ""11"": 8, ""12"": 8, ""13"": 8}",cached_parquet_balanced_pool,linear_probabilistic,
dbpedia_14,8,0.3,symmetric,softmax_logreg,303,112,2800,14,0.32142857142857145,0.4539285714285714,0.39736497586412317,0.12697076797485352,"{""0"": 8, ""1"": 8, ""2"": 8, ""3"": 8, ""4"": 8, ""5"": 8, ""6"": 8, ""7"": 8, ""8"": 8, ""9"": 8, ""10"": 8, ""11"": 8, ""12"": 8, ""13"": 8}",cached_parquet_balanced_pool,linear_probabilistic,
dbpedia_14,8,0.3,symmetric,softmax_logreg,404,112,2800,14,0.32142857142857145,0.5157142857142857,0.456001559641186,0.12988495826721191,"{""0"": 8, ""1"": 8, ""2"": 8, ""3"": 8, ""4"": 8, ""5"": 8, ""6"": 8, ""7"": 8, ""8"": 8, ""9"": 8, ""10"": 8, ""11"": 8, ""12"": 8, ""13"": 8}",cached_parquet_balanced_pool,linear_probabilistic,
dbpedia_14,8,0.3,symmetric,softmax_logreg,505,112,2800,14,0.26785714285714285,0.5171428571428571,0.4976614354634317,0.15280938148498535,"{""0"": 8, ""1"": 8, ""2"": 8, ""3"": 8, ""4"": 8, ""5"": 8, ""6"": 8, ""7"": 8, ""8"": 8, ""9"": 8, ""10"": 8, ""11"": 8, ""12"": 8, ""13"": 8}",cached_parquet_balanced_pool,linear_probabilistic,
dbpedia_14,8,0.3,symmetric,multinomial_nb,101,112,2800,14,0.30357142857142855,0.5242857142857142,0.5138748612498723,0.08024406433105469,"{""0"": 8, ""1"": 8, ""2"": 8, ""3"": 8, ""4"": 8, ""5"": 8, ""6"": 8, ""7"": 8, ""8"": 8, ""9"": 8, ""10"": 8, ""11"": 8, ""12"": 8, ""13"": 8}",cached_parquet_balanced_pool,generative_nb,
dbpedia_14,8,0.3,symmetric,multinomial_nb,202,112,2800,14,0.29464285714285715,0.5532142857142858,0.49629633827223646,0.07965660095214844,"{""0"": 8, ""1"": 8, ""2"": 8, ""3"": 8, ""4"": 8, ""5"": 8, ""6"": 8, ""7"": 8, ""8"": 8, ""9"": 8, ""10"": 8, ""11"": 8, ""12"": 8, ""13"": 8}",cached_parquet_balanced_pool,generative_nb,
dbpedia_14,8,0.3,symmetric,multinomial_nb,303,112,2800,14,0.32142857142857145,0.5210714285714285,0.48651211723883475,0.08209443092346191,"{""0"": 8, ""1"": 8, ""2"": 8, ""3"": 8, ""4"": 8, ""5"": 8, ""6"": 8, ""7"": 8, ""8"": 8, ""9"": 8, ""10"": 8, ""11"": 8, ""12"": 8, ""13"": 8}",cached_parquet_balanced_pool,generative_nb,
dbpedia_14,8,0.3,symmetric,multinomial_nb,404,112,2800,14,0.32142857142857145,0.5396428571428571,0.4956797205427358,0.08448576927185059,"{""0"": 8, ""1"": 8, ""2"": 8, ""3"": 8, ""4"": 8, ""5"": 8, ""6"": 8, ""7"": 8, ""8"": 8, ""9"": 8, ""10"": 8, ""11"": 8, ""12"": 8, ""13"": 8}",cached_parquet_balanced_pool,generative_nb,
dbpedia_14,8,0.3,symmetric,multinomial_nb,505,112,2800,14,0.26785714285714285,0.5710714285714286,0.5534948149460736,0.08641529083251953,"{""0"": 8, ""1"": 8, ""2"": 8, ""3"": 8, ""4"": 8, ""5"": 8, ""6"": 8, ""7"": 8, ""8"": 8, ""9"": 8, ""10"": 8, ""11"": 8, ""12"": 8, ""13"": 8}",cached_parquet_balanced_pool,generative_nb,
dbpedia_14,8,0.3,symmetric,linear_svm_hinge,101,112,2800,14,0.30357142857142855,0.24535714285714286,0.24837384710873223,0.21549129486083984,"{""0"": 8, ""1"": 8, ""2"": 8, ""3"": 8, ""4"": 8, ""5"": 8, ""6"": 8, ""7"": 8, ""8"": 8, ""9"": 8, ""10"": 8, ""11"": 8, ""12"": 8, ""13"": 8}",cached_parquet_balanced_pool,linear_margin,
dbpedia_14,8,0.3,symmetric,linear_svm_hinge,202,112,2800,14,0.29464285714285715,0.40285714285714286,0.3661464587397454,0.23750925064086914,"{""0"": 8, ""1"": 8, ""2"": 8, ""3"": 8, ""4"": 8, ""5"": 8, ""6"": 8, ""7"": 8, ""8"": 8, ""9"": 8, ""10"": 8, ""11"": 8, ""12"": 8, ""13"": 8}",cached_parquet_balanced_pool,linear_margin,
dbpedia_14,8,0.3,symmetric,linear_svm_hinge,303,112,2800,14,0.32142857142857145,0.31357142857142856,0.2685845917758931,0.2223682403564453,"{""0"": 8, ""1"": 8, ""2"": 8, ""3"": 8, ""4"": 8, ""5"": 8, ""6"": 8, ""7"": 8, ""8"": 8, ""9"": 8, ""10"": 8, ""11"": 8, ""12"": 8, ""13"": 8}",cached_parquet_balanced_pool,linear_margin,
dbpedia_14,8,0.3,symmetric,linear_svm_hinge,404,112,2800,14,0.32142857142857145,0.3535714285714286,0.308758004395222,0.218153715133667,"{""0"": 8, ""1"": 8, ""2"": 8, ""3"": 8, ""4"": 8, ""5"": 8, ""6"": 8, ""7"": 8, ""8"": 8, ""9"": 8, ""10"": 8, ""11"": 8, ""12"": 8, ""13"": 8}",cached_parquet_balanced_pool,linear_margin,
dbpedia_14,8,0.3,symmetric,linear_svm_hinge,505,112,2800,14,0.26785714285714285,0.32857142857142857,0.28165385817243044,0.2420201301574707,"{""0"": 8, ""1"": 8, ""2"": 8, ""3"": 8, ""4"": 8, ""5"": 8, ""6"": 8, ""7"": 8, ""8"": 8, ""9"": 8, ""10"": 8, ""11"": 8, ""12"": 8, ""13"": 8}",cached_parquet_balanced_pool,linear_margin,
dbpedia_14,8,0.3,symmetric,trimmed_softmax_logreg,101,112,2800,14,0.30357142857142855,0.3846428571428571,0.324297111736052,0.1643972396850586,"{""0"": 8, ""1"": 8, ""2"": 8, ""3"": 8, ""4"": 8, ""5"": 8, ""6"": 8, ""7"": 8, ""8"": 8, ""9"": 8, ""10"": 8, ""11"": 8, ""12"": 8, ""13"": 8}",cached_parquet_balanced_pool,bounded_robust_variant,kept_fraction=0.8214
dbpedia_14,8,0.3,symmetric,trimmed_softmax_logreg,202,112,2800,14,0.29464285714285715,0.49857142857142855,0.457223469118775,0.15916991233825684,"{""0"": 8, ""1"": 8, ""2"": 8, ""3"": 8, ""4"": 8, ""5"": 8, ""6"": 8, ""7"": 8, ""8"": 8, ""9"": 8, ""10"": 8, ""11"": 8, ""12"": 8, ""13"": 8}",cached_parquet_balanced_pool,bounded_robust_variant,kept_fraction=0.8304
dbpedia_14,8,0.3,symmetric,trimmed_softmax_logreg,303,112,2800,14,0.32142857142857145,0.4407142857142857,0.36759546990900505,0.14219141006469727,"{""0"": 8, ""1"": 8, ""2"": 8, ""3"": 8, ""4"": 8, ""5"": 8, ""6"": 8, ""7"": 8, ""8"": 8, ""9"": 8, ""10"": 8, ""11"": 8, ""12"": 8, ""13"": 8}",cached_parquet_balanced_pool,bounded_robust_variant,kept_fraction=0.8304
dbpedia_14,8,0.3,symmetric,trimmed_softmax_logreg,404,112,2800,14,0.32142857142857145,0.45821428571428574,0.3650843463422725,0.1781303882598877,"{""0"": 8, ""1"": 8, ""2"": 8, ""3"": 8, ""4"": 8, ""5"": 8, ""6"": 8, ""7"": 8, ""8"": 8, ""9"": 8, ""10"": 8, ""11"": 8, ""12"": 8, ""13"": 8}",cached_parquet_balanced_pool,bounded_robust_variant,kept_fraction=0.8125
dbpedia_14,8,0.3,symmetric,trimmed_softmax_logreg,505,112,2800,14,0.26785714285714285,0.4689285714285714,0.4141943333793526,0.15580272674560547,"{""0"": 8, ""1"": 8, ""2"": 8, ""3"": 8, ""4"": 8, ""5"": 8, ""6"": 8, ""7"": 8, ""8"": 8, ""9"": 8, ""10"": 8, ""11"": 8, ""12"": 8, ""13"": 8}",cached_parquet_balanced_pool,bounded_robust_variant,kept_fraction=0.8214
dbpedia_14,8,0.3,class_conditional,softmax_logreg,101,112,2800,14,0.33035714285714285,0.4714285714285714,0.40519748476233414,0.14211177825927734,"{""0"": 8, ""1"": 8, ""2"": 8, ""3"": 8, ""4"": 8, ""5"": 8, ""6"": 8, ""7"": 8, ""8"": 8, ""9"": 8, ""10"": 8, ""11"": 8, ""12"": 8, ""13"": 8}",cached_parquet_balanced_pool,linear_probabilistic,
dbpedia_14,8,0.3,class_conditional,softmax_logreg,202,112,2800,14,0.26785714285714285,0.5889285714285715,0.5738125416870477,0.1384272575378418,"{""0"": 8, ""1"": 8, ""2"": 8, ""3"": 8, ""4"": 8, ""5"": 8, ""6"": 8, ""7"": 8, ""8"": 8, ""9"": 8, ""10"": 8, ""11"": 8, ""12"": 8, ""13"": 8}",cached_parquet_balanced_pool,linear_probabilistic,
dbpedia_14,8,0.3,class_conditional,softmax_logreg,303,112,2800,14,0.2857142857142857,0.5364285714285715,0.5188578267633317,0.15040349960327148,"{""0"": 8, ""1"": 8, ""2"": 8, ""3"": 8, ""4"": 8, ""5"": 8, ""6"": 8, ""7"": 8, ""8"": 8, ""9"": 8, ""10"": 8, ""11"": 8, ""12"": 8, ""13"": 8}",cached_parquet_balanced_pool,linear_probabilistic,
dbpedia_14,8,0.3,class_conditional,softmax_logreg,404,112,2800,14,0.36607142857142855,0.43357142857142855,0.4061319907227149,0.14077544212341309,"{""0"": 8, ""1"": 8, ""2"": 8, ""3"": 8, ""4"": 8, ""5"": 8, ""6"": 8, ""7"": 8, ""8"": 8, ""9"": 8, ""10"": 8, ""11"": 8, ""12"": 8, ""13"": 8}",cached_parquet_balanced_pool,linear_probabilistic,
dbpedia_14,8,0.3,class_conditional,softmax_logreg,505,112,2800,14,0.26785714285714285,0.5071428571428571,0.4579298373500542,0.12938451766967773,"{""0"": 8, ""1"": 8, ""2"": 8, ""3"": 8, ""4"": 8, ""5"": 8, ""6"": 8, ""7"": 8, ""8"": 8, ""9"": 8, ""10"": 8, ""11"": 8, ""12"": 8, ""13"": 8}",cached_parquet_balanced_pool,linear_probabilistic,
dbpedia_14,8,0.3,class_conditional,multinomial_nb,101,112,2800,14,0.33035714285714285,0.4875,0.43916995503918993,0.08350110054016113,"{""0"": 8, ""1"": 8, ""2"": 8, ""3"": 8, ""4"": 8, ""5"": 8, ""6"": 8, ""7"": 8, ""8"": 8, ""9"": 8, ""10"": 8, ""11"": 8, ""12"": 8, ""13"": 8}",cached_parquet_balanced_pool,generative_nb,
dbpedia_14,8,0.3,class_conditional,multinomial_nb,202,112,2800,14,0.26785714285714285,0.6092857142857143,0.5931445027949309,0.08253979682922363,"{""0"": 8, ""1"": 8, ""2"": 8, ""3"": 8, ""4"": 8, ""5"": 8, ""6"": 8, ""7"": 8, ""8"": 8, ""9"": 8, ""10"": 8, ""11"": 8, ""12"": 8, ""13"": 8}",cached_parquet_balanced_pool,generative_nb,
dbpedia_14,8,0.3,class_conditional,multinomial_nb,303,112,2800,14,0.2857142857142857,0.5896428571428571,0.5729198723763148,0.08721590042114258,"{""0"": 8, ""1"": 8, ""2"": 8, ""3"": 8, ""4"": 8, ""5"": 8, ""6"": 8, ""7"": 8, ""8"": 8, ""9"": 8, ""10"": 8, ""11"": 8, ""12"": 8, ""13"": 8}",cached_parquet_balanced_pool,generative_nb,
dbpedia_14,8,0.3,class_conditional,multinomial_nb,404,112,2800,14,0.36607142857142855,0.4785714285714286,0.44606007578690693,0.08030819892883301,"{""0"": 8, ""1"": 8, ""2"": 8, ""3"": 8, ""4"": 8, ""5"": 8, ""6"": 8, ""7"": 8, ""8"": 8, ""9"": 8, ""10"": 8, ""11"": 8, ""12"": 8, ""13"": 8}",cached_parquet_balanced_pool,generative_nb,
dbpedia_14,8,0.3,class_conditional,multinomial_nb,505,112,2800,14,0.26785714285714285,0.5478571428571428,0.5235220408305316,0.08725976943969727,"{""0"": 8, ""1"": 8, ""2"": 8, ""3"": 8, ""4"": 8, ""5"": 8, ""6"": 8, ""7"": 8, ""8"": 8, ""9"": 8, ""10"": 8, ""11"": 8, ""12"": 8, ""13"": 8}",cached_parquet_balanced_pool,generative_nb,
dbpedia_14,8,0.3,class_conditional,linear_svm_hinge,101,112,2800,14,0.33035714285714285,0.36392857142857143,0.2689978844061111,0.2386302947998047,"{""0"": 8, ""1"": 8, ""2"": 8, ""3"": 8, ""4"": 8, ""5"": 8, ""6"": 8, ""7"": 8, ""8"": 8, ""9"": 8, ""10"": 8, ""11"": 8, ""12"": 8, ""13"": 8}",cached_parquet_balanced_pool,linear_margin,
dbpedia_14,8,0.3,class_conditional,linear_svm_hinge,202,112,2800,14,0.26785714285714285,0.44035714285714284,0.3712283443093645,0.21795988082885742,"{""0"": 8, ""1"": 8, ""2"": 8, ""3"": 8, ""4"": 8, ""5"": 8, ""6"": 8, ""7"": 8, ""8"": 8, ""9"": 8, ""10"": 8, ""11"": 8, ""12"": 8, ""13"": 8}",cached_parquet_balanced_pool,linear_margin,
dbpedia_14,8,0.3,class_conditional,linear_svm_hinge,303,112,2800,14,0.2857142857142857,0.3842857142857143,0.3474359461382171,0.22661662101745605,"{""0"": 8, ""1"": 8, ""2"": 8, ""3"": 8, ""4"": 8, ""5"": 8, ""6"": 8, ""7"": 8, ""8"": 8, ""9"": 8, ""10"": 8, ""11"": 8, ""12"": 8, ""13"": 8}",cached_parquet_balanced_pool,linear_margin,
dbpedia_14,8,0.3,class_conditional,linear_svm_hinge,404,112,2800,14,0.36607142857142855,0.2739285714285714,0.23881626426688868,0.21089982986450195,"{""0"": 8, ""1"": 8, ""2"": 8, ""3"": 8, ""4"": 8, ""5"": 8, ""6"": 8, ""7"": 8, ""8"": 8, ""9"": 8, ""10"": 8, ""11"": 8, ""12"": 8, ""13"": 8}",cached_parquet_balanced_pool,linear_margin,
dbpedia_14,8,0.3,class_conditional,linear_svm_hinge,505,112,2800,14,0.26785714285714285,0.39071428571428574,0.3277566627872752,0.22186732292175293,"{""0"": 8, ""1"": 8, ""2"": 8, ""3"": 8, ""4"": 8, ""5"": 8, ""6"": 8, ""7"": 8, ""8"": 8, ""9"": 8, ""10"": 8, ""11"": 8, ""12"": 8, ""13"": 8}",cached_parquet_balanced_pool,linear_margin,
dbpedia_14,8,0.3,class_conditional,trimmed_softmax_logreg,101,112,2800,14,0.33035714285714285,0.4567857142857143,0.37596440223137906,0.15414094924926758,"{""0"": 8, ""1"": 8, ""2"": 8, ""3"": 8, ""4"": 8, ""5"": 8, ""6"": 8, ""7"": 8, ""8"": 8, ""9"": 8, ""10"": 8, ""11"": 8, ""12"": 8, ""13"": 8}",cached_parquet_balanced_pool,bounded_robust_variant,kept_fraction=0.8304
dbpedia_14,8,0.3,class_conditional,trimmed_softmax_logreg,202,112,2800,14,0.26785714285714285,0.5296428571428572,0.4926347174113713,0.17089033126831055,"{""0"": 8, ""1"": 8, ""2"": 8, ""3"": 8, ""4"": 8, ""5"": 8, ""6"": 8, ""7"": 8, ""8"": 8, ""9"": 8, ""10"": 8, ""11"": 8, ""12"": 8, ""13"": 8}",cached_parquet_balanced_pool,bounded_robust_variant,kept_fraction=0.8214
dbpedia_14,8,0.3,class_conditional,trimmed_softmax_logreg,303,112,2800,14,0.2857142857142857,0.4210714285714286,0.35666141839200366,0.16045737266540527,"{""0"": 8, ""1"": 8, ""2"": 8, ""3"": 8, ""4"": 8, ""5"": 8, ""6"": 8, ""7"": 8, ""8"": 8, ""9"": 8, ""10"": 8, ""11"": 8, ""12"": 8, ""13"": 8}",cached_parquet_balanced_pool,bounded_robust_variant,kept_fraction=0.8125
dbpedia_14,8,0.3,class_conditional,trimmed_softmax_logreg,404,112,2800,14,0.36607142857142855,0.4110714285714286,0.3563346502655133,0.16100645065307617,"{""0"": 8, ""1"": 8, ""2"": 8, ""3"": 8, ""4"": 8, ""5"": 8, ""6"": 8, ""7"": 8, ""8"": 8, ""9"": 8, ""10"": 8, ""11"": 8, ""12"": 8, ""13"": 8}",cached_parquet_balanced_pool,bounded_robust_variant,kept_fraction=0.8125
dbpedia_14,8,0.3,class_conditional,trimmed_softmax_logreg,505,112,2800,14,0.26785714285714285,0.4853571428571429,0.42021758242902646,0.15186285972595215,"{""0"": 8, ""1"": 8, ""2"": 8, ""3"": 8, ""4"": 8, ""5"": 8, ""6"": 8, ""7"": 8, ""8"": 8, ""9"": 8, ""10"": 8, ""11"": 8, ""12"": 8, ""13"": 8}",cached_parquet_balanced_pool,bounded_robust_variant,kept_fraction=0.8214
dbpedia_14,16,0.0,symmetric,softmax_logreg,101,224,2800,14,0.0,0.8525,0.8503699997638616,0.2759361267089844,"{""0"": 16, ""1"": 16, ""2"": 16, ""3"": 16, ""4"": 16, ""5"": 16, ""6"": 16, ""7"": 16, ""8"": 16, ""9"": 16, ""10"": 16, ""11"": 16, ""12"": 16, ""13"": 16}",cached_parquet_balanced_pool,linear_probabilistic,
dbpedia_14,16,0.0,symmetric,softmax_logreg,202,224,2800,14,0.0,0.8478571428571429,0.8446596875707114,0.21380400657653809,"{""0"": 16, ""1"": 16, ""2"": 16, ""3"": 16, ""4"": 16, ""5"": 16, ""6"": 16, ""7"": 16, ""8"": 16, ""9"": 16, ""10"": 16, ""11"": 16, ""12"": 16, ""13"": 16}",cached_parquet_balanced_pool,linear_probabilistic,
dbpedia_14,16,0.0,symmetric,softmax_logreg,303,224,2800,14,0.0,0.8435714285714285,0.8390698785735534,0.21329641342163086,"{""0"": 16, ""1"": 16, ""2"": 16, ""3"": 16, ""4"": 16, ""5"": 16, ""6"": 16, ""7"": 16, ""8"": 16, ""9"": 16, ""10"": 16, ""11"": 16, ""12"": 16, ""13"": 16}",cached_parquet_balanced_pool,linear_probabilistic,
dbpedia_14,16,0.0,symmetric,softmax_logreg,404,224,2800,14,0.0,0.8332142857142857,0.826144300992083,0.2943601608276367,"{""0"": 16, ""1"": 16, ""2"": 16, ""3"": 16, ""4"": 16, ""5"": 16, ""6"": 16, ""7"": 16, ""8"": 16, ""9"": 16, ""10"": 16, ""11"": 16, ""12"": 16, ""13"": 16}",cached_parquet_balanced_pool,linear_probabilistic,
dbpedia_14,16,0.0,symmetric,softmax_logreg,505,224,2800,14,0.0,0.835,0.8308987500323687,0.2813091278076172,"{""0"": 16, ""1"": 16, ""2"": 16, ""3"": 16, ""4"": 16, ""5"": 16, ""6"": 16, ""7"": 16, ""8"": 16, ""9"": 16, ""10"": 16, ""11"": 16, ""12"": 16, ""13"": 16}",cached_parquet_balanced_pool,linear_probabilistic,
dbpedia_14,16,0.0,symmetric,multinomial_nb,101,224,2800,14,0.0,0.8346428571428571,0.8318907362520914,0.09310340881347656,"{""0"": 16, ""1"": 16, ""2"": 16, ""3"": 16, ""4"": 16, ""5"": 16, ""6"": 16, ""7"": 16, ""8"": 16, ""9"": 16, ""10"": 16, ""11"": 16, ""12"": 16, ""13"": 16}",cached_parquet_balanced_pool,generative_nb,
dbpedia_14,16,0.0,symmetric,multinomial_nb,202,224,2800,14,0.0,0.84,0.8376978538228441,0.09624338150024414,"{""0"": 16, ""1"": 16, ""2"": 16, ""3"": 16, ""4"": 16, ""5"": 16, ""6"": 16, ""7"": 16, ""8"": 16, ""9"": 16, ""10"": 16, ""11"": 16, ""12"": 16, ""13"": 16}",cached_parquet_balanced_pool,generative_nb,
dbpedia_14,16,0.0,symmetric,multinomial_nb,303,224,2800,14,0.0,0.8457142857142858,0.8418371509736354,0.09671425819396973,"{""0"": 16, ""1"": 16, ""2"": 16, ""3"": 16, ""4"": 16, ""5"": 16, ""6"": 16, ""7"": 16, ""8"": 16, ""9"": 16, ""10"": 16, ""11"": 16, ""12"": 16, ""13"": 16}",cached_parquet_balanced_pool,generative_nb,
dbpedia_14,16,0.0,symmetric,multinomial_nb,404,224,2800,14,0.0,0.81,0.8030417482094486,0.09267139434814453,"{""0"": 16, ""1"": 16, ""2"": 16, ""3"": 16, ""4"": 16, ""5"": 16, ""6"": 16, ""7"": 16, ""8"": 16, ""9"": 16, ""10"": 16, ""11"": 16, ""12"": 16, ""13"": 16}",cached_parquet_balanced_pool,generative_nb,
dbpedia_14,16,0.0,symmetric,multinomial_nb,505,224,2800,14,0.0,0.8407142857142857,0.8375483977658841,0.10053157806396484,"{""0"": 16, ""1"": 16, ""2"": 16, ""3"": 16, ""4"": 16, ""5"": 16, ""6"": 16, ""7"": 16, ""8"": 16, ""9"": 16, ""10"": 16, ""11"": 16, ""12"": 16, ""13"": 16}",cached_parquet_balanced_pool,generative_nb,
dbpedia_14,16,0.0,symmetric,linear_svm_hinge,101,224,2800,14,0.0,0.4282142857142857,0.42330355809938647,0.48090171813964844,"{""0"": 16, ""1"": 16, ""2"": 16, ""3"": 16, ""4"": 16, ""5"": 16, ""6"": 16, ""7"": 16, ""8"": 16, ""9"": 16, ""10"": 16, ""11"": 16, ""12"": 16, ""13"": 16}",cached_parquet_balanced_pool,linear_margin,
dbpedia_14,16,0.0,symmetric,linear_svm_hinge,202,224,2800,14,0.0,0.5875,0.6174077682400572,0.5326218605041504,"{""0"": 16, ""1"": 16, ""2"": 16, ""3"": 16, ""4"": 16, ""5"": 16, ""6"": 16, ""7"": 16, ""8"": 16, ""9"": 16, ""10"": 16, ""11"": 16, ""12"": 16, ""13"": 16}",cached_parquet_balanced_pool,linear_margin,
dbpedia_14,16,0.0,symmetric,linear_svm_hinge,303,224,2800,14,0.0,0.46535714285714286,0.4627037539003802,0.5445728302001953,"{""0"": 16, ""1"": 16, ""2"": 16, ""3"": 16, ""4"": 16, ""5"": 16, ""6"": 16, ""7"": 16, ""8"": 16, ""9"": 16, ""10"": 16, ""11"": 16, ""12"": 16, ""13"": 16}",cached_parquet_balanced_pool,linear_margin,
dbpedia_14,16,0.0,symmetric,linear_svm_hinge,404,224,2800,14,0.0,0.42142857142857143,0.42975086593651934,0.5280640125274658,"{""0"": 16, ""1"": 16, ""2"": 16, ""3"": 16, ""4"": 16, ""5"": 16, ""6"": 16, ""7"": 16, ""8"": 16, ""9"": 16, ""10"": 16, ""11"": 16, ""12"": 16, ""13"": 16}",cached_parquet_balanced_pool,linear_margin,
dbpedia_14,16,0.0,symmetric,linear_svm_hinge,505,224,2800,14,0.0,0.4664285714285714,0.40697606542290765,0.5777287483215332,"{""0"": 16, ""1"": 16, ""2"": 16, ""3"": 16, ""4"": 16, ""5"": 16, ""6"": 16, ""7"": 16, ""8"": 16, ""9"": 16, ""10"": 16, ""11"": 16, ""12"": 16, ""13"": 16}",cached_parquet_balanced_pool,linear_margin,
dbpedia_14,16,0.0,symmetric,trimmed_softmax_logreg,101,224,2800,14,0.0,0.6625,0.615031555772046,0.26096200942993164,"{""0"": 16, ""1"": 16, ""2"": 16, ""3"": 16, ""4"": 16, ""5"": 16, ""6"": 16, ""7"": 16, ""8"": 16, ""9"": 16, ""10"": 16, ""11"": 16, ""12"": 16, ""13"": 16}",cached_parquet_balanced_pool,bounded_robust_variant,kept_fraction=0.7991
dbpedia_14,16,0.0,symmetric,trimmed_softmax_logreg,202,224,2800,14,0.0,0.665,0.6116058864039583,0.23878908157348633,"{""0"": 16, ""1"": 16, ""2"": 16, ""3"": 16, ""4"": 16, ""5"": 16, ""6"": 16, ""7"": 16, ""8"": 16, ""9"": 16, ""10"": 16, ""11"": 16, ""12"": 16, ""13"": 16}",cached_parquet_balanced_pool,bounded_robust_variant,kept_fraction=0.7991
dbpedia_14,16,0.0,symmetric,trimmed_softmax_logreg,303,224,2800,14,0.0,0.67,0.6105820837592405,0.3017723560333252,"{""0"": 16, ""1"": 16, ""2"": 16, ""3"": 16, ""4"": 16, ""5"": 16, ""6"": 16, ""7"": 16, ""8"": 16, ""9"": 16, ""10"": 16, ""11"": 16, ""12"": 16, ""13"": 16}",cached_parquet_balanced_pool,bounded_robust_variant,kept_fraction=0.7991
dbpedia_14,16,0.0,symmetric,trimmed_softmax_logreg,404,224,2800,14,0.0,0.6625,0.6010320042235034,0.23689031600952148,"{""0"": 16, ""1"": 16, ""2"": 16, ""3"": 16, ""4"": 16, ""5"": 16, ""6"": 16, ""7"": 16, ""8"": 16, ""9"": 16, ""10"": 16, ""11"": 16, ""12"": 16, ""13"": 16}",cached_parquet_balanced_pool,bounded_robust_variant,kept_fraction=0.7991
dbpedia_14,16,0.0,symmetric,trimmed_softmax_logreg,505,224,2800,14,0.0,0.6414285714285715,0.5857162533214909,0.33655405044555664,"{""0"": 16, ""1"": 16, ""2"": 16, ""3"": 16, ""4"": 16, ""5"": 16, ""6"": 16, ""7"": 16, ""8"": 16, ""9"": 16, ""10"": 16, ""11"": 16, ""12"": 16, ""13"": 16}",cached_parquet_balanced_pool,bounded_robust_variant,kept_fraction=0.7991
dbpedia_14,16,0.0,class_conditional,softmax_logreg,101,224,2800,14,0.0,0.8525,0.8503699997638616,0.3092348575592041,"{""0"": 16, ""1"": 16, ""2"": 16, ""3"": 16, ""4"": 16, ""5"": 16, ""6"": 16, ""7"": 16, ""8"": 16, ""9"": 16, ""10"": 16, ""11"": 16, ""12"": 16, ""13"": 16}",cached_parquet_balanced_pool,linear_probabilistic,
dbpedia_14,16,0.0,class_conditional,softmax_logreg,202,224,2800,14,0.0,0.8478571428571429,0.8446596875707114,0.26915979385375977,"{""0"": 16, ""1"": 16, ""2"": 16, ""3"": 16, ""4"": 16, ""5"": 16, ""6"": 16, ""7"": 16, ""8"": 16, ""9"": 16, ""10"": 16, ""11"": 16, ""12"": 16, ""13"": 16}",cached_parquet_balanced_pool,linear_probabilistic,
dbpedia_14,16,0.0,class_conditional,softmax_logreg,303,224,2800,14,0.0,0.8435714285714285,0.8390698785735534,0.21092939376831055,"{""0"": 16, ""1"": 16, ""2"": 16, ""3"": 16, ""4"": 16, ""5"": 16, ""6"": 16, ""7"": 16, ""8"": 16, ""9"": 16, ""10"": 16, ""11"": 16, ""12"": 16, ""13"": 16}",cached_parquet_balanced_pool,linear_probabilistic,
dbpedia_14,16,0.0,class_conditional,softmax_logreg,404,224,2800,14,0.0,0.8332142857142857,0.826144300992083,0.2092571258544922,"{""0"": 16, ""1"": 16, ""2"": 16, ""3"": 16, ""4"": 16, ""5"": 16, ""6"": 16, ""7"": 16, ""8"": 16, ""9"": 16, ""10"": 16, ""11"": 16, ""12"": 16, ""13"": 16}",cached_parquet_balanced_pool,linear_probabilistic,
dbpedia_14,16,0.0,class_conditional,softmax_logreg,505,224,2800,14,0.0,0.835,0.8308987500323687,0.2135162353515625,"{""0"": 16, ""1"": 16, ""2"": 16, ""3"": 16, ""4"": 16, ""5"": 16, ""6"": 16, ""7"": 16, ""8"": 16, ""9"": 16, ""10"": 16, ""11"": 16, ""12"": 16, ""13"": 16}",cached_parquet_balanced_pool,linear_probabilistic,
dbpedia_14,16,0.0,class_conditional,multinomial_nb,101,224,2800,14,0.0,0.8346428571428571,0.8318907362520914,0.08846879005432129,"{""0"": 16, ""1"": 16, ""2"": 16, ""3"": 16, ""4"": 16, ""5"": 16, ""6"": 16, ""7"": 16, ""8"": 16, ""9"": 16, ""10"": 16, ""11"": 16, ""12"": 16, ""13"": 16}",cached_parquet_balanced_pool,generative_nb,
dbpedia_14,16,0.0,class_conditional,multinomial_nb,202,224,2800,14,0.0,0.84,0.8376978538228441,0.08993840217590332,"{""0"": 16, ""1"": 16, ""2"": 16, ""3"": 16, ""4"": 16, ""5"": 16, ""6"": 16, ""7"": 16, ""8"": 16, ""9"": 16, ""10"": 16, ""11"": 16, ""12"": 16, ""13"": 16}",cached_parquet_balanced_pool,generative_nb,
dbpedia_14,16,0.0,class_conditional,multinomial_nb,303,224,2800,14,0.0,0.8457142857142858,0.8418371509736354,0.09458303451538086,"{""0"": 16, ""1"": 16, ""2"": 16, ""3"": 16, ""4"": 16, ""5"": 16, ""6"": 16, ""7"": 16, ""8"": 16, ""9"": 16, ""10"": 16, ""11"": 16, ""12"": 16, ""13"": 16}",cached_parquet_balanced_pool,generative_nb,
dbpedia_14,16,0.0,class_conditional,multinomial_nb,404,224,2800,14,0.0,0.81,0.8030417482094486,0.09282422065734863,"{""0"": 16, ""1"": 16, ""2"": 16, ""3"": 16, ""4"": 16, ""5"": 16, ""6"": 16, ""7"": 16, ""8"": 16, ""9"": 16, ""10"": 16, ""11"": 16, ""12"": 16, ""13"": 16}",cached_parquet_balanced_pool,generative_nb,
dbpedia_14,16,0.0,class_conditional,multinomial_nb,505,224,2800,14,0.0,0.8407142857142857,0.8375483977658841,0.09174442291259766,"{""0"": 16, ""1"": 16, ""2"": 16, ""3"": 16, ""4"": 16, ""5"": 16, ""6"": 16, ""7"": 16, ""8"": 16, ""9"": 16, ""10"": 16, ""11"": 16, ""12"": 16, ""13"": 16}",cached_parquet_balanced_pool,generative_nb,
dbpedia_14,16,0.0,class_conditional,linear_svm_hinge,101,224,2800,14,0.0,0.4282142857142857,0.42330355809938647,0.6284146308898926,"{""0"": 16, ""1"": 16, ""2"": 16, ""3"": 16, ""4"": 16, ""5"": 16, ""6"": 16, ""7"": 16, ""8"": 16, ""9"": 16, ""10"": 16, ""11"": 16, ""12"": 16, ""13"": 16}",cached_parquet_balanced_pool,linear_margin,
dbpedia_14,16,0.0,class_conditional,linear_svm_hinge,202,224,2800,14,0.0,0.5875,0.6174077682400572,0.6429941654205322,"{""0"": 16, ""1"": 16, ""2"": 16, ""3"": 16, ""4"": 16, ""5"": 16, ""6"": 16, ""7"": 16, ""8"": 16, ""9"": 16, ""10"": 16, ""11"": 16, ""12"": 16, ""13"": 16}",cached_parquet_balanced_pool,linear_margin,
dbpedia_14,16,0.0,class_conditional,linear_svm_hinge,303,224,2800,14,0.0,0.46535714285714286,0.4627037539003802,0.5426476001739502,"{""0"": 16, ""1"": 16, ""2"": 16, ""3"": 16, ""4"": 16, ""5"": 16, ""6"": 16, ""7"": 16, ""8"": 16, ""9"": 16, ""10"": 16, ""11"": 16, ""12"": 16, ""13"": 16}",cached_parquet_balanced_pool,linear_margin,
dbpedia_14,16,0.0,class_conditional,linear_svm_hinge,404,224,2800,14,0.0,0.42142857142857143,0.42975086593651934,0.550062894821167,"{""0"": 16, ""1"": 16, ""2"": 16, ""3"": 16, ""4"": 16, ""5"": 16, ""6"": 16, ""7"": 16, ""8"": 16, ""9"": 16, ""10"": 16, ""11"": 16, ""12"": 16, ""13"": 16}",cached_parquet_balanced_pool,linear_margin,
dbpedia_14,16,0.0,class_conditional,linear_svm_hinge,505,224,2800,14,0.0,0.4664285714285714,0.40697606542290765,0.5624964237213135,"{""0"": 16, ""1"": 16, ""2"": 16, ""3"": 16, ""4"": 16, ""5"": 16, ""6"": 16, ""7"": 16, ""8"": 16, ""9"": 16, ""10"": 16, ""11"": 16, ""12"": 16, ""13"": 16}",cached_parquet_balanced_pool,linear_margin,
dbpedia_14,16,0.0,class_conditional,trimmed_softmax_logreg,101,224,2800,14,0.0,0.6625,0.615031555772046,0.30374741554260254,"{""0"": 16, ""1"": 16, ""2"": 16, ""3"": 16, ""4"": 16, ""5"": 16, ""6"": 16, ""7"": 16, ""8"": 16, ""9"": 16, ""10"": 16, ""11"": 16, ""12"": 16, ""13"": 16}",cached_parquet_balanced_pool,bounded_robust_variant,kept_fraction=0.7991
dbpedia_14,16,0.0,class_conditional,trimmed_softmax_logreg,202,224,2800,14,0.0,0.665,0.6116058864039583,0.23581957817077637,"{""0"": 16, ""1"": 16, ""2"": 16, ""3"": 16, ""4"": 16, ""5"": 16, ""6"": 16, ""7"": 16, ""8"": 16, ""9"": 16, ""10"": 16, ""11"": 16, ""12"": 16, ""13"": 16}",cached_parquet_balanced_pool,bounded_robust_variant,kept_fraction=0.7991
dbpedia_14,16,0.0,class_conditional,trimmed_softmax_logreg,303,224,2800,14,0.0,0.67,0.6105820837592405,0.3475532531738281,"{""0"": 16, ""1"": 16, ""2"": 16, ""3"": 16, ""4"": 16, ""5"": 16, ""6"": 16, ""7"": 16, ""8"": 16, ""9"": 16, ""10"": 16, ""11"": 16, ""12"": 16, ""13"": 16}",cached_parquet_balanced_pool,bounded_robust_variant,kept_fraction=0.7991
dbpedia_14,16,0.0,class_conditional,trimmed_softmax_logreg,404,224,2800,14,0.0,0.6625,0.6010320042235034,0.315187931060791,"{""0"": 16, ""1"": 16, ""2"": 16, ""3"": 16, ""4"": 16, ""5"": 16, ""6"": 16, ""7"": 16, ""8"": 16, ""9"": 16, ""10"": 16, ""11"": 16, ""12"": 16, ""13"": 16}",cached_parquet_balanced_pool,bounded_robust_variant,kept_fraction=0.7991
dbpedia_14,16,0.0,class_conditional,trimmed_softmax_logreg,505,224,2800,14,0.0,0.6414285714285715,0.5857162533214909,0.3238496780395508,"{""0"": 16, ""1"": 16, ""2"": 16, ""3"": 16, ""4"": 16, ""5"": 16, ""6"": 16, ""7"": 16, ""8"": 16, ""9"": 16, ""10"": 16, ""11"": 16, ""12"": 16, ""13"": 16}",cached_parquet_balanced_pool,bounded_robust_variant,kept_fraction=0.7991
dbpedia_14,16,0.05,symmetric,softmax_logreg,101,224,2800,14,0.05357142857142857,0.8107142857142857,0.8080427231895433,0.33646631240844727,"{""0"": 16, ""1"": 16, ""2"": 16, ""3"": 16, ""4"": 16, ""5"": 16, ""6"": 16, ""7"": 16, ""8"": 16, ""9"": 16, ""10"": 16, ""11"": 16, ""12"": 16, ""13"": 16}",cached_parquet_balanced_pool,linear_probabilistic,
dbpedia_14,16,0.05,symmetric,softmax_logreg,202,224,2800,14,0.05803571428571429,0.8071428571428572,0.807046781439171,0.22053766250610352,"{""0"": 16, ""1"": 16, ""2"": 16, ""3"": 16, ""4"": 16, ""5"": 16, ""6"": 16, ""7"": 16, ""8"": 16, ""9"": 16, ""10"": 16, ""11"": 16, ""12"": 16, ""13"": 16}",cached_parquet_balanced_pool,linear_probabilistic,
dbpedia_14,16,0.05,symmetric,softmax_logreg,303,224,2800,14,0.044642857142857144,0.7921428571428571,0.7904862619217028,0.23042702674865723,"{""0"": 16, ""1"": 16, ""2"": 16, ""3"": 16, ""4"": 16, ""5"": 16, ""6"": 16, ""7"": 16, ""8"": 16, ""9"": 16, ""10"": 16, ""11"": 16, ""12"": 16, ""13"": 16}",cached_parquet_balanced_pool,linear_probabilistic,
dbpedia_14,16,0.05,symmetric,softmax_logreg,404,224,2800,14,0.05357142857142857,0.8057142857142857,0.7944609110778117,0.27219414710998535,"{""0"": 16, ""1"": 16, ""2"": 16, ""3"": 16, ""4"": 16, ""5"": 16, ""6"": 16, ""7"": 16, ""8"": 16, ""9"": 16, ""10"": 16, ""11"": 16, ""12"": 16, ""13"": 16}",cached_parquet_balanced_pool,linear_probabilistic,
dbpedia_14,16,0.05,symmetric,softmax_logreg,505,224,2800,14,0.044642857142857144,0.8014285714285714,0.8090242175753323,0.21502900123596191,"{""0"": 16, ""1"": 16, ""2"": 16, ""3"": 16, ""4"": 16, ""5"": 16, ""6"": 16, ""7"": 16, ""8"": 16, ""9"": 16, ""10"": 16, ""11"": 16, ""12"": 16, ""13"": 16}",cached_parquet_balanced_pool,linear_probabilistic,
dbpedia_14,16,0.05,symmetric,multinomial_nb,101,224,2800,14,0.05357142857142857,0.8253571428571429,0.8231739425435078,0.09139585494995117,"{""0"": 16, ""1"": 16, ""2"": 16, ""3"": 16, ""4"": 16, ""5"": 16, ""6"": 16, ""7"": 16, ""8"": 16, ""9"": 16, ""10"": 16, ""11"": 16, ""12"": 16, ""13"": 16}",cached_parquet_balanced_pool,generative_nb,
dbpedia_14,16,0.05,symmetric,multinomial_nb,202,224,2800,14,0.05803571428571429,0.8235714285714286,0.8213889660884448,0.09645199775695801,"{""0"": 16, ""1"": 16, ""2"": 16, ""3"": 16, ""4"": 16, ""5"": 16, ""6"": 16, ""7"": 16, ""8"": 16, ""9"": 16, ""10"": 16, ""11"": 16, ""12"": 16, ""13"": 16}",cached_parquet_balanced_pool,generative_nb,
dbpedia_14,16,0.05,symmetric,multinomial_nb,303,224,2800,14,0.044642857142857144,0.8314285714285714,0.8268673025468016,0.09255480766296387,"{""0"": 16, ""1"": 16, ""2"": 16, ""3"": 16, ""4"": 16, ""5"": 16, ""6"": 16, ""7"": 16, ""8"": 16, ""9"": 16, ""10"": 16, ""11"": 16, ""12"": 16, ""13"": 16}",cached_parquet_balanced_pool,generative_nb,
dbpedia_14,16,0.05,symmetric,multinomial_nb,404,224,2800,14,0.05357142857142857,0.8,0.7917931673426984,0.09106111526489258,"{""0"": 16, ""1"": 16, ""2"": 16, ""3"": 16, ""4"": 16, ""5"": 16, ""6"": 16, ""7"": 16, ""8"": 16, ""9"": 16, ""10"": 16, ""11"": 16, ""12"": 16, ""13"": 16}",cached_parquet_balanced_pool,generative_nb,
dbpedia_14,16,0.05,symmetric,multinomial_nb,505,224,2800,14,0.044642857142857144,0.8232142857142857,0.8247324577171732,0.0960087776184082,"{""0"": 16, ""1"": 16, ""2"": 16, ""3"": 16, ""4"": 16, ""5"": 16, ""6"": 16, ""7"": 16, ""8"": 16, ""9"": 16, ""10"": 16, ""11"": 16, ""12"": 16, ""13"": 16}",cached_parquet_balanced_pool,generative_nb,
dbpedia_14,16,0.05,symmetric,linear_svm_hinge,101,224,2800,14,0.05357142857142857,0.48178571428571426,0.4536280293390763,0.5000178813934326,"{""0"": 16, ""1"": 16, ""2"": 16, ""3"": 16, ""4"": 16, ""5"": 16, ""6"": 16, ""7"": 16, ""8"": 16, ""9"": 16, ""10"": 16, ""11"": 16, ""12"": 16, ""13"": 16}",cached_parquet_balanced_pool,linear_margin,
dbpedia_14,16,0.05,symmetric,linear_svm_hinge,202,224,2800,14,0.05803571428571429,0.4025,0.38098923167755844,0.5890944004058838,"{""0"": 16, ""1"": 16, ""2"": 16, ""3"": 16, ""4"": 16, ""5"": 16, ""6"": 16, ""7"": 16, ""8"": 16, ""9"": 16, ""10"": 16, ""11"": 16, ""12"": 16, ""13"": 16}",cached_parquet_balanced_pool,linear_margin,
dbpedia_14,16,0.05,symmetric,linear_svm_hinge,303,224,2800,14,0.044642857142857144,0.5439285714285714,0.501705241386189,0.5946166515350342,"{""0"": 16, ""1"": 16, ""2"": 16, ""3"": 16, ""4"": 16, ""5"": 16, ""6"": 16, ""7"": 16, ""8"": 16, ""9"": 16, ""10"": 16, ""11"": 16, ""12"": 16, ""13"": 16}",cached_parquet_balanced_pool,linear_margin,
dbpedia_14,16,0.05,symmetric,linear_svm_hinge,404,224,2800,14,0.05357142857142857,0.37142857142857144,0.30392031215558346,0.48974156379699707,"{""0"": 16, ""1"": 16, ""2"": 16, ""3"": 16, ""4"": 16, ""5"": 16, ""6"": 16, ""7"": 16, ""8"": 16, ""9"": 16, ""10"": 16, ""11"": 16, ""12"": 16, ""13"": 16}",cached_parquet_balanced_pool,linear_margin,
dbpedia_14,16,0.05,symmetric,linear_svm_hinge,505,224,2800,14,0.044642857142857144,0.5332142857142858,0.44835731934735906,0.5719032287597656,"{""0"": 16, ""1"": 16, ""2"": 16, ""3"": 16, ""4"": 16, ""5"": 16, ""6"": 16, ""7"": 16, ""8"": 16, ""9"": 16, ""10"": 16, ""11"": 16, ""12"": 16, ""13"": 16}",cached_parquet_balanced_pool,linear_margin,
dbpedia_14,16,0.05,symmetric,trimmed_softmax_logreg,101,224,2800,14,0.05357142857142857,0.68,0.6402075380190322,0.22579336166381836,"{""0"": 16, ""1"": 16, ""2"": 16, ""3"": 16, ""4"": 16, ""5"": 16, ""6"": 16, ""7"": 16, ""8"": 16, ""9"": 16, ""10"": 16, ""11"": 16, ""12"": 16, ""13"": 16}",cached_parquet_balanced_pool,bounded_robust_variant,kept_fraction=0.7991
dbpedia_14,16,0.05,symmetric,trimmed_softmax_logreg,202,224,2800,14,0.05803571428571429,0.6785714285714286,0.6529649550948057,0.2800009250640869,"{""0"": 16, ""1"": 16, ""2"": 16, ""3"": 16, ""4"": 16, ""5"": 16, ""6"": 16, ""7"": 16, ""8"": 16, ""9"": 16, ""10"": 16, ""11"": 16, ""12"": 16, ""13"": 16}",cached_parquet_balanced_pool,bounded_robust_variant,kept_fraction=0.7991
dbpedia_14,16,0.05,symmetric,trimmed_softmax_logreg,303,224,2800,14,0.044642857142857144,0.6160714285714286,0.5588322575649574,0.3675858974456787,"{""0"": 16, ""1"": 16, ""2"": 16, ""3"": 16, ""4"": 16, ""5"": 16, ""6"": 16, ""7"": 16, ""8"": 16, ""9"": 16, ""10"": 16, ""11"": 16, ""12"": 16, ""13"": 16}",cached_parquet_balanced_pool,bounded_robust_variant,kept_fraction=0.7991
dbpedia_14,16,0.05,symmetric,trimmed_softmax_logreg,404,224,2800,14,0.05357142857142857,0.6632142857142858,0.6019252614980212,0.24642062187194824,"{""0"": 16, ""1"": 16, ""2"": 16, ""3"": 16, ""4"": 16, ""5"": 16, ""6"": 16, ""7"": 16, ""8"": 16, ""9"": 16, ""10"": 16, ""11"": 16, ""12"": 16, ""13"": 16}",cached_parquet_balanced_pool,bounded_robust_variant,kept_fraction=0.7991
dbpedia_14,16,0.05,symmetric,trimmed_softmax_logreg,505,224,2800,14,0.044642857142857144,0.6132142857142857,0.5836222402485836,0.23256897926330566,"{""0"": 16, ""1"": 16, ""2"": 16, ""3"": 16, ""4"": 16, ""5"": 16, ""6"": 16, ""7"": 16, ""8"": 16, ""9"": 16, ""10"": 16, ""11"": 16, ""12"": 16, ""13"": 16}",cached_parquet_balanced_pool,bounded_robust_variant,kept_fraction=0.7991
dbpedia_14,16,0.05,class_conditional,softmax_logreg,101,224,2800,14,0.05357142857142857,0.79,0.7879399991987428,0.30091238021850586,"{""0"": 16, ""1"": 16, ""2"": 16, ""3"": 16, ""4"": 16, ""5"": 16, ""6"": 16, ""7"": 16, ""8"": 16, ""9"": 16, ""10"": 16, ""11"": 16, ""12"": 16, ""13"": 16}",cached_parquet_balanced_pool,linear_probabilistic,
dbpedia_14,16,0.05,class_conditional,softmax_logreg,202,224,2800,14,0.03571428571428571,0.8314285714285714,0.8256397103778934,0.31093740463256836,"{""0"": 16, ""1"": 16, ""2"": 16, ""3"": 16, ""4"": 16, ""5"": 16, ""6"": 16, ""7"": 16, ""8"": 16, ""9"": 16, ""10"": 16, ""11"": 16, ""12"": 16, ""13"": 16}",cached_parquet_balanced_pool,linear_probabilistic,
dbpedia_14,16,0.05,class_conditional,softmax_logreg,303,224,2800,14,0.026785714285714284,0.8117857142857143,0.7993860689811478,0.19984173774719238,"{""0"": 16, ""1"": 16, ""2"": 16, ""3"": 16, ""4"": 16, ""5"": 16, ""6"": 16, ""7"": 16, ""8"": 16, ""9"": 16, ""10"": 16, ""11"": 16, ""12"": 16, ""13"": 16}",cached_parquet_balanced_pool,linear_probabilistic,
dbpedia_14,16,0.05,class_conditional,softmax_logreg,404,224,2800,14,0.07589285714285714,0.6289285714285714,0.6024445663793114,0.3177061080932617,"{""0"": 16, ""1"": 16, ""2"": 16, ""3"": 16, ""4"": 16, ""5"": 16, ""6"": 16, ""7"": 16, ""8"": 16, ""9"": 16, ""10"": 16, ""11"": 16, ""12"": 16, ""13"": 16}",cached_parquet_balanced_pool,linear_probabilistic,
dbpedia_14,16,0.05,class_conditional,softmax_logreg,505,224,2800,14,0.022321428571428572,0.8171428571428572,0.8146534163118154,0.1949305534362793,"{""0"": 16, ""1"": 16, ""2"": 16, ""3"": 16, ""4"": 16, ""5"": 16, ""6"": 16, ""7"": 16, ""8"": 16, ""9"": 16, ""10"": 16, ""11"": 16, ""12"": 16, ""13"": 16}",cached_parquet_balanced_pool,linear_probabilistic,
dbpedia_14,16,0.05,class_conditional,multinomial_nb,101,224,2800,14,0.05357142857142857,0.81,0.8066424977125248,0.09114217758178711,"{""0"": 16, ""1"": 16, ""2"": 16, ""3"": 16, ""4"": 16, ""5"": 16, ""6"": 16, ""7"": 16, ""8"": 16, ""9"": 16, ""10"": 16, ""11"": 16, ""12"": 16, ""13"": 16}",cached_parquet_balanced_pool,generative_nb,
dbpedia_14,16,0.05,class_conditional,multinomial_nb,202,224,2800,14,0.03571428571428571,0.8414285714285714,0.8384201544724627,0.09061551094055176,"{""0"": 16, ""1"": 16, ""2"": 16, ""3"": 16, ""4"": 16, ""5"": 16, ""6"": 16, ""7"": 16, ""8"": 16, ""9"": 16, ""10"": 16, ""11"": 16, ""12"": 16, ""13"": 16}",cached_parquet_balanced_pool,generative_nb,
dbpedia_14,16,0.05,class_conditional,multinomial_nb,303,224,2800,14,0.026785714285714284,0.8246428571428571,0.8176190967223748,0.10004806518554688,"{""0"": 16, ""1"": 16, ""2"": 16, ""3"": 16, ""4"": 16, ""5"": 16, ""6"": 16, ""7"": 16, ""8"": 16, ""9"": 16, ""10"": 16, ""11"": 16, ""12"": 16, ""13"": 16}",cached_parquet_balanced_pool,generative_nb,
dbpedia_14,16,0.05,class_conditional,multinomial_nb,404,224,2800,14,0.07589285714285714,0.7285714285714285,0.7225554971316387,0.09287333488464355,"{""0"": 16, ""1"": 16, ""2"": 16, ""3"": 16, ""4"": 16, ""5"": 16, ""6"": 16, ""7"": 16, ""8"": 16, ""9"": 16, ""10"": 16, ""11"": 16, ""12"": 16, ""13"": 16}",cached_parquet_balanced_pool,generative_nb,
dbpedia_14,16,0.05,class_conditional,multinomial_nb,505,224,2800,14,0.022321428571428572,0.8267857142857142,0.8243272518950764,0.09536242485046387,"{""0"": 16, ""1"": 16, ""2"": 16, ""3"": 16, ""4"": 16, ""5"": 16, ""6"": 16, ""7"": 16, ""8"": 16, ""9"": 16, ""10"": 16, ""11"": 16, ""12"": 16, ""13"": 16}",cached_parquet_balanced_pool,generative_nb,
dbpedia_14,16,0.05,class_conditional,linear_svm_hinge,101,224,2800,14,0.05357142857142857,0.5146428571428572,0.48703977975696716,0.4944460391998291,"{""0"": 16, ""1"": 16, ""2"": 16, ""3"": 16, ""4"": 16, ""5"": 16, ""6"": 16, ""7"": 16, ""8"": 16, ""9"": 16, ""10"": 16, ""11"": 16, ""12"": 16, ""13"": 16}",cached_parquet_balanced_pool,linear_margin,
dbpedia_14,16,0.05,class_conditional,linear_svm_hinge,202,224,2800,14,0.03571428571428571,0.4525,0.39643056540401533,0.5727417469024658,"{""0"": 16, ""1"": 16, ""2"": 16, ""3"": 16, ""4"": 16, ""5"": 16, ""6"": 16, ""7"": 16, ""8"": 16, ""9"": 16, ""10"": 16, ""11"": 16, ""12"": 16, ""13"": 16}",cached_parquet_balanced_pool,linear_margin,
dbpedia_14,16,0.05,class_conditional,linear_svm_hinge,303,224,2800,14,0.026785714285714284,0.5328571428571428,0.5392979735839265,0.4658689498901367,"{""0"": 16, ""1"": 16, ""2"": 16, ""3"": 16, ""4"": 16, ""5"": 16, ""6"": 16, ""7"": 16, ""8"": 16, ""9"": 16, ""10"": 16, ""11"": 16, ""12"": 16, ""13"": 16}",cached_parquet_balanced_pool,linear_margin,
dbpedia_14,16,0.05,class_conditional,linear_svm_hinge,404,224,2800,14,0.07589285714285714,0.40464285714285714,0.34351840303047027,0.5671401023864746,"{""0"": 16, ""1"": 16, ""2"": 16, ""3"": 16, ""4"": 16, ""5"": 16, ""6"": 16, ""7"": 16, ""8"": 16, ""9"": 16, ""10"": 16, ""11"": 16, ""12"": 16, ""13"": 16}",cached_parquet_balanced_pool,linear_margin,
dbpedia_14,16,0.05,class_conditional,linear_svm_hinge,505,224,2800,14,0.022321428571428572,0.5610714285714286,0.5320276984997043,0.5321445465087891,"{""0"": 16, ""1"": 16, ""2"": 16, ""3"": 16, ""4"": 16, ""5"": 16, ""6"": 16, ""7"": 16, ""8"": 16, ""9"": 16, ""10"": 16, ""11"": 16, ""12"": 16, ""13"": 16}",cached_parquet_balanced_pool,linear_margin,
dbpedia_14,16,0.05,class_conditional,trimmed_softmax_logreg,101,224,2800,14,0.05357142857142857,0.6153571428571428,0.5633055759738138,0.2554922103881836,"{""0"": 16, ""1"": 16, ""2"": 16, ""3"": 16, ""4"": 16, ""5"": 16, ""6"": 16, ""7"": 16, ""8"": 16, ""9"": 16, ""10"": 16, ""11"": 16, ""12"": 16, ""13"": 16}",cached_parquet_balanced_pool,bounded_robust_variant,kept_fraction=0.8036
dbpedia_14,16,0.05,class_conditional,trimmed_softmax_logreg,202,224,2800,14,0.03571428571428571,0.6282142857142857,0.5729977780723493,0.23550081253051758,"{""0"": 16, ""1"": 16, ""2"": 16, ""3"": 16, ""4"": 16, ""5"": 16, ""6"": 16, ""7"": 16, ""8"": 16, ""9"": 16, ""10"": 16, ""11"": 16, ""12"": 16, ""13"": 16}",cached_parquet_balanced_pool,bounded_robust_variant,kept_fraction=0.7991
dbpedia_14,16,0.05,class_conditional,trimmed_softmax_logreg,303,224,2800,14,0.026785714285714284,0.6728571428571428,0.6240453435293251,0.2819194793701172,"{""0"": 16, ""1"": 16, ""2"": 16, ""3"": 16, ""4"": 16, ""5"": 16, ""6"": 16, ""7"": 16, ""8"": 16, ""9"": 16, ""10"": 16, ""11"": 16, ""12"": 16, ""13"": 16}",cached_parquet_balanced_pool,bounded_robust_variant,kept_fraction=0.8036
dbpedia_14,16,0.05,class_conditional,trimmed_softmax_logreg,404,224,2800,14,0.07589285714285714,0.5692857142857143,0.4995012376625617,0.3112905025482178,"{""0"": 16, ""1"": 16, ""2"": 16, ""3"": 16, ""4"": 16, ""5"": 16, ""6"": 16, ""7"": 16, ""8"": 16, ""9"": 16, ""10"": 16, ""11"": 16, ""12"": 16, ""13"": 16}",cached_parquet_balanced_pool,bounded_robust_variant,kept_fraction=0.8125
dbpedia_14,16,0.05,class_conditional,trimmed_softmax_logreg,505,224,2800,14,0.022321428571428572,0.6553571428571429,0.6036811954959009,0.2588181495666504,"{""0"": 16, ""1"": 16, ""2"": 16, ""3"": 16, ""4"": 16, ""5"": 16, ""6"": 16, ""7"": 16, ""8"": 16, ""9"": 16, ""10"": 16, ""11"": 16, ""12"": 16, ""13"": 16}",cached_parquet_balanced_pool,bounded_robust_variant,kept_fraction=0.7991
dbpedia_14,16,0.1,symmetric,softmax_logreg,101,224,2800,14,0.14285714285714285,0.7203571428571428,0.7089649470948863,0.26069164276123047,"{""0"": 16, ""1"": 16, ""2"": 16, ""3"": 16, ""4"": 16, ""5"": 16, ""6"": 16, ""7"": 16, ""8"": 16, ""9"": 16, ""10"": 16, ""11"": 16, ""12"": 16, ""13"": 16}",cached_parquet_balanced_pool,linear_probabilistic,
dbpedia_14,16,0.1,symmetric,softmax_logreg,202,224,2800,14,0.08482142857142858,0.7746428571428572,0.7659559807523839,0.3126530647277832,"{""0"": 16, ""1"": 16, ""2"": 16, ""3"": 16, ""4"": 16, ""5"": 16, ""6"": 16, ""7"": 16, ""8"": 16, ""9"": 16, ""10"": 16, ""11"": 16, ""12"": 16, ""13"": 16}",cached_parquet_balanced_pool,linear_probabilistic,
dbpedia_14,16,0.1,symmetric,softmax_logreg,303,224,2800,14,0.14732142857142858,0.7857142857142857,0.7786630335524347,0.26630306243896484,"{""0"": 16, ""1"": 16, ""2"": 16, ""3"": 16, ""4"": 16, ""5"": 16, ""6"": 16, ""7"": 16, ""8"": 16, ""9"": 16, ""10"": 16, ""11"": 16, ""12"": 16, ""13"": 16}",cached_parquet_balanced_pool,linear_probabilistic,
dbpedia_14,16,0.1,symmetric,softmax_logreg,404,224,2800,14,0.14732142857142858,0.6971428571428572,0.6699388750112076,0.1952204704284668,"{""0"": 16, ""1"": 16, ""2"": 16, ""3"": 16, ""4"": 16, ""5"": 16, ""6"": 16, ""7"": 16, ""8"": 16, ""9"": 16, ""10"": 16, ""11"": 16, ""12"": 16, ""13"": 16}",cached_parquet_balanced_pool,linear_probabilistic,
dbpedia_14,16,0.1,symmetric,softmax_logreg,505,224,2800,14,0.08035714285714286,0.7996428571428571,0.7892771888764474,0.20396780967712402,"{""0"": 16, ""1"": 16, ""2"": 16, ""3"": 16, ""4"": 16, ""5"": 16, ""6"": 16, ""7"": 16, ""8"": 16, ""9"": 16, ""10"": 16, ""11"": 16, ""12"": 16, ""13"": 16}",cached_parquet_balanced_pool,linear_probabilistic,
dbpedia_14,16,0.1,symmetric,multinomial_nb,101,224,2800,14,0.14285714285714285,0.7832142857142858,0.7802528742471105,0.10265970230102539,"{""0"": 16, ""1"": 16, ""2"": 16, ""3"": 16, ""4"": 16, ""5"": 16, ""6"": 16, ""7"": 16, ""8"": 16, ""9"": 16, ""10"": 16, ""11"": 16, ""12"": 16, ""13"": 16}",cached_parquet_balanced_pool,generative_nb,
dbpedia_14,16,0.1,symmetric,multinomial_nb,202,224,2800,14,0.08482142857142858,0.8128571428571428,0.811803797596753,0.09346699714660645,"{""0"": 16, ""1"": 16, ""2"": 16, ""3"": 16, ""4"": 16, ""5"": 16, ""6"": 16, ""7"": 16, ""8"": 16, ""9"": 16, ""10"": 16, ""11"": 16, ""12"": 16, ""13"": 16}",cached_parquet_balanced_pool,generative_nb,
dbpedia_14,16,0.1,symmetric,multinomial_nb,303,224,2800,14,0.14732142857142858,0.8067857142857143,0.8031269716539963,0.08941197395324707,"{""0"": 16, ""1"": 16, ""2"": 16, ""3"": 16, ""4"": 16, ""5"": 16, ""6"": 16, ""7"": 16, ""8"": 16, ""9"": 16, ""10"": 16, ""11"": 16, ""12"": 16, ""13"": 16}",cached_parquet_balanced_pool,generative_nb,
dbpedia_14,16,0.1,symmetric,multinomial_nb,404,224,2800,14,0.14732142857142858,0.7578571428571429,0.7368397091928143,0.09686660766601562,"{""0"": 16, ""1"": 16, ""2"": 16, ""3"": 16, ""4"": 16, ""5"": 16, ""6"": 16, ""7"": 16, ""8"": 16, ""9"": 16, ""10"": 16, ""11"": 16, ""12"": 16, ""13"": 16}",cached_parquet_balanced_pool,generative_nb,
dbpedia_14,16,0.1,symmetric,multinomial_nb,505,224,2800,14,0.08035714285714286,0.8075,0.8045254752312744,0.09436798095703125,"{""0"": 16, ""1"": 16, ""2"": 16, ""3"": 16, ""4"": 16, ""5"": 16, ""6"": 16, ""7"": 16, ""8"": 16, ""9"": 16, ""10"": 16, ""11"": 16, ""12"": 16, ""13"": 16}",cached_parquet_balanced_pool,generative_nb,
dbpedia_14,16,0.1,symmetric,linear_svm_hinge,101,224,2800,14,0.14285714285714285,0.4514285714285714,0.393911241348286,3.8362503051757812,"{""0"": 16, ""1"": 16, ""2"": 16, ""3"": 16, ""4"": 16, ""5"": 16, ""6"": 16, ""7"": 16, ""8"": 16, ""9"": 16, ""10"": 16, ""11"": 16, ""12"": 16, ""13"": 16}",cached_parquet_balanced_pool,linear_margin,
dbpedia_14,16,0.1,symmetric,linear_svm_hinge,202,224,2800,14,0.08482142857142858,0.34,0.31181552340606383,0.5376083850860596,"{""0"": 16, ""1"": 16, ""2"": 16, ""3"": 16, ""4"": 16, ""5"": 16, ""6"": 16, ""7"": 16, ""8"": 16, ""9"": 16, ""10"": 16, ""11"": 16, ""12"": 16, ""13"": 16}",cached_parquet_balanced_pool,linear_margin,
dbpedia_14,16,0.1,symmetric,linear_svm_hinge,303,224,2800,14,0.14732142857142858,0.35464285714285715,0.3372018524927619,0.6698329448699951,"{""0"": 16, ""1"": 16, ""2"": 16, ""3"": 16, ""4"": 16, ""5"": 16, ""6"": 16, ""7"": 16, ""8"": 16, ""9"": 16, ""10"": 16, ""11"": 16, ""12"": 16, ""13"": 16}",cached_parquet_balanced_pool,linear_margin,
dbpedia_14,16,0.1,symmetric,linear_svm_hinge,404,224,2800,14,0.14732142857142858,0.42607142857142855,0.40823297204608194,0.5364761352539062,"{""0"": 16, ""1"": 16, ""2"": 16, ""3"": 16, ""4"": 16, ""5"": 16, ""6"": 16, ""7"": 16, ""8"": 16, ""9"": 16, ""10"": 16, ""11"": 16, ""12"": 16, ""13"": 16}",cached_parquet_balanced_pool,linear_margin,
dbpedia_14,16,0.1,symmetric,linear_svm_hinge,505,224,2800,14,0.08035714285714286,0.3489285714285714,0.3479270315471747,0.5865516662597656,"{""0"": 16, ""1"": 16, ""2"": 16, ""3"": 16, ""4"": 16, ""5"": 16, ""6"": 16, ""7"": 16, ""8"": 16, ""9"": 16, ""10"": 16, ""11"": 16, ""12"": 16, ""13"": 16}",cached_parquet_balanced_pool,linear_margin,
dbpedia_14,16,0.1,symmetric,trimmed_softmax_logreg,101,224,2800,14,0.14285714285714285,0.605,0.5293972702863364,0.33484721183776855,"{""0"": 16, ""1"": 16, ""2"": 16, ""3"": 16, ""4"": 16, ""5"": 16, ""6"": 16, ""7"": 16, ""8"": 16, ""9"": 16, ""10"": 16, ""11"": 16, ""12"": 16, ""13"": 16}",cached_parquet_balanced_pool,bounded_robust_variant,kept_fraction=0.8080
dbpedia_14,16,0.1,symmetric,trimmed_softmax_logreg,202,224,2800,14,0.08482142857142858,0.6182142857142857,0.5496411848948121,0.24689197540283203,"{""0"": 16, ""1"": 16, ""2"": 16, ""3"": 16, ""4"": 16, ""5"": 16, ""6"": 16, ""7"": 16, ""8"": 16, ""9"": 16, ""10"": 16, ""11"": 16, ""12"": 16, ""13"": 16}",cached_parquet_balanced_pool,bounded_robust_variant,kept_fraction=0.8036
dbpedia_14,16,0.1,symmetric,trimmed_softmax_logreg,303,224,2800,14,0.14732142857142858,0.6489285714285714,0.5769361939489752,0.24106931686401367,"{""0"": 16, ""1"": 16, ""2"": 16, ""3"": 16, ""4"": 16, ""5"": 16, ""6"": 16, ""7"": 16, ""8"": 16, ""9"": 16, ""10"": 16, ""11"": 16, ""12"": 16, ""13"": 16}",cached_parquet_balanced_pool,bounded_robust_variant,kept_fraction=0.8036
dbpedia_14,16,0.1,symmetric,trimmed_softmax_logreg,404,224,2800,14,0.14732142857142858,0.5864285714285714,0.5252729804617211,0.39780402183532715,"{""0"": 16, ""1"": 16, ""2"": 16, ""3"": 16, ""4"": 16, ""5"": 16, ""6"": 16, ""7"": 16, ""8"": 16, ""9"": 16, ""10"": 16, ""11"": 16, ""12"": 16, ""13"": 16}",cached_parquet_balanced_pool,bounded_robust_variant,kept_fraction=0.8080
dbpedia_14,16,0.1,symmetric,trimmed_softmax_logreg,505,224,2800,14,0.08035714285714286,0.6810714285714285,0.6659679117425851,0.2764296531677246,"{""0"": 16, ""1"": 16, ""2"": 16, ""3"": 16, ""4"": 16, ""5"": 16, ""6"": 16, ""7"": 16, ""8"": 16, ""9"": 16, ""10"": 16, ""11"": 16, ""12"": 16, ""13"": 16}",cached_parquet_balanced_pool,bounded_robust_variant,kept_fraction=0.8036
dbpedia_14,16,0.1,class_conditional,softmax_logreg,101,224,2800,14,0.11607142857142858,0.7117857142857142,0.6987097098674511,0.2089250087738037,"{""0"": 16, ""1"": 16, ""2"": 16, ""3"": 16, ""4"": 16, ""5"": 16, ""6"": 16, ""7"": 16, ""8"": 16, ""9"": 16, ""10"": 16, ""11"": 16, ""12"": 16, ""13"": 16}",cached_parquet_balanced_pool,linear_probabilistic,
dbpedia_14,16,0.1,class_conditional,softmax_logreg,202,224,2800,14,0.07142857142857142,0.7903571428571429,0.7735937156187745,0.21574616432189941,"{""0"": 16, ""1"": 16, ""2"": 16, ""3"": 16, ""4"": 16, ""5"": 16, ""6"": 16, ""7"": 16, ""8"": 16, ""9"": 16, ""10"": 16, ""11"": 16, ""12"": 16, ""13"": 16}",cached_parquet_balanced_pool,linear_probabilistic,
dbpedia_14,16,0.1,class_conditional,softmax_logreg,303,224,2800,14,0.09821428571428571,0.6607142857142857,0.6214559207531783,0.22597599029541016,"{""0"": 16, ""1"": 16, ""2"": 16, ""3"": 16, ""4"": 16, ""5"": 16, ""6"": 16, ""7"": 16, ""8"": 16, ""9"": 16, ""10"": 16, ""11"": 16, ""12"": 16, ""13"": 16}",cached_parquet_balanced_pool,linear_probabilistic,
dbpedia_14,16,0.1,class_conditional,softmax_logreg,404,224,2800,14,0.12946428571428573,0.57,0.5259072790694487,0.22713875770568848,"{""0"": 16, ""1"": 16, ""2"": 16, ""3"": 16, ""4"": 16, ""5"": 16, ""6"": 16, ""7"": 16, ""8"": 16, ""9"": 16, ""10"": 16, ""11"": 16, ""12"": 16, ""13"": 16}",cached_parquet_balanced_pool,linear_probabilistic,
dbpedia_14,16,0.1,class_conditional,softmax_logreg,505,224,2800,14,0.07142857142857142,0.7435714285714285,0.742026016760372,0.2599637508392334,"{""0"": 16, ""1"": 16, ""2"": 16, ""3"": 16, ""4"": 16, ""5"": 16, ""6"": 16, ""7"": 16, ""8"": 16, ""9"": 16, ""10"": 16, ""11"": 16, ""12"": 16, ""13"": 16}",cached_parquet_balanced_pool,linear_probabilistic,
dbpedia_14,16,0.1,class_conditional,multinomial_nb,101,224,2800,14,0.11607142857142858,0.7628571428571429,0.7559935681457016,0.09785127639770508,"{""0"": 16, ""1"": 16, ""2"": 16, ""3"": 16, ""4"": 16, ""5"": 16, ""6"": 16, ""7"": 16, ""8"": 16, ""9"": 16, ""10"": 16, ""11"": 16, ""12"": 16, ""13"": 16}",cached_parquet_balanced_pool,generative_nb,
dbpedia_14,16,0.1,class_conditional,multinomial_nb,202,224,2800,14,0.07142857142857142,0.82,0.8144990091559424,0.0976865291595459,"{""0"": 16, ""1"": 16, ""2"": 16, ""3"": 16, ""4"": 16, ""5"": 16, ""6"": 16, ""7"": 16, ""8"": 16, ""9"": 16, ""10"": 16, ""11"": 16, ""12"": 16, ""13"": 16}",cached_parquet_balanced_pool,generative_nb,
dbpedia_14,16,0.1,class_conditional,multinomial_nb,303,224,2800,14,0.09821428571428571,0.7442857142857143,0.7259063204404841,0.09565329551696777,"{""0"": 16, ""1"": 16, ""2"": 16, ""3"": 16, ""4"": 16, ""5"": 16, ""6"": 16, ""7"": 16, ""8"": 16, ""9"": 16, ""10"": 16, ""11"": 16, ""12"": 16, ""13"": 16}",cached_parquet_balanced_pool,generative_nb,
dbpedia_14,16,0.1,class_conditional,multinomial_nb,404,224,2800,14,0.12946428571428573,0.68,0.6632787096779788,0.09659767150878906,"{""0"": 16, ""1"": 16, ""2"": 16, ""3"": 16, ""4"": 16, ""5"": 16, ""6"": 16, ""7"": 16, ""8"": 16, ""9"": 16, ""10"": 16, ""11"": 16, ""12"": 16, ""13"": 16}",cached_parquet_balanced_pool,generative_nb,
dbpedia_14,16,0.1,class_conditional,multinomial_nb,505,224,2800,14,0.07142857142857142,0.7928571428571428,0.7910715795899951,0.09499263763427734,"{""0"": 16, ""1"": 16, ""2"": 16, ""3"": 16, ""4"": 16, ""5"": 16, ""6"": 16, ""7"": 16, ""8"": 16, ""9"": 16, ""10"": 16, ""11"": 16, ""12"": 16, ""13"": 16}",cached_parquet_balanced_pool,generative_nb,
dbpedia_14,16,0.1,class_conditional,linear_svm_hinge,101,224,2800,14,0.11607142857142858,0.46285714285714286,0.4429637477735864,0.5472347736358643,"{""0"": 16, ""1"": 16, ""2"": 16, ""3"": 16, ""4"": 16, ""5"": 16, ""6"": 16, ""7"": 16, ""8"": 16, ""9"": 16, ""10"": 16, ""11"": 16, ""12"": 16, ""13"": 16}",cached_parquet_balanced_pool,linear_margin,
dbpedia_14,16,0.1,class_conditional,linear_svm_hinge,202,224,2800,14,0.07142857142857142,0.4407142857142857,0.41928455735311415,0.6024794578552246,"{""0"": 16, ""1"": 16, ""2"": 16, ""3"": 16, ""4"": 16, ""5"": 16, ""6"": 16, ""7"": 16, ""8"": 16, ""9"": 16, ""10"": 16, ""11"": 16, ""12"": 16, ""13"": 16}",cached_parquet_balanced_pool,linear_margin,
dbpedia_14,16,0.1,class_conditional,linear_svm_hinge,303,224,2800,14,0.09821428571428571,0.4525,0.3716190141015856,0.56791090965271,"{""0"": 16, ""1"": 16, ""2"": 16, ""3"": 16, ""4"": 16, ""5"": 16, ""6"": 16, ""7"": 16, ""8"": 16, ""9"": 16, ""10"": 16, ""11"": 16, ""12"": 16, ""13"": 16}",cached_parquet_balanced_pool,linear_margin,
dbpedia_14,16,0.1,class_conditional,linear_svm_hinge,404,224,2800,14,0.12946428571428573,0.3742857142857143,0.3243067055186078,0.4841017723083496,"{""0"": 16, ""1"": 16, ""2"": 16, ""3"": 16, ""4"": 16, ""5"": 16, ""6"": 16, ""7"": 16, ""8"": 16, ""9"": 16, ""10"": 16, ""11"": 16, ""12"": 16, ""13"": 16}",cached_parquet_balanced_pool,linear_margin,
dbpedia_14,16,0.1,class_conditional,linear_svm_hinge,505,224,2800,14,0.07142857142857142,0.6239285714285714,0.5780679021819248,0.5444755554199219,"{""0"": 16, ""1"": 16, ""2"": 16, ""3"": 16, ""4"": 16, ""5"": 16, ""6"": 16, ""7"": 16, ""8"": 16, ""9"": 16, ""10"": 16, ""11"": 16, ""12"": 16, ""13"": 16}",cached_parquet_balanced_pool,linear_margin,
dbpedia_14,16,0.1,class_conditional,trimmed_softmax_logreg,101,224,2800,14,0.11607142857142858,0.5714285714285714,0.5097387115687879,0.2303781509399414,"{""0"": 16, ""1"": 16, ""2"": 16, ""3"": 16, ""4"": 16, ""5"": 16, ""6"": 16, ""7"": 16, ""8"": 16, ""9"": 16, ""10"": 16, ""11"": 16, ""12"": 16, ""13"": 16}",cached_parquet_balanced_pool,bounded_robust_variant,kept_fraction=0.7991
dbpedia_14,16,0.1,class_conditional,trimmed_softmax_logreg,202,224,2800,14,0.07142857142857142,0.6214285714285714,0.5315360142538345,0.29926347732543945,"{""0"": 16, ""1"": 16, ""2"": 16, ""3"": 16, ""4"": 16, ""5"": 16, ""6"": 16, ""7"": 16, ""8"": 16, ""9"": 16, ""10"": 16, ""11"": 16, ""12"": 16, ""13"": 16}",cached_parquet_balanced_pool,bounded_robust_variant,kept_fraction=0.8036
dbpedia_14,16,0.1,class_conditional,trimmed_softmax_logreg,303,224,2800,14,0.09821428571428571,0.6135714285714285,0.5559013034360782,0.22165942192077637,"{""0"": 16, ""1"": 16, ""2"": 16, ""3"": 16, ""4"": 16, ""5"": 16, ""6"": 16, ""7"": 16, ""8"": 16, ""9"": 16, ""10"": 16, ""11"": 16, ""12"": 16, ""13"": 16}",cached_parquet_balanced_pool,bounded_robust_variant,kept_fraction=0.8080
dbpedia_14,16,0.1,class_conditional,trimmed_softmax_logreg,404,224,2800,14,0.12946428571428573,0.5435714285714286,0.4647423279933868,0.2850480079650879,"{""0"": 16, ""1"": 16, ""2"": 16, ""3"": 16, ""4"": 16, ""5"": 16, ""6"": 16, ""7"": 16, ""8"": 16, ""9"": 16, ""10"": 16, ""11"": 16, ""12"": 16, ""13"": 16}",cached_parquet_balanced_pool,bounded_robust_variant,kept_fraction=0.8125
dbpedia_14,16,0.1,class_conditional,trimmed_softmax_logreg,505,224,2800,14,0.07142857142857142,0.6017857142857143,0.5375228152298903,0.3546333312988281,"{""0"": 16, ""1"": 16, ""2"": 16, ""3"": 16, ""4"": 16, ""5"": 16, ""6"": 16, ""7"": 16, ""8"": 16, ""9"": 16, ""10"": 16, ""11"": 16, ""12"": 16, ""13"": 16}",cached_parquet_balanced_pool,bounded_robust_variant,kept_fraction=0.8036
dbpedia_14,16,0.2,symmetric,softmax_logreg,101,224,2800,14,0.20535714285714285,0.6925,0.6828743575807579,0.26893067359924316,"{""0"": 16, ""1"": 16, ""2"": 16, ""3"": 16, ""4"": 16, ""5"": 16, ""6"": 16, ""7"": 16, ""8"": 16, ""9"": 16, ""10"": 16, ""11"": 16, ""12"": 16, ""13"": 16}",cached_parquet_balanced_pool,linear_probabilistic,
dbpedia_14,16,0.2,symmetric,softmax_logreg,202,224,2800,14,0.19642857142857142,0.6242857142857143,0.6098635389279302,0.21856427192687988,"{""0"": 16, ""1"": 16, ""2"": 16, ""3"": 16, ""4"": 16, ""5"": 16, ""6"": 16, ""7"": 16, ""8"": 16, ""9"": 16, ""10"": 16, ""11"": 16, ""12"": 16, ""13"": 16}",cached_parquet_balanced_pool,linear_probabilistic,
dbpedia_14,16,0.2,symmetric,softmax_logreg,303,224,2800,14,0.23214285714285715,0.5896428571428571,0.5861644495136348,0.19056224822998047,"{""0"": 16, ""1"": 16, ""2"": 16, ""3"": 16, ""4"": 16, ""5"": 16, ""6"": 16, ""7"": 16, ""8"": 16, ""9"": 16, ""10"": 16, ""11"": 16, ""12"": 16, ""13"": 16}",cached_parquet_balanced_pool,linear_probabilistic,
dbpedia_14,16,0.2,symmetric,softmax_logreg,404,224,2800,14,0.17857142857142858,0.6828571428571428,0.6505939468476373,0.21764755249023438,"{""0"": 16, ""1"": 16, ""2"": 16, ""3"": 16, ""4"": 16, ""5"": 16, ""6"": 16, ""7"": 16, ""8"": 16, ""9"": 16, ""10"": 16, ""11"": 16, ""12"": 16, ""13"": 16}",cached_parquet_balanced_pool,linear_probabilistic,
dbpedia_14,16,0.2,symmetric,softmax_logreg,505,224,2800,14,0.17857142857142858,0.745,0.7241802407127047,0.2618894577026367,"{""0"": 16, ""1"": 16, ""2"": 16, ""3"": 16, ""4"": 16, ""5"": 16, ""6"": 16, ""7"": 16, ""8"": 16, ""9"": 16, ""10"": 16, ""11"": 16, ""12"": 16, ""13"": 16}",cached_parquet_balanced_pool,linear_probabilistic,
dbpedia_14,16,0.2,symmetric,multinomial_nb,101,224,2800,14,0.20535714285714285,0.7507142857142857,0.7474262694075196,0.09084892272949219,"{""0"": 16, ""1"": 16, ""2"": 16, ""3"": 16, ""4"": 16, ""5"": 16, ""6"": 16, ""7"": 16, ""8"": 16, ""9"": 16, ""10"": 16, ""11"": 16, ""12"": 16, ""13"": 16}",cached_parquet_balanced_pool,generative_nb,
dbpedia_14,16,0.2,symmetric,multinomial_nb,202,224,2800,14,0.19642857142857142,0.7528571428571429,0.7370634809003338,0.09700298309326172,"{""0"": 16, ""1"": 16, ""2"": 16, ""3"": 16, ""4"": 16, ""5"": 16, ""6"": 16, ""7"": 16, ""8"": 16, ""9"": 16, ""10"": 16, ""11"": 16, ""12"": 16, ""13"": 16}",cached_parquet_balanced_pool,generative_nb,
dbpedia_14,16,0.2,symmetric,multinomial_nb,303,224,2800,14,0.23214285714285715,0.7314285714285714,0.7196236053034923,0.0931708812713623,"{""0"": 16, ""1"": 16, ""2"": 16, ""3"": 16, ""4"": 16, ""5"": 16, ""6"": 16, ""7"": 16, ""8"": 16, ""9"": 16, ""10"": 16, ""11"": 16, ""12"": 16, ""13"": 16}",cached_parquet_balanced_pool,generative_nb,
dbpedia_14,16,0.2,symmetric,multinomial_nb,404,224,2800,14,0.17857142857142858,0.7532142857142857,0.742565936569772,0.09860897064208984,"{""0"": 16, ""1"": 16, ""2"": 16, ""3"": 16, ""4"": 16, ""5"": 16, ""6"": 16, ""7"": 16, ""8"": 16, ""9"": 16, ""10"": 16, ""11"": 16, ""12"": 16, ""13"": 16}",cached_parquet_balanced_pool,generative_nb,
dbpedia_14,16,0.2,symmetric,multinomial_nb,505,224,2800,14,0.17857142857142858,0.7614285714285715,0.74217107458732,0.09133338928222656,"{""0"": 16, ""1"": 16, ""2"": 16, ""3"": 16, ""4"": 16, ""5"": 16, ""6"": 16, ""7"": 16, ""8"": 16, ""9"": 16, ""10"": 16, ""11"": 16, ""12"": 16, ""13"": 16}",cached_parquet_balanced_pool,generative_nb,
dbpedia_14,16,0.2,symmetric,linear_svm_hinge,101,224,2800,14,0.20535714285714285,0.4835714285714286,0.4819949182007227,0.4926126003265381,"{""0"": 16, ""1"": 16, ""2"": 16, ""3"": 16, ""4"": 16, ""5"": 16, ""6"": 16, ""7"": 16, ""8"": 16, ""9"": 16, ""10"": 16, ""11"": 16, ""12"": 16, ""13"": 16}",cached_parquet_balanced_pool,linear_margin,
dbpedia_14,16,0.2,symmetric,linear_svm_hinge,202,224,2800,14,0.19642857142857142,0.4517857142857143,0.4241493800556974,0.5989501476287842,"{""0"": 16, ""1"": 16, ""2"": 16, ""3"": 16, ""4"": 16, ""5"": 16, ""6"": 16, ""7"": 16, ""8"": 16, ""9"": 16, ""10"": 16, ""11"": 16, ""12"": 16, ""13"": 16}",cached_parquet_balanced_pool,linear_margin,
dbpedia_14,16,0.2,symmetric,linear_svm_hinge,303,224,2800,14,0.23214285714285715,0.2782142857142857,0.26856878750813923,0.5184488296508789,"{""0"": 16, ""1"": 16, ""2"": 16, ""3"": 16, ""4"": 16, ""5"": 16, ""6"": 16, ""7"": 16, ""8"": 16, ""9"": 16, ""10"": 16, ""11"": 16, ""12"": 16, ""13"": 16}",cached_parquet_balanced_pool,linear_margin,
dbpedia_14,16,0.2,symmetric,linear_svm_hinge,404,224,2800,14,0.17857142857142858,0.34464285714285714,0.3468419584667182,0.5179650783538818,"{""0"": 16, ""1"": 16, ""2"": 16, ""3"": 16, ""4"": 16, ""5"": 16, ""6"": 16, ""7"": 16, ""8"": 16, ""9"": 16, ""10"": 16, ""11"": 16, ""12"": 16, ""13"": 16}",cached_parquet_balanced_pool,linear_margin,
dbpedia_14,16,0.2,symmetric,linear_svm_hinge,505,224,2800,14,0.17857142857142858,0.43214285714285716,0.41176254596960277,0.5283961296081543,"{""0"": 16, ""1"": 16, ""2"": 16, ""3"": 16, ""4"": 16, ""5"": 16, ""6"": 16, ""7"": 16, ""8"": 16, ""9"": 16, ""10"": 16, ""11"": 16, ""12"": 16, ""13"": 16}",cached_parquet_balanced_pool,linear_margin,
dbpedia_14,16,0.2,symmetric,trimmed_softmax_logreg,101,224,2800,14,0.20535714285714285,0.5678571428571428,0.509836008760871,0.25463318824768066,"{""0"": 16, ""1"": 16, ""2"": 16, ""3"": 16, ""4"": 16, ""5"": 16, ""6"": 16, ""7"": 16, ""8"": 16, ""9"": 16, ""10"": 16, ""11"": 16, ""12"": 16, ""13"": 16}",cached_parquet_balanced_pool,bounded_robust_variant,kept_fraction=0.7991
dbpedia_14,16,0.2,symmetric,trimmed_softmax_logreg,202,224,2800,14,0.19642857142857142,0.5646428571428571,0.5159044968742059,0.29035067558288574,"{""0"": 16, ""1"": 16, ""2"": 16, ""3"": 16, ""4"": 16, ""5"": 16, ""6"": 16, ""7"": 16, ""8"": 16, ""9"": 16, ""10"": 16, ""11"": 16, ""12"": 16, ""13"": 16}",cached_parquet_balanced_pool,bounded_robust_variant,kept_fraction=0.8080
dbpedia_14,16,0.2,symmetric,trimmed_softmax_logreg,303,224,2800,14,0.23214285714285715,0.49178571428571427,0.42484750352589734,0.32907843589782715,"{""0"": 16, ""1"": 16, ""2"": 16, ""3"": 16, ""4"": 16, ""5"": 16, ""6"": 16, ""7"": 16, ""8"": 16, ""9"": 16, ""10"": 16, ""11"": 16, ""12"": 16, ""13"": 16}",cached_parquet_balanced_pool,bounded_robust_variant,kept_fraction=0.8080
dbpedia_14,16,0.2,symmetric,trimmed_softmax_logreg,404,224,2800,14,0.17857142857142858,0.5678571428571428,0.494615160390562,0.24269604682922363,"{""0"": 16, ""1"": 16, ""2"": 16, ""3"": 16, ""4"": 16, ""5"": 16, ""6"": 16, ""7"": 16, ""8"": 16, ""9"": 16, ""10"": 16, ""11"": 16, ""12"": 16, ""13"": 16}",cached_parquet_balanced_pool,bounded_robust_variant,kept_fraction=0.8080
dbpedia_14,16,0.2,symmetric,trimmed_softmax_logreg,505,224,2800,14,0.17857142857142858,0.6142857142857143,0.5627372328910641,0.32448768615722656,"{""0"": 16, ""1"": 16, ""2"": 16, ""3"": 16, ""4"": 16, ""5"": 16, ""6"": 16, ""7"": 16, ""8"": 16, ""9"": 16, ""10"": 16, ""11"": 16, ""12"": 16, ""13"": 16}",cached_parquet_balanced_pool,bounded_robust_variant,kept_fraction=0.8036
dbpedia_14,16,0.2,class_conditional,softmax_logreg,101,224,2800,14,0.20089285714285715,0.6392857142857142,0.6200328824488309,0.2978494167327881,"{""0"": 16, ""1"": 16, ""2"": 16, ""3"": 16, ""4"": 16, ""5"": 16, ""6"": 16, ""7"": 16, ""8"": 16, ""9"": 16, ""10"": 16, ""11"": 16, ""12"": 16, ""13"": 16}",cached_parquet_balanced_pool,linear_probabilistic,
dbpedia_14,16,0.2,class_conditional,softmax_logreg,202,224,2800,14,0.16964285714285715,0.7225,0.6869970347625937,0.24571490287780762,"{""0"": 16, ""1"": 16, ""2"": 16, ""3"": 16, ""4"": 16, ""5"": 16, ""6"": 16, ""7"": 16, ""8"": 16, ""9"": 16, ""10"": 16, ""11"": 16, ""12"": 16, ""13"": 16}",cached_parquet_balanced_pool,linear_probabilistic,
dbpedia_14,16,0.2,class_conditional,softmax_logreg,303,224,2800,14,0.21428571428571427,0.6332142857142857,0.5977382371386095,0.2066349983215332,"{""0"": 16, ""1"": 16, ""2"": 16, ""3"": 16, ""4"": 16, ""5"": 16, ""6"": 16, ""7"": 16, ""8"": 16, ""9"": 16, ""10"": 16, ""11"": 16, ""12"": 16, ""13"": 16}",cached_parquet_balanced_pool,linear_probabilistic,
dbpedia_14,16,0.2,class_conditional,softmax_logreg,404,224,2800,14,0.22767857142857142,0.5228571428571429,0.46667712209353074,0.33995795249938965,"{""0"": 16, ""1"": 16, ""2"": 16, ""3"": 16, ""4"": 16, ""5"": 16, ""6"": 16, ""7"": 16, ""8"": 16, ""9"": 16, ""10"": 16, ""11"": 16, ""12"": 16, ""13"": 16}",cached_parquet_balanced_pool,linear_probabilistic,
dbpedia_14,16,0.2,class_conditional,softmax_logreg,505,224,2800,14,0.16964285714285715,0.6346428571428572,0.5984066425333356,0.1896986961364746,"{""0"": 16, ""1"": 16, ""2"": 16, ""3"": 16, ""4"": 16, ""5"": 16, ""6"": 16, ""7"": 16, ""8"": 16, ""9"": 16, ""10"": 16, ""11"": 16, ""12"": 16, ""13"": 16}",cached_parquet_balanced_pool,linear_probabilistic,
dbpedia_14,16,0.2,class_conditional,multinomial_nb,101,224,2800,14,0.20089285714285715,0.7089285714285715,0.6985648641617804,0.08968353271484375,"{""0"": 16, ""1"": 16, ""2"": 16, ""3"": 16, ""4"": 16, ""5"": 16, ""6"": 16, ""7"": 16, ""8"": 16, ""9"": 16, ""10"": 16, ""11"": 16, ""12"": 16, ""13"": 16}",cached_parquet_balanced_pool,generative_nb,
dbpedia_14,16,0.2,class_conditional,multinomial_nb,202,224,2800,14,0.16964285714285715,0.7621428571428571,0.7416713571145784,0.09174442291259766,"{""0"": 16, ""1"": 16, ""2"": 16, ""3"": 16, ""4"": 16, ""5"": 16, ""6"": 16, ""7"": 16, ""8"": 16, ""9"": 16, ""10"": 16, ""11"": 16, ""12"": 16, ""13"": 16}",cached_parquet_balanced_pool,generative_nb,
dbpedia_14,16,0.2,class_conditional,multinomial_nb,303,224,2800,14,0.21428571428571427,0.6914285714285714,0.6693950182130889,0.09190821647644043,"{""0"": 16, ""1"": 16, ""2"": 16, ""3"": 16, ""4"": 16, ""5"": 16, ""6"": 16, ""7"": 16, ""8"": 16, ""9"": 16, ""10"": 16, ""11"": 16, ""12"": 16, ""13"": 16}",cached_parquet_balanced_pool,generative_nb,
dbpedia_14,16,0.2,class_conditional,multinomial_nb,404,224,2800,14,0.22767857142857142,0.6346428571428572,0.6104679366835833,0.09393906593322754,"{""0"": 16, ""1"": 16, ""2"": 16, ""3"": 16, ""4"": 16, ""5"": 16, ""6"": 16, ""7"": 16, ""8"": 16, ""9"": 16, ""10"": 16, ""11"": 16, ""12"": 16, ""13"": 16}",cached_parquet_balanced_pool,generative_nb,
dbpedia_14,16,0.2,class_conditional,multinomial_nb,505,224,2800,14,0.16964285714285715,0.6982142857142857,0.6881204626961434,0.0889441967010498,"{""0"": 16, ""1"": 16, ""2"": 16, ""3"": 16, ""4"": 16, ""5"": 16, ""6"": 16, ""7"": 16, ""8"": 16, ""9"": 16, ""10"": 16, ""11"": 16, ""12"": 16, ""13"": 16}",cached_parquet_balanced_pool,generative_nb,
dbpedia_14,16,0.2,class_conditional,linear_svm_hinge,101,224,2800,14,0.20089285714285715,0.415,0.3987638766993026,0.6037213802337646,"{""0"": 16, ""1"": 16, ""2"": 16, ""3"": 16, ""4"": 16, ""5"": 16, ""6"": 16, ""7"": 16, ""8"": 16, ""9"": 16, ""10"": 16, ""11"": 16, ""12"": 16, ""13"": 16}",cached_parquet_balanced_pool,linear_margin,
dbpedia_14,16,0.2,class_conditional,linear_svm_hinge,202,224,2800,14,0.16964285714285715,0.38357142857142856,0.34065858543956173,0.5997209548950195,"{""0"": 16, ""1"": 16, ""2"": 16, ""3"": 16, ""4"": 16, ""5"": 16, ""6"": 16, ""7"": 16, ""8"": 16, ""9"": 16, ""10"": 16, ""11"": 16, ""12"": 16, ""13"": 16}",cached_parquet_balanced_pool,linear_margin,
dbpedia_14,16,0.2,class_conditional,linear_svm_hinge,303,224,2800,14,0.21428571428571427,0.4442857142857143,0.3874270759229609,0.47098422050476074,"{""0"": 16, ""1"": 16, ""2"": 16, ""3"": 16, ""4"": 16, ""5"": 16, ""6"": 16, ""7"": 16, ""8"": 16, ""9"": 16, ""10"": 16, ""11"": 16, ""12"": 16, ""13"": 16}",cached_parquet_balanced_pool,linear_margin,
dbpedia_14,16,0.2,class_conditional,linear_svm_hinge,404,224,2800,14,0.22767857142857142,0.35285714285714287,0.2843551735153265,0.5747256278991699,"{""0"": 16, ""1"": 16, ""2"": 16, ""3"": 16, ""4"": 16, ""5"": 16, ""6"": 16, ""7"": 16, ""8"": 16, ""9"": 16, ""10"": 16, ""11"": 16, ""12"": 16, ""13"": 16}",cached_parquet_balanced_pool,linear_margin,
dbpedia_14,16,0.2,class_conditional,linear_svm_hinge,505,224,2800,14,0.16964285714285715,0.4253571428571429,0.34443469847259794,0.5397317409515381,"{""0"": 16, ""1"": 16, ""2"": 16, ""3"": 16, ""4"": 16, ""5"": 16, ""6"": 16, ""7"": 16, ""8"": 16, ""9"": 16, ""10"": 16, ""11"": 16, ""12"": 16, ""13"": 16}",cached_parquet_balanced_pool,linear_margin,
dbpedia_14,16,0.2,class_conditional,trimmed_softmax_logreg,101,224,2800,14,0.20089285714285715,0.5364285714285715,0.4601948627457134,0.2751047611236572,"{""0"": 16, ""1"": 16, ""2"": 16, ""3"": 16, ""4"": 16, ""5"": 16, ""6"": 16, ""7"": 16, ""8"": 16, ""9"": 16, ""10"": 16, ""11"": 16, ""12"": 16, ""13"": 16}",cached_parquet_balanced_pool,bounded_robust_variant,kept_fraction=0.7991
dbpedia_14,16,0.2,class_conditional,trimmed_softmax_logreg,202,224,2800,14,0.16964285714285715,0.5807142857142857,0.48689518907397844,0.25348520278930664,"{""0"": 16, ""1"": 16, ""2"": 16, ""3"": 16, ""4"": 16, ""5"": 16, ""6"": 16, ""7"": 16, ""8"": 16, ""9"": 16, ""10"": 16, ""11"": 16, ""12"": 16, ""13"": 16}",cached_parquet_balanced_pool,bounded_robust_variant,kept_fraction=0.8036
dbpedia_14,16,0.2,class_conditional,trimmed_softmax_logreg,303,224,2800,14,0.21428571428571427,0.5253571428571429,0.4236892018328941,0.31329965591430664,"{""0"": 16, ""1"": 16, ""2"": 16, ""3"": 16, ""4"": 16, ""5"": 16, ""6"": 16, ""7"": 16, ""8"": 16, ""9"": 16, ""10"": 16, ""11"": 16, ""12"": 16, ""13"": 16}",cached_parquet_balanced_pool,bounded_robust_variant,kept_fraction=0.8080
dbpedia_14,16,0.2,class_conditional,trimmed_softmax_logreg,404,224,2800,14,0.22767857142857142,0.49464285714285716,0.4182039295586999,0.23087430000305176,"{""0"": 16, ""1"": 16, ""2"": 16, ""3"": 16, ""4"": 16, ""5"": 16, ""6"": 16, ""7"": 16, ""8"": 16, ""9"": 16, ""10"": 16, ""11"": 16, ""12"": 16, ""13"": 16}",cached_parquet_balanced_pool,bounded_robust_variant,kept_fraction=0.8080
dbpedia_14,16,0.2,class_conditional,trimmed_softmax_logreg,505,224,2800,14,0.16964285714285715,0.5928571428571429,0.5137128758447338,0.2709949016571045,"{""0"": 16, ""1"": 16, ""2"": 16, ""3"": 16, ""4"": 16, ""5"": 16, ""6"": 16, ""7"": 16, ""8"": 16, ""9"": 16, ""10"": 16, ""11"": 16, ""12"": 16, ""13"": 16}",cached_parquet_balanced_pool,bounded_robust_variant,kept_fraction=0.8036
dbpedia_14,16,0.3,symmetric,softmax_logreg,101,224,2800,14,0.30357142857142855,0.6671428571428571,0.659095119017451,0.23135781288146973,"{""0"": 16, ""1"": 16, ""2"": 16, ""3"": 16, ""4"": 16, ""5"": 16, ""6"": 16, ""7"": 16, ""8"": 16, ""9"": 16, ""10"": 16, ""11"": 16, ""12"": 16, ""13"": 16}",cached_parquet_balanced_pool,linear_probabilistic,
dbpedia_14,16,0.3,symmetric,softmax_logreg,202,224,2800,14,0.2767857142857143,0.6532142857142857,0.6501752358663931,0.2283792495727539,"{""0"": 16, ""1"": 16, ""2"": 16, ""3"": 16, ""4"": 16, ""5"": 16, ""6"": 16, ""7"": 16, ""8"": 16, ""9"": 16, ""10"": 16, ""11"": 16, ""12"": 16, ""13"": 16}",cached_parquet_balanced_pool,linear_probabilistic,
dbpedia_14,16,0.3,symmetric,softmax_logreg,303,224,2800,14,0.32142857142857145,0.6260714285714286,0.5979897784962735,0.19730114936828613,"{""0"": 16, ""1"": 16, ""2"": 16, ""3"": 16, ""4"": 16, ""5"": 16, ""6"": 16, ""7"": 16, ""8"": 16, ""9"": 16, ""10"": 16, ""11"": 16, ""12"": 16, ""13"": 16}",cached_parquet_balanced_pool,linear_probabilistic,
dbpedia_14,16,0.3,symmetric,softmax_logreg,404,224,2800,14,0.27232142857142855,0.6532142857142857,0.6141788129482231,0.1988818645477295,"{""0"": 16, ""1"": 16, ""2"": 16, ""3"": 16, ""4"": 16, ""5"": 16, ""6"": 16, ""7"": 16, ""8"": 16, ""9"": 16, ""10"": 16, ""11"": 16, ""12"": 16, ""13"": 16}",cached_parquet_balanced_pool,linear_probabilistic,
dbpedia_14,16,0.3,symmetric,softmax_logreg,505,224,2800,14,0.29017857142857145,0.6307142857142857,0.5900003211961049,0.3103933334350586,"{""0"": 16, ""1"": 16, ""2"": 16, ""3"": 16, ""4"": 16, ""5"": 16, ""6"": 16, ""7"": 16, ""8"": 16, ""9"": 16, ""10"": 16, ""11"": 16, ""12"": 16, ""13"": 16}",cached_parquet_balanced_pool,linear_probabilistic,
dbpedia_14,16,0.3,symmetric,multinomial_nb,101,224,2800,14,0.30357142857142855,0.7371428571428571,0.7330104212325687,0.09185028076171875,"{""0"": 16, ""1"": 16, ""2"": 16, ""3"": 16, ""4"": 16, ""5"": 16, ""6"": 16, ""7"": 16, ""8"": 16, ""9"": 16, ""10"": 16, ""11"": 16, ""12"": 16, ""13"": 16}",cached_parquet_balanced_pool,generative_nb,
dbpedia_14,16,0.3,symmetric,multinomial_nb,202,224,2800,14,0.2767857142857143,0.7067857142857142,0.7043749521856985,0.08947634696960449,"{""0"": 16, ""1"": 16, ""2"": 16, ""3"": 16, ""4"": 16, ""5"": 16, ""6"": 16, ""7"": 16, ""8"": 16, ""9"": 16, ""10"": 16, ""11"": 16, ""12"": 16, ""13"": 16}",cached_parquet_balanced_pool,generative_nb,
dbpedia_14,16,0.3,symmetric,multinomial_nb,303,224,2800,14,0.32142857142857145,0.7085714285714285,0.6933031349689269,0.08808302879333496,"{""0"": 16, ""1"": 16, ""2"": 16, ""3"": 16, ""4"": 16, ""5"": 16, ""6"": 16, ""7"": 16, ""8"": 16, ""9"": 16, ""10"": 16, ""11"": 16, ""12"": 16, ""13"": 16}",cached_parquet_balanced_pool,generative_nb,
dbpedia_14,16,0.3,symmetric,multinomial_nb,404,224,2800,14,0.27232142857142855,0.6835714285714286,0.6693702351310907,0.09600043296813965,"{""0"": 16, ""1"": 16, ""2"": 16, ""3"": 16, ""4"": 16, ""5"": 16, ""6"": 16, ""7"": 16, ""8"": 16, ""9"": 16, ""10"": 16, ""11"": 16, ""12"": 16, ""13"": 16}",cached_parquet_balanced_pool,generative_nb,
dbpedia_14,16,0.3,symmetric,multinomial_nb,505,224,2800,14,0.29017857142857145,0.6639285714285714,0.6472711667573022,0.09174346923828125,"{""0"": 16, ""1"": 16, ""2"": 16, ""3"": 16, ""4"": 16, ""5"": 16, ""6"": 16, ""7"": 16, ""8"": 16, ""9"": 16, ""10"": 16, ""11"": 16, ""12"": 16, ""13"": 16}",cached_parquet_balanced_pool,generative_nb,
dbpedia_14,16,0.3,symmetric,linear_svm_hinge,101,224,2800,14,0.30357142857142855,0.395,0.3351318545040032,0.5238666534423828,"{""0"": 16, ""1"": 16, ""2"": 16, ""3"": 16, ""4"": 16, ""5"": 16, ""6"": 16, ""7"": 16, ""8"": 16, ""9"": 16, ""10"": 16, ""11"": 16, ""12"": 16, ""13"": 16}",cached_parquet_balanced_pool,linear_margin,
dbpedia_14,16,0.3,symmetric,linear_svm_hinge,202,224,2800,14,0.2767857142857143,0.28214285714285714,0.24044531545412792,0.4852588176727295,"{""0"": 16, ""1"": 16, ""2"": 16, ""3"": 16, ""4"": 16, ""5"": 16, ""6"": 16, ""7"": 16, ""8"": 16, ""9"": 16, ""10"": 16, ""11"": 16, ""12"": 16, ""13"": 16}",cached_parquet_balanced_pool,linear_margin,
dbpedia_14,16,0.3,symmetric,linear_svm_hinge,303,224,2800,14,0.32142857142857145,0.34214285714285714,0.31107444943534596,0.5818235874176025,"{""0"": 16, ""1"": 16, ""2"": 16, ""3"": 16, ""4"": 16, ""5"": 16, ""6"": 16, ""7"": 16, ""8"": 16, ""9"": 16, ""10"": 16, ""11"": 16, ""12"": 16, ""13"": 16}",cached_parquet_balanced_pool,linear_margin,
dbpedia_14,16,0.3,symmetric,linear_svm_hinge,404,224,2800,14,0.27232142857142855,0.5442857142857143,0.5367240737223734,0.5612931251525879,"{""0"": 16, ""1"": 16, ""2"": 16, ""3"": 16, ""4"": 16, ""5"": 16, ""6"": 16, ""7"": 16, ""8"": 16, ""9"": 16, ""10"": 16, ""11"": 16, ""12"": 16, ""13"": 16}",cached_parquet_balanced_pool,linear_margin,
dbpedia_14,16,0.3,symmetric,linear_svm_hinge,505,224,2800,14,0.29017857142857145,0.34535714285714286,0.2679901528048946,0.6076083183288574,"{""0"": 16, ""1"": 16, ""2"": 16, ""3"": 16, ""4"": 16, ""5"": 16, ""6"": 16, ""7"": 16, ""8"": 16, ""9"": 16, ""10"": 16, ""11"": 16, ""12"": 16, ""13"": 16}",cached_parquet_balanced_pool,linear_margin,
dbpedia_14,16,0.3,symmetric,trimmed_softmax_logreg,101,224,2800,14,0.30357142857142855,0.5139285714285714,0.42997966794575876,0.3437819480895996,"{""0"": 16, ""1"": 16, ""2"": 16, ""3"": 16, ""4"": 16, ""5"": 16, ""6"": 16, ""7"": 16, ""8"": 16, ""9"": 16, ""10"": 16, ""11"": 16, ""12"": 16, ""13"": 16}",cached_parquet_balanced_pool,bounded_robust_variant,kept_fraction=0.8036
dbpedia_14,16,0.3,symmetric,trimmed_softmax_logreg,202,224,2800,14,0.2767857142857143,0.51,0.46003741935798115,0.22612977027893066,"{""0"": 16, ""1"": 16, ""2"": 16, ""3"": 16, ""4"": 16, ""5"": 16, ""6"": 16, ""7"": 16, ""8"": 16, ""9"": 16, ""10"": 16, ""11"": 16, ""12"": 16, ""13"": 16}",cached_parquet_balanced_pool,bounded_robust_variant,kept_fraction=0.8036
dbpedia_14,16,0.3,symmetric,trimmed_softmax_logreg,303,224,2800,14,0.32142857142857145,0.47214285714285714,0.3925617188379529,0.2634732723236084,"{""0"": 16, ""1"": 16, ""2"": 16, ""3"": 16, ""4"": 16, ""5"": 16, ""6"": 16, ""7"": 16, ""8"": 16, ""9"": 16, ""10"": 16, ""11"": 16, ""12"": 16, ""13"": 16}",cached_parquet_balanced_pool,bounded_robust_variant,kept_fraction=0.8036
dbpedia_14,16,0.3,symmetric,trimmed_softmax_logreg,404,224,2800,14,0.27232142857142855,0.5678571428571428,0.47869525934196766,0.3002901077270508,"{""0"": 16, ""1"": 16, ""2"": 16, ""3"": 16, ""4"": 16, ""5"": 16, ""6"": 16, ""7"": 16, ""8"": 16, ""9"": 16, ""10"": 16, ""11"": 16, ""12"": 16, ""13"": 16}",cached_parquet_balanced_pool,bounded_robust_variant,kept_fraction=0.8080
dbpedia_14,16,0.3,symmetric,trimmed_softmax_logreg,505,224,2800,14,0.29017857142857145,0.5614285714285714,0.4737627720753041,0.23202061653137207,"{""0"": 16, ""1"": 16, ""2"": 16, ""3"": 16, ""4"": 16, ""5"": 16, ""6"": 16, ""7"": 16, ""8"": 16, ""9"": 16, ""10"": 16, ""11"": 16, ""12"": 16, ""13"": 16}",cached_parquet_balanced_pool,bounded_robust_variant,kept_fraction=0.8036
dbpedia_14,16,0.3,class_conditional,softmax_logreg,101,224,2800,14,0.2767857142857143,0.5692857142857143,0.5297781153896282,0.2037971019744873,"{""0"": 16, ""1"": 16, ""2"": 16, ""3"": 16, ""4"": 16, ""5"": 16, ""6"": 16, ""7"": 16, ""8"": 16, ""9"": 16, ""10"": 16, ""11"": 16, ""12"": 16, ""13"": 16}",cached_parquet_balanced_pool,linear_probabilistic,
dbpedia_14,16,0.3,class_conditional,softmax_logreg,202,224,2800,14,0.26339285714285715,0.6014285714285714,0.5623558127235352,0.26446032524108887,"{""0"": 16, ""1"": 16, ""2"": 16, ""3"": 16, ""4"": 16, ""5"": 16, ""6"": 16, ""7"": 16, ""8"": 16, ""9"": 16, ""10"": 16, ""11"": 16, ""12"": 16, ""13"": 16}",cached_parquet_balanced_pool,linear_probabilistic,
dbpedia_14,16,0.3,class_conditional,softmax_logreg,303,224,2800,14,0.3125,0.5703571428571429,0.5124871178478455,0.2438983917236328,"{""0"": 16, ""1"": 16, ""2"": 16, ""3"": 16, ""4"": 16, ""5"": 16, ""6"": 16, ""7"": 16, ""8"": 16, ""9"": 16, ""10"": 16, ""11"": 16, ""12"": 16, ""13"": 16}",cached_parquet_balanced_pool,linear_probabilistic,
dbpedia_14,16,0.3,class_conditional,softmax_logreg,404,224,2800,14,0.3392857142857143,0.6010714285714286,0.5828218661148875,0.21515583992004395,"{""0"": 16, ""1"": 16, ""2"": 16, ""3"": 16, ""4"": 16, ""5"": 16, ""6"": 16, ""7"": 16, ""8"": 16, ""9"": 16, ""10"": 16, ""11"": 16, ""12"": 16, ""13"": 16}",cached_parquet_balanced_pool,linear_probabilistic,
dbpedia_14,16,0.3,class_conditional,softmax_logreg,505,224,2800,14,0.25,0.6128571428571429,0.5851206243302693,0.26670241355895996,"{""0"": 16, ""1"": 16, ""2"": 16, ""3"": 16, ""4"": 16, ""5"": 16, ""6"": 16, ""7"": 16, ""8"": 16, ""9"": 16, ""10"": 16, ""11"": 16, ""12"": 16, ""13"": 16}",cached_parquet_balanced_pool,linear_probabilistic,
dbpedia_14,16,0.3,class_conditional,multinomial_nb,101,224,2800,14,0.2767857142857143,0.6196428571428572,0.5986366769435003,0.09850621223449707,"{""0"": 16, ""1"": 16, ""2"": 16, ""3"": 16, ""4"": 16, ""5"": 16, ""6"": 16, ""7"": 16, ""8"": 16, ""9"": 16, ""10"": 16, ""11"": 16, ""12"": 16, ""13"": 16}",cached_parquet_balanced_pool,generative_nb,
dbpedia_14,16,0.3,class_conditional,multinomial_nb,202,224,2800,14,0.26339285714285715,0.6792857142857143,0.6500942032393205,0.09249138832092285,"{""0"": 16, ""1"": 16, ""2"": 16, ""3"": 16, ""4"": 16, ""5"": 16, ""6"": 16, ""7"": 16, ""8"": 16, ""9"": 16, ""10"": 16, ""11"": 16, ""12"": 16, ""13"": 16}",cached_parquet_balanced_pool,generative_nb,
dbpedia_14,16,0.3,class_conditional,multinomial_nb,303,224,2800,14,0.3125,0.6132142857142857,0.5742480202590583,0.09329819679260254,"{""0"": 16, ""1"": 16, ""2"": 16, ""3"": 16, ""4"": 16, ""5"": 16, ""6"": 16, ""7"": 16, ""8"": 16, ""9"": 16, ""10"": 16, ""11"": 16, ""12"": 16, ""13"": 16}",cached_parquet_balanced_pool,generative_nb,
dbpedia_14,16,0.3,class_conditional,multinomial_nb,404,224,2800,14,0.3392857142857143,0.6267857142857143,0.6129265255564394,0.08973956108093262,"{""0"": 16, ""1"": 16, ""2"": 16, ""3"": 16, ""4"": 16, ""5"": 16, ""6"": 16, ""7"": 16, ""8"": 16, ""9"": 16, ""10"": 16, ""11"": 16, ""12"": 16, ""13"": 16}",cached_parquet_balanced_pool,generative_nb,
dbpedia_14,16,0.3,class_conditional,multinomial_nb,505,224,2800,14,0.25,0.6242857142857143,0.6169637807289302,0.09613513946533203,"{""0"": 16, ""1"": 16, ""2"": 16, ""3"": 16, ""4"": 16, ""5"": 16, ""6"": 16, ""7"": 16, ""8"": 16, ""9"": 16, ""10"": 16, ""11"": 16, ""12"": 16, ""13"": 16}",cached_parquet_balanced_pool,generative_nb,
dbpedia_14,16,0.3,class_conditional,linear_svm_hinge,101,224,2800,14,0.2767857142857143,0.3492857142857143,0.29114279271816895,0.5957005023956299,"{""0"": 16, ""1"": 16, ""2"": 16, ""3"": 16, ""4"": 16, ""5"": 16, ""6"": 16, ""7"": 16, ""8"": 16, ""9"": 16, ""10"": 16, ""11"": 16, ""12"": 16, ""13"": 16}",cached_parquet_balanced_pool,linear_margin,
dbpedia_14,16,0.3,class_conditional,linear_svm_hinge,202,224,2800,14,0.26339285714285715,0.3817857142857143,0.3180350438998952,0.5939414501190186,"{""0"": 16, ""1"": 16, ""2"": 16, ""3"": 16, ""4"": 16, ""5"": 16, ""6"": 16, ""7"": 16, ""8"": 16, ""9"": 16, ""10"": 16, ""11"": 16, ""12"": 16, ""13"": 16}",cached_parquet_balanced_pool,linear_margin,
dbpedia_14,16,0.3,class_conditional,linear_svm_hinge,303,224,2800,14,0.3125,0.40785714285714286,0.34683229472004434,3.974195718765259,"{""0"": 16, ""1"": 16, ""2"": 16, ""3"": 16, ""4"": 16, ""5"": 16, ""6"": 16, ""7"": 16, ""8"": 16, ""9"": 16, ""10"": 16, ""11"": 16, ""12"": 16, ""13"": 16}",cached_parquet_balanced_pool,linear_margin,
dbpedia_14,16,0.3,class_conditional,linear_svm_hinge,404,224,2800,14,0.3392857142857143,0.2810714285714286,0.20352776978816836,0.5407724380493164,"{""0"": 16, ""1"": 16, ""2"": 16, ""3"": 16, ""4"": 16, ""5"": 16, ""6"": 16, ""7"": 16, ""8"": 16, ""9"": 16, ""10"": 16, ""11"": 16, ""12"": 16, ""13"": 16}",cached_parquet_balanced_pool,linear_margin,
dbpedia_14,16,0.3,class_conditional,linear_svm_hinge,505,224,2800,14,0.25,0.4082142857142857,0.3316898408756814,0.531792163848877,"{""0"": 16, ""1"": 16, ""2"": 16, ""3"": 16, ""4"": 16, ""5"": 16, ""6"": 16, ""7"": 16, ""8"": 16, ""9"": 16, ""10"": 16, ""11"": 16, ""12"": 16, ""13"": 16}",cached_parquet_balanced_pool,linear_margin,
dbpedia_14,16,0.3,class_conditional,trimmed_softmax_logreg,101,224,2800,14,0.2767857142857143,0.4710714285714286,0.363045276099165,0.33396196365356445,"{""0"": 16, ""1"": 16, ""2"": 16, ""3"": 16, ""4"": 16, ""5"": 16, ""6"": 16, ""7"": 16, ""8"": 16, ""9"": 16, ""10"": 16, ""11"": 16, ""12"": 16, ""13"": 16}",cached_parquet_balanced_pool,bounded_robust_variant,kept_fraction=0.7991
dbpedia_14,16,0.3,class_conditional,trimmed_softmax_logreg,202,224,2800,14,0.26339285714285715,0.57,0.49711976009379955,0.27943944931030273,"{""0"": 16, ""1"": 16, ""2"": 16, ""3"": 16, ""4"": 16, ""5"": 16, ""6"": 16, ""7"": 16, ""8"": 16, ""9"": 16, ""10"": 16, ""11"": 16, ""12"": 16, ""13"": 16}",cached_parquet_balanced_pool,bounded_robust_variant,kept_fraction=0.8036
dbpedia_14,16,0.3,class_conditional,trimmed_softmax_logreg,303,224,2800,14,0.3125,0.5275,0.4528458970174811,0.22681808471679688,"{""0"": 16, ""1"": 16, ""2"": 16, ""3"": 16, ""4"": 16, ""5"": 16, ""6"": 16, ""7"": 16, ""8"": 16, ""9"": 16, ""10"": 16, ""11"": 16, ""12"": 16, ""13"": 16}",cached_parquet_balanced_pool,bounded_robust_variant,kept_fraction=0.8125
dbpedia_14,16,0.3,class_conditional,trimmed_softmax_logreg,404,224,2800,14,0.3392857142857143,0.5067857142857143,0.4573708788789324,0.3530101776123047,"{""0"": 16, ""1"": 16, ""2"": 16, ""3"": 16, ""4"": 16, ""5"": 16, ""6"": 16, ""7"": 16, ""8"": 16, ""9"": 16, ""10"": 16, ""11"": 16, ""12"": 16, ""13"": 16}",cached_parquet_balanced_pool,bounded_robust_variant,kept_fraction=0.8036
dbpedia_14,16,0.3,class_conditional,trimmed_softmax_logreg,505,224,2800,14,0.25,0.5275,0.4613514294860655,0.2550239562988281,"{""0"": 16, ""1"": 16, ""2"": 16, ""3"": 16, ""4"": 16, ""5"": 16, ""6"": 16, ""7"": 16, ""8"": 16, ""9"": 16, ""10"": 16, ""11"": 16, ""12"": 16, ""13"": 16}",cached_parquet_balanced_pool,bounded_robust_variant,kept_fraction=0.8036
dbpedia_14,64,0.0,symmetric,softmax_logreg,101,896,2800,14,0.0,0.8914285714285715,0.8898028644272211,0.40044713020324707,"{""0"": 64, ""1"": 64, ""2"": 64, ""3"": 64, ""4"": 64, ""5"": 64, ""6"": 64, ""7"": 64, ""8"": 64, ""9"": 64, ""10"": 64, ""11"": 64, ""12"": 64, ""13"": 64}",cached_parquet_balanced_pool,linear_probabilistic,
dbpedia_14,64,0.0,symmetric,softmax_logreg,202,896,2800,14,0.0,0.8903571428571428,0.8887658049545337,0.4332561492919922,"{""0"": 64, ""1"": 64, ""2"": 64, ""3"": 64, ""4"": 64, ""5"": 64, ""6"": 64, ""7"": 64, ""8"": 64, ""9"": 64, ""10"": 64, ""11"": 64, ""12"": 64, ""13"": 64}",cached_parquet_balanced_pool,linear_probabilistic,
dbpedia_14,64,0.0,symmetric,softmax_logreg,303,896,2800,14,0.0,0.8907142857142857,0.8877442730231483,0.39758992195129395,"{""0"": 64, ""1"": 64, ""2"": 64, ""3"": 64, ""4"": 64, ""5"": 64, ""6"": 64, ""7"": 64, ""8"": 64, ""9"": 64, ""10"": 64, ""11"": 64, ""12"": 64, ""13"": 64}",cached_parquet_balanced_pool,linear_probabilistic,
dbpedia_14,64,0.0,symmetric,softmax_logreg,404,896,2800,14,0.0,0.89,0.8883220063314325,0.4819481372833252,"{""0"": 64, ""1"": 64, ""2"": 64, ""3"": 64, ""4"": 64, ""5"": 64, ""6"": 64, ""7"": 64, ""8"": 64, ""9"": 64, ""10"": 64, ""11"": 64, ""12"": 64, ""13"": 64}",cached_parquet_balanced_pool,linear_probabilistic,
dbpedia_14,64,0.0,symmetric,softmax_logreg,505,896,2800,14,0.0,0.8935714285714286,0.891922404993407,0.42278242111206055,"{""0"": 64, ""1"": 64, ""2"": 64, ""3"": 64, ""4"": 64, ""5"": 64, ""6"": 64, ""7"": 64, ""8"": 64, ""9"": 64, ""10"": 64, ""11"": 64, ""12"": 64, ""13"": 64}",cached_parquet_balanced_pool,linear_probabilistic,
dbpedia_14,64,0.0,symmetric,multinomial_nb,101,896,2800,14,0.0,0.8942857142857142,0.8929686746154555,0.12032651901245117,"{""0"": 64, ""1"": 64, ""2"": 64, ""3"": 64, ""4"": 64, ""5"": 64, ""6"": 64, ""7"": 64, ""8"": 64, ""9"": 64, ""10"": 64, ""11"": 64, ""12"": 64, ""13"": 64}",cached_parquet_balanced_pool,generative_nb,
dbpedia_14,64,0.0,symmetric,multinomial_nb,202,896,2800,14,0.0,0.9057142857142857,0.9047082448513794,0.12721824645996094,"{""0"": 64, ""1"": 64, ""2"": 64, ""3"": 64, ""4"": 64, ""5"": 64, ""6"": 64, ""7"": 64, ""8"": 64, ""9"": 64, ""10"": 64, ""11"": 64, ""12"": 64, ""13"": 64}",cached_parquet_balanced_pool,generative_nb,
dbpedia_14,64,0.0,symmetric,multinomial_nb,303,896,2800,14,0.0,0.8857142857142857,0.8842027464864923,0.12178158760070801,"{""0"": 64, ""1"": 64, ""2"": 64, ""3"": 64, ""4"": 64, ""5"": 64, ""6"": 64, ""7"": 64, ""8"": 64, ""9"": 64, ""10"": 64, ""11"": 64, ""12"": 64, ""13"": 64}",cached_parquet_balanced_pool,generative_nb,
dbpedia_14,64,0.0,symmetric,multinomial_nb,404,896,2800,14,0.0,0.895,0.893530277627115,0.12430763244628906,"{""0"": 64, ""1"": 64, ""2"": 64, ""3"": 64, ""4"": 64, ""5"": 64, ""6"": 64, ""7"": 64, ""8"": 64, ""9"": 64, ""10"": 64, ""11"": 64, ""12"": 64, ""13"": 64}",cached_parquet_balanced_pool,generative_nb,
dbpedia_14,64,0.0,symmetric,multinomial_nb,505,896,2800,14,0.0,0.8985714285714286,0.8975246054612052,0.12534451484680176,"{""0"": 64, ""1"": 64, ""2"": 64, ""3"": 64, ""4"": 64, ""5"": 64, ""6"": 64, ""7"": 64, ""8"": 64, ""9"": 64, ""10"": 64, ""11"": 64, ""12"": 64, ""13"": 64}",cached_parquet_balanced_pool,generative_nb,
dbpedia_14,64,0.0,symmetric,linear_svm_hinge,101,896,2800,14,0.0,0.5128571428571429,0.471686379237862,1.8895556926727295,"{""0"": 64, ""1"": 64, ""2"": 64, ""3"": 64, ""4"": 64, ""5"": 64, ""6"": 64, ""7"": 64, ""8"": 64, ""9"": 64, ""10"": 64, ""11"": 64, ""12"": 64, ""13"": 64}",cached_parquet_balanced_pool,linear_margin,
dbpedia_14,64,0.0,symmetric,linear_svm_hinge,202,896,2800,14,0.0,0.5064285714285715,0.4426719801226038,1.8330655097961426,"{""0"": 64, ""1"": 64, ""2"": 64, ""3"": 64, ""4"": 64, ""5"": 64, ""6"": 64, ""7"": 64, ""8"": 64, ""9"": 64, ""10"": 64, ""11"": 64, ""12"": 64, ""13"": 64}",cached_parquet_balanced_pool,linear_margin,
dbpedia_14,64,0.0,symmetric,linear_svm_hinge,303,896,2800,14,0.0,0.6064285714285714,0.5582047177783526,1.8267254829406738,"{""0"": 64, ""1"": 64, ""2"": 64, ""3"": 64, ""4"": 64, ""5"": 64, ""6"": 64, ""7"": 64, ""8"": 64, ""9"": 64, ""10"": 64, ""11"": 64, ""12"": 64, ""13"": 64}",cached_parquet_balanced_pool,linear_margin,
dbpedia_14,64,0.0,symmetric,linear_svm_hinge,404,896,2800,14,0.0,0.61,0.5669466550983275,1.723224401473999,"{""0"": 64, ""1"": 64, ""2"": 64, ""3"": 64, ""4"": 64, ""5"": 64, ""6"": 64, ""7"": 64, ""8"": 64, ""9"": 64, ""10"": 64, ""11"": 64, ""12"": 64, ""13"": 64}",cached_parquet_balanced_pool,linear_margin,
dbpedia_14,64,0.0,symmetric,linear_svm_hinge,505,896,2800,14,0.0,0.5717857142857142,0.5517429387841796,1.7678601741790771,"{""0"": 64, ""1"": 64, ""2"": 64, ""3"": 64, ""4"": 64, ""5"": 64, ""6"": 64, ""7"": 64, ""8"": 64, ""9"": 64, ""10"": 64, ""11"": 64, ""12"": 64, ""13"": 64}",cached_parquet_balanced_pool,linear_margin,
dbpedia_14,64,0.0,symmetric,trimmed_softmax_logreg,101,896,2800,14,0.0,0.7225,0.6722763237371794,0.6227014064788818,"{""0"": 64, ""1"": 64, ""2"": 64, ""3"": 64, ""4"": 64, ""5"": 64, ""6"": 64, ""7"": 64, ""8"": 64, ""9"": 64, ""10"": 64, ""11"": 64, ""12"": 64, ""13"": 64}",cached_parquet_balanced_pool,bounded_robust_variant,kept_fraction=0.8002
dbpedia_14,64,0.0,symmetric,trimmed_softmax_logreg,202,896,2800,14,0.0,0.6807142857142857,0.6257204998056813,0.4539775848388672,"{""0"": 64, ""1"": 64, ""2"": 64, ""3"": 64, ""4"": 64, ""5"": 64, ""6"": 64, ""7"": 64, ""8"": 64, ""9"": 64, ""10"": 64, ""11"": 64, ""12"": 64, ""13"": 64}",cached_parquet_balanced_pool,bounded_robust_variant,kept_fraction=0.8002
dbpedia_14,64,0.0,symmetric,trimmed_softmax_logreg,303,896,2800,14,0.0,0.7296428571428571,0.6754411349788015,0.47633981704711914,"{""0"": 64, ""1"": 64, ""2"": 64, ""3"": 64, ""4"": 64, ""5"": 64, ""6"": 64, ""7"": 64, ""8"": 64, ""9"": 64, ""10"": 64, ""11"": 64, ""12"": 64, ""13"": 64}",cached_parquet_balanced_pool,bounded_robust_variant,kept_fraction=0.8002
dbpedia_14,64,0.0,symmetric,trimmed_softmax_logreg,404,896,2800,14,0.0,0.7257142857142858,0.6819104673524017,0.558215856552124,"{""0"": 64, ""1"": 64, ""2"": 64, ""3"": 64, ""4"": 64, ""5"": 64, ""6"": 64, ""7"": 64, ""8"": 64, ""9"": 64, ""10"": 64, ""11"": 64, ""12"": 64, ""13"": 64}",cached_parquet_balanced_pool,bounded_robust_variant,kept_fraction=0.8002
dbpedia_14,64,0.0,symmetric,trimmed_softmax_logreg,505,896,2800,14,0.0,0.7046428571428571,0.6634030552327408,0.5722522735595703,"{""0"": 64, ""1"": 64, ""2"": 64, ""3"": 64, ""4"": 64, ""5"": 64, ""6"": 64, ""7"": 64, ""8"": 64, ""9"": 64, ""10"": 64, ""11"": 64, ""12"": 64, ""13"": 64}",cached_parquet_balanced_pool,bounded_robust_variant,kept_fraction=0.8002
dbpedia_14,64,0.0,class_conditional,softmax_logreg,101,896,2800,14,0.0,0.8914285714285715,0.8898028644272211,0.45242810249328613,"{""0"": 64, ""1"": 64, ""2"": 64, ""3"": 64, ""4"": 64, ""5"": 64, ""6"": 64, ""7"": 64, ""8"": 64, ""9"": 64, ""10"": 64, ""11"": 64, ""12"": 64, ""13"": 64}",cached_parquet_balanced_pool,linear_probabilistic,
dbpedia_14,64,0.0,class_conditional,softmax_logreg,202,896,2800,14,0.0,0.8903571428571428,0.8887658049545337,0.3720526695251465,"{""0"": 64, ""1"": 64, ""2"": 64, ""3"": 64, ""4"": 64, ""5"": 64, ""6"": 64, ""7"": 64, ""8"": 64, ""9"": 64, ""10"": 64, ""11"": 64, ""12"": 64, ""13"": 64}",cached_parquet_balanced_pool,linear_probabilistic,
dbpedia_14,64,0.0,class_conditional,softmax_logreg,303,896,2800,14,0.0,0.8907142857142857,0.8877442730231483,0.46792101860046387,"{""0"": 64, ""1"": 64, ""2"": 64, ""3"": 64, ""4"": 64, ""5"": 64, ""6"": 64, ""7"": 64, ""8"": 64, ""9"": 64, ""10"": 64, ""11"": 64, ""12"": 64, ""13"": 64}",cached_parquet_balanced_pool,linear_probabilistic,
dbpedia_14,64,0.0,class_conditional,softmax_logreg,404,896,2800,14,0.0,0.89,0.8883220063314325,0.4076542854309082,"{""0"": 64, ""1"": 64, ""2"": 64, ""3"": 64, ""4"": 64, ""5"": 64, ""6"": 64, ""7"": 64, ""8"": 64, ""9"": 64, ""10"": 64, ""11"": 64, ""12"": 64, ""13"": 64}",cached_parquet_balanced_pool,linear_probabilistic,
dbpedia_14,64,0.0,class_conditional,softmax_logreg,505,896,2800,14,0.0,0.8935714285714286,0.891922404993407,0.44371700286865234,"{""0"": 64, ""1"": 64, ""2"": 64, ""3"": 64, ""4"": 64, ""5"": 64, ""6"": 64, ""7"": 64, ""8"": 64, ""9"": 64, ""10"": 64, ""11"": 64, ""12"": 64, ""13"": 64}",cached_parquet_balanced_pool,linear_probabilistic,
dbpedia_14,64,0.0,class_conditional,multinomial_nb,101,896,2800,14,0.0,0.8942857142857142,0.8929686746154555,0.11956381797790527,"{""0"": 64, ""1"": 64, ""2"": 64, ""3"": 64, ""4"": 64, ""5"": 64, ""6"": 64, ""7"": 64, ""8"": 64, ""9"": 64, ""10"": 64, ""11"": 64, ""12"": 64, ""13"": 64}",cached_parquet_balanced_pool,generative_nb,
dbpedia_14,64,0.0,class_conditional,multinomial_nb,202,896,2800,14,0.0,0.9057142857142857,0.9047082448513794,0.11973905563354492,"{""0"": 64, ""1"": 64, ""2"": 64, ""3"": 64, ""4"": 64, ""5"": 64, ""6"": 64, ""7"": 64, ""8"": 64, ""9"": 64, ""10"": 64, ""11"": 64, ""12"": 64, ""13"": 64}",cached_parquet_balanced_pool,generative_nb,
dbpedia_14,64,0.0,class_conditional,multinomial_nb,303,896,2800,14,0.0,0.8857142857142857,0.8842027464864923,0.12124824523925781,"{""0"": 64, ""1"": 64, ""2"": 64, ""3"": 64, ""4"": 64, ""5"": 64, ""6"": 64, ""7"": 64, ""8"": 64, ""9"": 64, ""10"": 64, ""11"": 64, ""12"": 64, ""13"": 64}",cached_parquet_balanced_pool,generative_nb,
dbpedia_14,64,0.0,class_conditional,multinomial_nb,404,896,2800,14,0.0,0.895,0.893530277627115,0.12033414840698242,"{""0"": 64, ""1"": 64, ""2"": 64, ""3"": 64, ""4"": 64, ""5"": 64, ""6"": 64, ""7"": 64, ""8"": 64, ""9"": 64, ""10"": 64, ""11"": 64, ""12"": 64, ""13"": 64}",cached_parquet_balanced_pool,generative_nb,
dbpedia_14,64,0.0,class_conditional,multinomial_nb,505,896,2800,14,0.0,0.8985714285714286,0.8975246054612052,0.12426161766052246,"{""0"": 64, ""1"": 64, ""2"": 64, ""3"": 64, ""4"": 64, ""5"": 64, ""6"": 64, ""7"": 64, ""8"": 64, ""9"": 64, ""10"": 64, ""11"": 64, ""12"": 64, ""13"": 64}",cached_parquet_balanced_pool,generative_nb,
dbpedia_14,64,0.0,class_conditional,linear_svm_hinge,101,896,2800,14,0.0,0.5128571428571429,0.471686379237862,1.8790607452392578,"{""0"": 64, ""1"": 64, ""2"": 64, ""3"": 64, ""4"": 64, ""5"": 64, ""6"": 64, ""7"": 64, ""8"": 64, ""9"": 64, ""10"": 64, ""11"": 64, ""12"": 64, ""13"": 64}",cached_parquet_balanced_pool,linear_margin,
dbpedia_14,64,0.0,class_conditional,linear_svm_hinge,202,896,2800,14,0.0,0.5064285714285715,0.4426719801226038,1.9885141849517822,"{""0"": 64, ""1"": 64, ""2"": 64, ""3"": 64, ""4"": 64, ""5"": 64, ""6"": 64, ""7"": 64, ""8"": 64, ""9"": 64, ""10"": 64, ""11"": 64, ""12"": 64, ""13"": 64}",cached_parquet_balanced_pool,linear_margin,
dbpedia_14,64,0.0,class_conditional,linear_svm_hinge,303,896,2800,14,0.0,0.6064285714285714,0.5582047177783526,1.7845501899719238,"{""0"": 64, ""1"": 64, ""2"": 64, ""3"": 64, ""4"": 64, ""5"": 64, ""6"": 64, ""7"": 64, ""8"": 64, ""9"": 64, ""10"": 64, ""11"": 64, ""12"": 64, ""13"": 64}",cached_parquet_balanced_pool,linear_margin,
dbpedia_14,64,0.0,class_conditional,linear_svm_hinge,404,896,2800,14,0.0,0.61,0.5669466550983275,1.838735580444336,"{""0"": 64, ""1"": 64, ""2"": 64, ""3"": 64, ""4"": 64, ""5"": 64, ""6"": 64, ""7"": 64, ""8"": 64, ""9"": 64, ""10"": 64, ""11"": 64, ""12"": 64, ""13"": 64}",cached_parquet_balanced_pool,linear_margin,
dbpedia_14,64,0.0,class_conditional,linear_svm_hinge,505,896,2800,14,0.0,0.5717857142857142,0.5517429387841796,1.855236530303955,"{""0"": 64, ""1"": 64, ""2"": 64, ""3"": 64, ""4"": 64, ""5"": 64, ""6"": 64, ""7"": 64, ""8"": 64, ""9"": 64, ""10"": 64, ""11"": 64, ""12"": 64, ""13"": 64}",cached_parquet_balanced_pool,linear_margin,
dbpedia_14,64,0.0,class_conditional,trimmed_softmax_logreg,101,896,2800,14,0.0,0.7225,0.6722763237371794,0.5703768730163574,"{""0"": 64, ""1"": 64, ""2"": 64, ""3"": 64, ""4"": 64, ""5"": 64, ""6"": 64, ""7"": 64, ""8"": 64, ""9"": 64, ""10"": 64, ""11"": 64, ""12"": 64, ""13"": 64}",cached_parquet_balanced_pool,bounded_robust_variant,kept_fraction=0.8002
dbpedia_14,64,0.0,class_conditional,trimmed_softmax_logreg,202,896,2800,14,0.0,0.6807142857142857,0.6257204998056813,0.4599490165710449,"{""0"": 64, ""1"": 64, ""2"": 64, ""3"": 64, ""4"": 64, ""5"": 64, ""6"": 64, ""7"": 64, ""8"": 64, ""9"": 64, ""10"": 64, ""11"": 64, ""12"": 64, ""13"": 64}",cached_parquet_balanced_pool,bounded_robust_variant,kept_fraction=0.8002
dbpedia_14,64,0.0,class_conditional,trimmed_softmax_logreg,303,896,2800,14,0.0,0.7296428571428571,0.6754411349788015,0.6445534229278564,"{""0"": 64, ""1"": 64, ""2"": 64, ""3"": 64, ""4"": 64, ""5"": 64, ""6"": 64, ""7"": 64, ""8"": 64, ""9"": 64, ""10"": 64, ""11"": 64, ""12"": 64, ""13"": 64}",cached_parquet_balanced_pool,bounded_robust_variant,kept_fraction=0.8002
dbpedia_14,64,0.0,class_conditional,trimmed_softmax_logreg,404,896,2800,14,0.0,0.7257142857142858,0.6819104673524017,3.6069507598876953,"{""0"": 64, ""1"": 64, ""2"": 64, ""3"": 64, ""4"": 64, ""5"": 64, ""6"": 64, ""7"": 64, ""8"": 64, ""9"": 64, ""10"": 64, ""11"": 64, ""12"": 64, ""13"": 64}",cached_parquet_balanced_pool,bounded_robust_variant,kept_fraction=0.8002
dbpedia_14,64,0.0,class_conditional,trimmed_softmax_logreg,505,896,2800,14,0.0,0.7046428571428571,0.6634030552327408,0.5146498680114746,"{""0"": 64, ""1"": 64, ""2"": 64, ""3"": 64, ""4"": 64, ""5"": 64, ""6"": 64, ""7"": 64, ""8"": 64, ""9"": 64, ""10"": 64, ""11"": 64, ""12"": 64, ""13"": 64}",cached_parquet_balanced_pool,bounded_robust_variant,kept_fraction=0.8002
dbpedia_14,64,0.05,symmetric,softmax_logreg,101,896,2800,14,0.04575892857142857,0.8796428571428572,0.8771592019472616,0.4810361862182617,"{""0"": 64, ""1"": 64, ""2"": 64, ""3"": 64, ""4"": 64, ""5"": 64, ""6"": 64, ""7"": 64, ""8"": 64, ""9"": 64, ""10"": 64, ""11"": 64, ""12"": 64, ""13"": 64}",cached_parquet_balanced_pool,linear_probabilistic,
dbpedia_14,64,0.05,symmetric,softmax_logreg,202,896,2800,14,0.05803571428571429,0.8903571428571428,0.8900841250331482,0.43685364723205566,"{""0"": 64, ""1"": 64, ""2"": 64, ""3"": 64, ""4"": 64, ""5"": 64, ""6"": 64, ""7"": 64, ""8"": 64, ""9"": 64, ""10"": 64, ""11"": 64, ""12"": 64, ""13"": 64}",cached_parquet_balanced_pool,linear_probabilistic,
dbpedia_14,64,0.05,symmetric,softmax_logreg,303,896,2800,14,0.05022321428571429,0.8653571428571428,0.8573904239407282,0.41182470321655273,"{""0"": 64, ""1"": 64, ""2"": 64, ""3"": 64, ""4"": 64, ""5"": 64, ""6"": 64, ""7"": 64, ""8"": 64, ""9"": 64, ""10"": 64, ""11"": 64, ""12"": 64, ""13"": 64}",cached_parquet_balanced_pool,linear_probabilistic,
dbpedia_14,64,0.05,symmetric,softmax_logreg,404,896,2800,14,0.05803571428571429,0.8782142857142857,0.8776880941570028,0.5274486541748047,"{""0"": 64, ""1"": 64, ""2"": 64, ""3"": 64, ""4"": 64, ""5"": 64, ""6"": 64, ""7"": 64, ""8"": 64, ""9"": 64, ""10"": 64, ""11"": 64, ""12"": 64, ""13"": 64}",cached_parquet_balanced_pool,linear_probabilistic,
dbpedia_14,64,0.05,symmetric,softmax_logreg,505,896,2800,14,0.05133928571428571,0.8860714285714286,0.8843468726037447,0.4217338562011719,"{""0"": 64, ""1"": 64, ""2"": 64, ""3"": 64, ""4"": 64, ""5"": 64, ""6"": 64, ""7"": 64, ""8"": 64, ""9"": 64, ""10"": 64, ""11"": 64, ""12"": 64, ""13"": 64}",cached_parquet_balanced_pool,linear_probabilistic,
dbpedia_14,64,0.05,symmetric,multinomial_nb,101,896,2800,14,0.04575892857142857,0.8903571428571428,0.8890538544377369,0.1422567367553711,"{""0"": 64, ""1"": 64, ""2"": 64, ""3"": 64, ""4"": 64, ""5"": 64, ""6"": 64, ""7"": 64, ""8"": 64, ""9"": 64, ""10"": 64, ""11"": 64, ""12"": 64, ""13"": 64}",cached_parquet_balanced_pool,generative_nb,
dbpedia_14,64,0.05,symmetric,multinomial_nb,202,896,2800,14,0.05803571428571429,0.8975,0.8965096823479586,0.13561606407165527,"{""0"": 64, ""1"": 64, ""2"": 64, ""3"": 64, ""4"": 64, ""5"": 64, ""6"": 64, ""7"": 64, ""8"": 64, ""9"": 64, ""10"": 64, ""11"": 64, ""12"": 64, ""13"": 64}",cached_parquet_balanced_pool,generative_nb,
dbpedia_14,64,0.05,symmetric,multinomial_nb,303,896,2800,14,0.05022321428571429,0.8821428571428571,0.8801694261359421,0.13164496421813965,"{""0"": 64, ""1"": 64, ""2"": 64, ""3"": 64, ""4"": 64, ""5"": 64, ""6"": 64, ""7"": 64, ""8"": 64, ""9"": 64, ""10"": 64, ""11"": 64, ""12"": 64, ""13"": 64}",cached_parquet_balanced_pool,generative_nb,
dbpedia_14,64,0.05,symmetric,multinomial_nb,404,896,2800,14,0.05803571428571429,0.8878571428571429,0.8866743573767664,0.12869954109191895,"{""0"": 64, ""1"": 64, ""2"": 64, ""3"": 64, ""4"": 64, ""5"": 64, ""6"": 64, ""7"": 64, ""8"": 64, ""9"": 64, ""10"": 64, ""11"": 64, ""12"": 64, ""13"": 64}",cached_parquet_balanced_pool,generative_nb,
dbpedia_14,64,0.05,symmetric,multinomial_nb,505,896,2800,14,0.05133928571428571,0.8917857142857143,0.8907005541753035,0.13154077529907227,"{""0"": 64, ""1"": 64, ""2"": 64, ""3"": 64, ""4"": 64, ""5"": 64, ""6"": 64, ""7"": 64, ""8"": 64, ""9"": 64, ""10"": 64, ""11"": 64, ""12"": 64, ""13"": 64}",cached_parquet_balanced_pool,generative_nb,
dbpedia_14,64,0.05,symmetric,linear_svm_hinge,101,896,2800,14,0.04575892857142857,0.4682142857142857,0.5186416312216939,1.8350355625152588,"{""0"": 64, ""1"": 64, ""2"": 64, ""3"": 64, ""4"": 64, ""5"": 64, ""6"": 64, ""7"": 64, ""8"": 64, ""9"": 64, ""10"": 64, ""11"": 64, ""12"": 64, ""13"": 64}",cached_parquet_balanced_pool,linear_margin,
dbpedia_14,64,0.05,symmetric,linear_svm_hinge,202,896,2800,14,0.05803571428571429,0.4539285714285714,0.4525006029062227,1.7641305923461914,"{""0"": 64, ""1"": 64, ""2"": 64, ""3"": 64, ""4"": 64, ""5"": 64, ""6"": 64, ""7"": 64, ""8"": 64, ""9"": 64, ""10"": 64, ""11"": 64, ""12"": 64, ""13"": 64}",cached_parquet_balanced_pool,linear_margin,
dbpedia_14,64,0.05,symmetric,linear_svm_hinge,303,896,2800,14,0.05022321428571429,0.5192857142857142,0.48703267018510815,1.8430449962615967,"{""0"": 64, ""1"": 64, ""2"": 64, ""3"": 64, ""4"": 64, ""5"": 64, ""6"": 64, ""7"": 64, ""8"": 64, ""9"": 64, ""10"": 64, ""11"": 64, ""12"": 64, ""13"": 64}",cached_parquet_balanced_pool,linear_margin,
dbpedia_14,64,0.05,symmetric,linear_svm_hinge,404,896,2800,14,0.05803571428571429,0.4225,0.45721642992665973,1.7092831134796143,"{""0"": 64, ""1"": 64, ""2"": 64, ""3"": 64, ""4"": 64, ""5"": 64, ""6"": 64, ""7"": 64, ""8"": 64, ""9"": 64, ""10"": 64, ""11"": 64, ""12"": 64, ""13"": 64}",cached_parquet_balanced_pool,linear_margin,
dbpedia_14,64,0.05,symmetric,linear_svm_hinge,505,896,2800,14,0.05133928571428571,0.45,0.44867679494228846,1.8264110088348389,"{""0"": 64, ""1"": 64, ""2"": 64, ""3"": 64, ""4"": 64, ""5"": 64, ""6"": 64, ""7"": 64, ""8"": 64, ""9"": 64, ""10"": 64, ""11"": 64, ""12"": 64, ""13"": 64}",cached_parquet_balanced_pool,linear_margin,
dbpedia_14,64,0.05,symmetric,trimmed_softmax_logreg,101,896,2800,14,0.04575892857142857,0.7417857142857143,0.7044493556802556,0.5809040069580078,"{""0"": 64, ""1"": 64, ""2"": 64, ""3"": 64, ""4"": 64, ""5"": 64, ""6"": 64, ""7"": 64, ""8"": 64, ""9"": 64, ""10"": 64, ""11"": 64, ""12"": 64, ""13"": 64}",cached_parquet_balanced_pool,bounded_robust_variant,kept_fraction=0.8002
dbpedia_14,64,0.05,symmetric,trimmed_softmax_logreg,202,896,2800,14,0.05803571428571429,0.7614285714285715,0.7456269682592268,0.5192897319793701,"{""0"": 64, ""1"": 64, ""2"": 64, ""3"": 64, ""4"": 64, ""5"": 64, ""6"": 64, ""7"": 64, ""8"": 64, ""9"": 64, ""10"": 64, ""11"": 64, ""12"": 64, ""13"": 64}",cached_parquet_balanced_pool,bounded_robust_variant,kept_fraction=0.8002
dbpedia_14,64,0.05,symmetric,trimmed_softmax_logreg,303,896,2800,14,0.05022321428571429,0.7314285714285714,0.6713235434925673,0.49552059173583984,"{""0"": 64, ""1"": 64, ""2"": 64, ""3"": 64, ""4"": 64, ""5"": 64, ""6"": 64, ""7"": 64, ""8"": 64, ""9"": 64, ""10"": 64, ""11"": 64, ""12"": 64, ""13"": 64}",cached_parquet_balanced_pool,bounded_robust_variant,kept_fraction=0.8002
dbpedia_14,64,0.05,symmetric,trimmed_softmax_logreg,404,896,2800,14,0.05803571428571429,0.7442857142857143,0.7259319067997986,0.5082809925079346,"{""0"": 64, ""1"": 64, ""2"": 64, ""3"": 64, ""4"": 64, ""5"": 64, ""6"": 64, ""7"": 64, ""8"": 64, ""9"": 64, ""10"": 64, ""11"": 64, ""12"": 64, ""13"": 64}",cached_parquet_balanced_pool,bounded_robust_variant,kept_fraction=0.8002
dbpedia_14,64,0.05,symmetric,trimmed_softmax_logreg,505,896,2800,14,0.05133928571428571,0.7242857142857143,0.6764369949346618,0.4871194362640381,"{""0"": 64, ""1"": 64, ""2"": 64, ""3"": 64, ""4"": 64, ""5"": 64, ""6"": 64, ""7"": 64, ""8"": 64, ""9"": 64, ""10"": 64, ""11"": 64, ""12"": 64, ""13"": 64}",cached_parquet_balanced_pool,bounded_robust_variant,kept_fraction=0.8002
dbpedia_14,64,0.05,class_conditional,softmax_logreg,101,896,2800,14,0.041294642857142856,0.8703571428571428,0.8673688721309744,0.4362063407897949,"{""0"": 64, ""1"": 64, ""2"": 64, ""3"": 64, ""4"": 64, ""5"": 64, ""6"": 64, ""7"": 64, ""8"": 64, ""9"": 64, ""10"": 64, ""11"": 64, ""12"": 64, ""13"": 64}",cached_parquet_balanced_pool,linear_probabilistic,
dbpedia_14,64,0.05,class_conditional,softmax_logreg,202,896,2800,14,0.04575892857142857,0.8596428571428572,0.8522631946734631,0.45616674423217773,"{""0"": 64, ""1"": 64, ""2"": 64, ""3"": 64, ""4"": 64, ""5"": 64, ""6"": 64, ""7"": 64, ""8"": 64, ""9"": 64, ""10"": 64, ""11"": 64, ""12"": 64, ""13"": 64}",cached_parquet_balanced_pool,linear_probabilistic,
dbpedia_14,64,0.05,class_conditional,softmax_logreg,303,896,2800,14,0.049107142857142856,0.8739285714285714,0.8687998998092424,0.42632079124450684,"{""0"": 64, ""1"": 64, ""2"": 64, ""3"": 64, ""4"": 64, ""5"": 64, ""6"": 64, ""7"": 64, ""8"": 64, ""9"": 64, ""10"": 64, ""11"": 64, ""12"": 64, ""13"": 64}",cached_parquet_balanced_pool,linear_probabilistic,
dbpedia_14,64,0.05,class_conditional,softmax_logreg,404,896,2800,14,0.0546875,0.8685714285714285,0.8658566517846796,0.372417688369751,"{""0"": 64, ""1"": 64, ""2"": 64, ""3"": 64, ""4"": 64, ""5"": 64, ""6"": 64, ""7"": 64, ""8"": 64, ""9"": 64, ""10"": 64, ""11"": 64, ""12"": 64, ""13"": 64}",cached_parquet_balanced_pool,linear_probabilistic,
dbpedia_14,64,0.05,class_conditional,softmax_logreg,505,896,2800,14,0.04799107142857143,0.8778571428571429,0.8767247886476134,0.46355676651000977,"{""0"": 64, ""1"": 64, ""2"": 64, ""3"": 64, ""4"": 64, ""5"": 64, ""6"": 64, ""7"": 64, ""8"": 64, ""9"": 64, ""10"": 64, ""11"": 64, ""12"": 64, ""13"": 64}",cached_parquet_balanced_pool,linear_probabilistic,
dbpedia_14,64,0.05,class_conditional,multinomial_nb,101,896,2800,14,0.041294642857142856,0.8789285714285714,0.8768445852022653,0.12221169471740723,"{""0"": 64, ""1"": 64, ""2"": 64, ""3"": 64, ""4"": 64, ""5"": 64, ""6"": 64, ""7"": 64, ""8"": 64, ""9"": 64, ""10"": 64, ""11"": 64, ""12"": 64, ""13"": 64}",cached_parquet_balanced_pool,generative_nb,
dbpedia_14,64,0.05,class_conditional,multinomial_nb,202,896,2800,14,0.04575892857142857,0.89,0.8881642166717076,0.12238597869873047,"{""0"": 64, ""1"": 64, ""2"": 64, ""3"": 64, ""4"": 64, ""5"": 64, ""6"": 64, ""7"": 64, ""8"": 64, ""9"": 64, ""10"": 64, ""11"": 64, ""12"": 64, ""13"": 64}",cached_parquet_balanced_pool,generative_nb,
dbpedia_14,64,0.05,class_conditional,multinomial_nb,303,896,2800,14,0.049107142857142856,0.8796428571428572,0.8776071033402152,0.12334895133972168,"{""0"": 64, ""1"": 64, ""2"": 64, ""3"": 64, ""4"": 64, ""5"": 64, ""6"": 64, ""7"": 64, ""8"": 64, ""9"": 64, ""10"": 64, ""11"": 64, ""12"": 64, ""13"": 64}",cached_parquet_balanced_pool,generative_nb,
dbpedia_14,64,0.05,class_conditional,multinomial_nb,404,896,2800,14,0.0546875,0.8832142857142857,0.8811477764721615,0.11905217170715332,"{""0"": 64, ""1"": 64, ""2"": 64, ""3"": 64, ""4"": 64, ""5"": 64, ""6"": 64, ""7"": 64, ""8"": 64, ""9"": 64, ""10"": 64, ""11"": 64, ""12"": 64, ""13"": 64}",cached_parquet_balanced_pool,generative_nb,
dbpedia_14,64,0.05,class_conditional,multinomial_nb,505,896,2800,14,0.04799107142857143,0.8875,0.8862746190070095,0.12256503105163574,"{""0"": 64, ""1"": 64, ""2"": 64, ""3"": 64, ""4"": 64, ""5"": 64, ""6"": 64, ""7"": 64, ""8"": 64, ""9"": 64, ""10"": 64, ""11"": 64, ""12"": 64, ""13"": 64}",cached_parquet_balanced_pool,generative_nb,
dbpedia_14,64,0.05,class_conditional,linear_svm_hinge,101,896,2800,14,0.041294642857142856,0.8492857142857143,0.8418395631774475,1.7528913021087646,"{""0"": 64, ""1"": 64, ""2"": 64, ""3"": 64, ""4"": 64, ""5"": 64, ""6"": 64, ""7"": 64, ""8"": 64, ""9"": 64, ""10"": 64, ""11"": 64, ""12"": 64, ""13"": 64}",cached_parquet_balanced_pool,linear_margin,
dbpedia_14,64,0.05,class_conditional,linear_svm_hinge,202,896,2800,14,0.04575892857142857,0.42607142857142855,0.4042670147404676,1.75264310836792,"{""0"": 64, ""1"": 64, ""2"": 64, ""3"": 64, ""4"": 64, ""5"": 64, ""6"": 64, ""7"": 64, ""8"": 64, ""9"": 64, ""10"": 64, ""11"": 64, ""12"": 64, ""13"": 64}",cached_parquet_balanced_pool,linear_margin,
dbpedia_14,64,0.05,class_conditional,linear_svm_hinge,303,896,2800,14,0.049107142857142856,0.8517857142857143,0.8398273461420102,1.7685716152191162,"{""0"": 64, ""1"": 64, ""2"": 64, ""3"": 64, ""4"": 64, ""5"": 64, ""6"": 64, ""7"": 64, ""8"": 64, ""9"": 64, ""10"": 64, ""11"": 64, ""12"": 64, ""13"": 64}",cached_parquet_balanced_pool,linear_margin,
dbpedia_14,64,0.05,class_conditional,linear_svm_hinge,404,896,2800,14,0.0546875,0.4032142857142857,0.42225370987417576,1.70939040184021,"{""0"": 64, ""1"": 64, ""2"": 64, ""3"": 64, ""4"": 64, ""5"": 64, ""6"": 64, ""7"": 64, ""8"": 64, ""9"": 64, ""10"": 64, ""11"": 64, ""12"": 64, ""13"": 64}",cached_parquet_balanced_pool,linear_margin,
dbpedia_14,64,0.05,class_conditional,linear_svm_hinge,505,896,2800,14,0.04799107142857143,0.8710714285714286,0.867066046157374,1.8532538414001465,"{""0"": 64, ""1"": 64, ""2"": 64, ""3"": 64, ""4"": 64, ""5"": 64, ""6"": 64, ""7"": 64, ""8"": 64, ""9"": 64, ""10"": 64, ""11"": 64, ""12"": 64, ""13"": 64}",cached_parquet_balanced_pool,linear_margin,
dbpedia_14,64,0.05,class_conditional,trimmed_softmax_logreg,101,896,2800,14,0.041294642857142856,0.7060714285714286,0.6670254431699146,0.5113439559936523,"{""0"": 64, ""1"": 64, ""2"": 64, ""3"": 64, ""4"": 64, ""5"": 64, ""6"": 64, ""7"": 64, ""8"": 64, ""9"": 64, ""10"": 64, ""11"": 64, ""12"": 64, ""13"": 64}",cached_parquet_balanced_pool,bounded_robust_variant,kept_fraction=0.8002
dbpedia_14,64,0.05,class_conditional,trimmed_softmax_logreg,202,896,2800,14,0.04575892857142857,0.7014285714285714,0.6652698820073917,0.5497515201568604,"{""0"": 64, ""1"": 64, ""2"": 64, ""3"": 64, ""4"": 64, ""5"": 64, ""6"": 64, ""7"": 64, ""8"": 64, ""9"": 64, ""10"": 64, ""11"": 64, ""12"": 64, ""13"": 64}",cached_parquet_balanced_pool,bounded_robust_variant,kept_fraction=0.8002
dbpedia_14,64,0.05,class_conditional,trimmed_softmax_logreg,303,896,2800,14,0.049107142857142856,0.7264285714285714,0.6831471387822325,0.4900553226470947,"{""0"": 64, ""1"": 64, ""2"": 64, ""3"": 64, ""4"": 64, ""5"": 64, ""6"": 64, ""7"": 64, ""8"": 64, ""9"": 64, ""10"": 64, ""11"": 64, ""12"": 64, ""13"": 64}",cached_parquet_balanced_pool,bounded_robust_variant,kept_fraction=0.8002
dbpedia_14,64,0.05,class_conditional,trimmed_softmax_logreg,404,896,2800,14,0.0546875,0.7142857142857143,0.6638723090858749,0.5633952617645264,"{""0"": 64, ""1"": 64, ""2"": 64, ""3"": 64, ""4"": 64, ""5"": 64, ""6"": 64, ""7"": 64, ""8"": 64, ""9"": 64, ""10"": 64, ""11"": 64, ""12"": 64, ""13"": 64}",cached_parquet_balanced_pool,bounded_robust_variant,kept_fraction=0.8002
dbpedia_14,64,0.05,class_conditional,trimmed_softmax_logreg,505,896,2800,14,0.04799107142857143,0.7121428571428572,0.6901728693784902,0.4385509490966797,"{""0"": 64, ""1"": 64, ""2"": 64, ""3"": 64, ""4"": 64, ""5"": 64, ""6"": 64, ""7"": 64, ""8"": 64, ""9"": 64, ""10"": 64, ""11"": 64, ""12"": 64, ""13"": 64}",cached_parquet_balanced_pool,bounded_robust_variant,kept_fraction=0.8002
dbpedia_14,64,0.1,symmetric,softmax_logreg,101,896,2800,14,0.109375,0.835,0.8292293053542193,0.48095226287841797,"{""0"": 64, ""1"": 64, ""2"": 64, ""3"": 64, ""4"": 64, ""5"": 64, ""6"": 64, ""7"": 64, ""8"": 64, ""9"": 64, ""10"": 64, ""11"": 64, ""12"": 64, ""13"": 64}",cached_parquet_balanced_pool,linear_probabilistic,
dbpedia_14,64,0.1,symmetric,softmax_logreg,202,896,2800,14,0.09263392857142858,0.8846428571428572,0.8849366771211494,0.375990629196167,"{""0"": 64, ""1"": 64, ""2"": 64, ""3"": 64, ""4"": 64, ""5"": 64, ""6"": 64, ""7"": 64, ""8"": 64, ""9"": 64, ""10"": 64, ""11"": 64, ""12"": 64, ""13"": 64}",cached_parquet_balanced_pool,linear_probabilistic,
dbpedia_14,64,0.1,symmetric,softmax_logreg,303,896,2800,14,0.09598214285714286,0.8567857142857143,0.8458910504714101,0.4685044288635254,"{""0"": 64, ""1"": 64, ""2"": 64, ""3"": 64, ""4"": 64, ""5"": 64, ""6"": 64, ""7"": 64, ""8"": 64, ""9"": 64, ""10"": 64, ""11"": 64, ""12"": 64, ""13"": 64}",cached_parquet_balanced_pool,linear_probabilistic,
dbpedia_14,64,0.1,symmetric,softmax_logreg,404,896,2800,14,0.11607142857142858,0.8528571428571429,0.8527413148749055,0.44213438034057617,"{""0"": 64, ""1"": 64, ""2"": 64, ""3"": 64, ""4"": 64, ""5"": 64, ""6"": 64, ""7"": 64, ""8"": 64, ""9"": 64, ""10"": 64, ""11"": 64, ""12"": 64, ""13"": 64}",cached_parquet_balanced_pool,linear_probabilistic,
dbpedia_14,64,0.1,symmetric,softmax_logreg,505,896,2800,14,0.09375,0.8396428571428571,0.844456265577385,0.46738290786743164,"{""0"": 64, ""1"": 64, ""2"": 64, ""3"": 64, ""4"": 64, ""5"": 64, ""6"": 64, ""7"": 64, ""8"": 64, ""9"": 64, ""10"": 64, ""11"": 64, ""12"": 64, ""13"": 64}",cached_parquet_balanced_pool,linear_probabilistic,
dbpedia_14,64,0.1,symmetric,multinomial_nb,101,896,2800,14,0.109375,0.8789285714285714,0.8775596235862384,3.309697151184082,"{""0"": 64, ""1"": 64, ""2"": 64, ""3"": 64, ""4"": 64, ""5"": 64, ""6"": 64, ""7"": 64, ""8"": 64, ""9"": 64, ""10"": 64, ""11"": 64, ""12"": 64, ""13"": 64}",cached_parquet_balanced_pool,generative_nb,
dbpedia_14,64,0.1,symmetric,multinomial_nb,202,896,2800,14,0.09263392857142858,0.8957142857142857,0.8948012880740901,0.12786078453063965,"{""0"": 64, ""1"": 64, ""2"": 64, ""3"": 64, ""4"": 64, ""5"": 64, ""6"": 64, ""7"": 64, ""8"": 64, ""9"": 64, ""10"": 64, ""11"": 64, ""12"": 64, ""13"": 64}",cached_parquet_balanced_pool,generative_nb,
dbpedia_14,64,0.1,symmetric,multinomial_nb,303,896,2800,14,0.09598214285714286,0.8742857142857143,0.8717946891275352,0.13069701194763184,"{""0"": 64, ""1"": 64, ""2"": 64, ""3"": 64, ""4"": 64, ""5"": 64, ""6"": 64, ""7"": 64, ""8"": 64, ""9"": 64, ""10"": 64, ""11"": 64, ""12"": 64, ""13"": 64}",cached_parquet_balanced_pool,generative_nb,
dbpedia_14,64,0.1,symmetric,multinomial_nb,404,896,2800,14,0.11607142857142858,0.8771428571428571,0.8750354755994423,0.13172459602355957,"{""0"": 64, ""1"": 64, ""2"": 64, ""3"": 64, ""4"": 64, ""5"": 64, ""6"": 64, ""7"": 64, ""8"": 64, ""9"": 64, ""10"": 64, ""11"": 64, ""12"": 64, ""13"": 64}",cached_parquet_balanced_pool,generative_nb,
dbpedia_14,64,0.1,symmetric,multinomial_nb,505,896,2800,14,0.09375,0.8871428571428571,0.886347766571995,0.13581085205078125,"{""0"": 64, ""1"": 64, ""2"": 64, ""3"": 64, ""4"": 64, ""5"": 64, ""6"": 64, ""7"": 64, ""8"": 64, ""9"": 64, ""10"": 64, ""11"": 64, ""12"": 64, ""13"": 64}",cached_parquet_balanced_pool,generative_nb,
dbpedia_14,64,0.1,symmetric,linear_svm_hinge,101,896,2800,14,0.109375,0.8442857142857143,0.8350039745992627,1.8672285079956055,"{""0"": 64, ""1"": 64, ""2"": 64, ""3"": 64, ""4"": 64, ""5"": 64, ""6"": 64, ""7"": 64, ""8"": 64, ""9"": 64, ""10"": 64, ""11"": 64, ""12"": 64, ""13"": 64}",cached_parquet_balanced_pool,linear_margin,
dbpedia_14,64,0.1,symmetric,linear_svm_hinge,202,896,2800,14,0.09263392857142858,0.3582142857142857,0.3804729370934539,1.9811630249023438,"{""0"": 64, ""1"": 64, ""2"": 64, ""3"": 64, ""4"": 64, ""5"": 64, ""6"": 64, ""7"": 64, ""8"": 64, ""9"": 64, ""10"": 64, ""11"": 64, ""12"": 64, ""13"": 64}",cached_parquet_balanced_pool,linear_margin,
dbpedia_14,64,0.1,symmetric,linear_svm_hinge,303,896,2800,14,0.09598214285714286,0.4675,0.4791294997500463,1.8375804424285889,"{""0"": 64, ""1"": 64, ""2"": 64, ""3"": 64, ""4"": 64, ""5"": 64, ""6"": 64, ""7"": 64, ""8"": 64, ""9"": 64, ""10"": 64, ""11"": 64, ""12"": 64, ""13"": 64}",cached_parquet_balanced_pool,linear_margin,
dbpedia_14,64,0.1,symmetric,linear_svm_hinge,404,896,2800,14,0.11607142857142858,0.8482142857142857,0.8442483444800267,1.8794398307800293,"{""0"": 64, ""1"": 64, ""2"": 64, ""3"": 64, ""4"": 64, ""5"": 64, ""6"": 64, ""7"": 64, ""8"": 64, ""9"": 64, ""10"": 64, ""11"": 64, ""12"": 64, ""13"": 64}",cached_parquet_balanced_pool,linear_margin,
dbpedia_14,64,0.1,symmetric,linear_svm_hinge,505,896,2800,14,0.09375,0.4228571428571429,0.4748528283719561,1.8836660385131836,"{""0"": 64, ""1"": 64, ""2"": 64, ""3"": 64, ""4"": 64, ""5"": 64, ""6"": 64, ""7"": 64, ""8"": 64, ""9"": 64, ""10"": 64, ""11"": 64, ""12"": 64, ""13"": 64}",cached_parquet_balanced_pool,linear_margin,
dbpedia_14,64,0.1,symmetric,trimmed_softmax_logreg,101,896,2800,14,0.109375,0.7146428571428571,0.6813370602448056,0.5296258926391602,"{""0"": 64, ""1"": 64, ""2"": 64, ""3"": 64, ""4"": 64, ""5"": 64, ""6"": 64, ""7"": 64, ""8"": 64, ""9"": 64, ""10"": 64, ""11"": 64, ""12"": 64, ""13"": 64}",cached_parquet_balanced_pool,bounded_robust_variant,kept_fraction=0.8013
dbpedia_14,64,0.1,symmetric,trimmed_softmax_logreg,202,896,2800,14,0.09263392857142858,0.6864285714285714,0.648110885412339,0.5438411235809326,"{""0"": 64, ""1"": 64, ""2"": 64, ""3"": 64, ""4"": 64, ""5"": 64, ""6"": 64, ""7"": 64, ""8"": 64, ""9"": 64, ""10"": 64, ""11"": 64, ""12"": 64, ""13"": 64}",cached_parquet_balanced_pool,bounded_robust_variant,kept_fraction=0.8002
dbpedia_14,64,0.1,symmetric,trimmed_softmax_logreg,303,896,2800,14,0.09598214285714286,0.7821428571428571,0.7531569588144563,0.5189495086669922,"{""0"": 64, ""1"": 64, ""2"": 64, ""3"": 64, ""4"": 64, ""5"": 64, ""6"": 64, ""7"": 64, ""8"": 64, ""9"": 64, ""10"": 64, ""11"": 64, ""12"": 64, ""13"": 64}",cached_parquet_balanced_pool,bounded_robust_variant,kept_fraction=0.8002
dbpedia_14,64,0.1,symmetric,trimmed_softmax_logreg,404,896,2800,14,0.11607142857142858,0.725,0.7100831629334986,0.472125768661499,"{""0"": 64, ""1"": 64, ""2"": 64, ""3"": 64, ""4"": 64, ""5"": 64, ""6"": 64, ""7"": 64, ""8"": 64, ""9"": 64, ""10"": 64, ""11"": 64, ""12"": 64, ""13"": 64}",cached_parquet_balanced_pool,bounded_robust_variant,kept_fraction=0.8002
dbpedia_14,64,0.1,symmetric,trimmed_softmax_logreg,505,896,2800,14,0.09375,0.6789285714285714,0.6794225005510756,0.5199785232543945,"{""0"": 64, ""1"": 64, ""2"": 64, ""3"": 64, ""4"": 64, ""5"": 64, ""6"": 64, ""7"": 64, ""8"": 64, ""9"": 64, ""10"": 64, ""11"": 64, ""12"": 64, ""13"": 64}",cached_parquet_balanced_pool,bounded_robust_variant,kept_fraction=0.8002
dbpedia_14,64,0.1,class_conditional,softmax_logreg,101,896,2800,14,0.09263392857142858,0.83,0.8234787649372594,0.4532191753387451,"{""0"": 64, ""1"": 64, ""2"": 64, ""3"": 64, ""4"": 64, ""5"": 64, ""6"": 64, ""7"": 64, ""8"": 64, ""9"": 64, ""10"": 64, ""11"": 64, ""12"": 64, ""13"": 64}",cached_parquet_balanced_pool,linear_probabilistic,
dbpedia_14,64,0.1,class_conditional,softmax_logreg,202,896,2800,14,0.08705357142857142,0.8321428571428572,0.8207790834483069,0.469789981842041,"{""0"": 64, ""1"": 64, ""2"": 64, ""3"": 64, ""4"": 64, ""5"": 64, ""6"": 64, ""7"": 64, ""8"": 64, ""9"": 64, ""10"": 64, ""11"": 64, ""12"": 64, ""13"": 64}",cached_parquet_balanced_pool,linear_probabilistic,
dbpedia_14,64,0.1,class_conditional,softmax_logreg,303,896,2800,14,0.11495535714285714,0.8717857142857143,0.869931412573164,0.38985586166381836,"{""0"": 64, ""1"": 64, ""2"": 64, ""3"": 64, ""4"": 64, ""5"": 64, ""6"": 64, ""7"": 64, ""8"": 64, ""9"": 64, ""10"": 64, ""11"": 64, ""12"": 64, ""13"": 64}",cached_parquet_balanced_pool,linear_probabilistic,
dbpedia_14,64,0.1,class_conditional,softmax_logreg,404,896,2800,14,0.109375,0.8553571428571428,0.8475942943003185,0.46512317657470703,"{""0"": 64, ""1"": 64, ""2"": 64, ""3"": 64, ""4"": 64, ""5"": 64, ""6"": 64, ""7"": 64, ""8"": 64, ""9"": 64, ""10"": 64, ""11"": 64, ""12"": 64, ""13"": 64}",cached_parquet_balanced_pool,linear_probabilistic,
dbpedia_14,64,0.1,class_conditional,softmax_logreg,505,896,2800,14,0.10379464285714286,0.8760714285714286,0.8733210336725195,0.4138832092285156,"{""0"": 64, ""1"": 64, ""2"": 64, ""3"": 64, ""4"": 64, ""5"": 64, ""6"": 64, ""7"": 64, ""8"": 64, ""9"": 64, ""10"": 64, ""11"": 64, ""12"": 64, ""13"": 64}",cached_parquet_balanced_pool,linear_probabilistic,
dbpedia_14,64,0.1,class_conditional,multinomial_nb,101,896,2800,14,0.09263392857142858,0.8664285714285714,0.8640480609111485,0.12182140350341797,"{""0"": 64, ""1"": 64, ""2"": 64, ""3"": 64, ""4"": 64, ""5"": 64, ""6"": 64, ""7"": 64, ""8"": 64, ""9"": 64, ""10"": 64, ""11"": 64, ""12"": 64, ""13"": 64}",cached_parquet_balanced_pool,generative_nb,
dbpedia_14,64,0.1,class_conditional,multinomial_nb,202,896,2800,14,0.08705357142857142,0.8814285714285715,0.8793625866492597,0.12299132347106934,"{""0"": 64, ""1"": 64, ""2"": 64, ""3"": 64, ""4"": 64, ""5"": 64, ""6"": 64, ""7"": 64, ""8"": 64, ""9"": 64, ""10"": 64, ""11"": 64, ""12"": 64, ""13"": 64}",cached_parquet_balanced_pool,generative_nb,
dbpedia_14,64,0.1,class_conditional,multinomial_nb,303,896,2800,14,0.11495535714285714,0.8742857142857143,0.8724732430689958,0.12308812141418457,"{""0"": 64, ""1"": 64, ""2"": 64, ""3"": 64, ""4"": 64, ""5"": 64, ""6"": 64, ""7"": 64, ""8"": 64, ""9"": 64, ""10"": 64, ""11"": 64, ""12"": 64, ""13"": 64}",cached_parquet_balanced_pool,generative_nb,
dbpedia_14,64,0.1,class_conditional,multinomial_nb,404,896,2800,14,0.109375,0.87,0.8670228912732304,0.12084531784057617,"{""0"": 64, ""1"": 64, ""2"": 64, ""3"": 64, ""4"": 64, ""5"": 64, ""6"": 64, ""7"": 64, ""8"": 64, ""9"": 64, ""10"": 64, ""11"": 64, ""12"": 64, ""13"": 64}",cached_parquet_balanced_pool,generative_nb,
dbpedia_14,64,0.1,class_conditional,multinomial_nb,505,896,2800,14,0.10379464285714286,0.8717857142857143,0.869670649337233,0.12191367149353027,"{""0"": 64, ""1"": 64, ""2"": 64, ""3"": 64, ""4"": 64, ""5"": 64, ""6"": 64, ""7"": 64, ""8"": 64, ""9"": 64, ""10"": 64, ""11"": 64, ""12"": 64, ""13"": 64}",cached_parquet_balanced_pool,generative_nb,
dbpedia_14,64,0.1,class_conditional,linear_svm_hinge,101,896,2800,14,0.09263392857142858,0.43,0.4353481859634291,1.848473072052002,"{""0"": 64, ""1"": 64, ""2"": 64, ""3"": 64, ""4"": 64, ""5"": 64, ""6"": 64, ""7"": 64, ""8"": 64, ""9"": 64, ""10"": 64, ""11"": 64, ""12"": 64, ""13"": 64}",cached_parquet_balanced_pool,linear_margin,
dbpedia_14,64,0.1,class_conditional,linear_svm_hinge,202,896,2800,14,0.08705357142857142,0.4275,0.44473072184606904,1.8924789428710938,"{""0"": 64, ""1"": 64, ""2"": 64, ""3"": 64, ""4"": 64, ""5"": 64, ""6"": 64, ""7"": 64, ""8"": 64, ""9"": 64, ""10"": 64, ""11"": 64, ""12"": 64, ""13"": 64}",cached_parquet_balanced_pool,linear_margin,
dbpedia_14,64,0.1,class_conditional,linear_svm_hinge,303,896,2800,14,0.11495535714285714,0.44857142857142857,0.45558388530237437,1.8691895008087158,"{""0"": 64, ""1"": 64, ""2"": 64, ""3"": 64, ""4"": 64, ""5"": 64, ""6"": 64, ""7"": 64, ""8"": 64, ""9"": 64, ""10"": 64, ""11"": 64, ""12"": 64, ""13"": 64}",cached_parquet_balanced_pool,linear_margin,
dbpedia_14,64,0.1,class_conditional,linear_svm_hinge,404,896,2800,14,0.109375,0.4060714285714286,0.39238332174150736,1.7850677967071533,"{""0"": 64, ""1"": 64, ""2"": 64, ""3"": 64, ""4"": 64, ""5"": 64, ""6"": 64, ""7"": 64, ""8"": 64, ""9"": 64, ""10"": 64, ""11"": 64, ""12"": 64, ""13"": 64}",cached_parquet_balanced_pool,linear_margin,
dbpedia_14,64,0.1,class_conditional,linear_svm_hinge,505,896,2800,14,0.10379464285714286,0.37714285714285717,0.4175145249431874,1.7571611404418945,"{""0"": 64, ""1"": 64, ""2"": 64, ""3"": 64, ""4"": 64, ""5"": 64, ""6"": 64, ""7"": 64, ""8"": 64, ""9"": 64, ""10"": 64, ""11"": 64, ""12"": 64, ""13"": 64}",cached_parquet_balanced_pool,linear_margin,
dbpedia_14,64,0.1,class_conditional,trimmed_softmax_logreg,101,896,2800,14,0.09263392857142858,0.6478571428571429,0.6053325016609384,0.5670559406280518,"{""0"": 64, ""1"": 64, ""2"": 64, ""3"": 64, ""4"": 64, ""5"": 64, ""6"": 64, ""7"": 64, ""8"": 64, ""9"": 64, ""10"": 64, ""11"": 64, ""12"": 64, ""13"": 64}",cached_parquet_balanced_pool,bounded_robust_variant,kept_fraction=0.8013
dbpedia_14,64,0.1,class_conditional,trimmed_softmax_logreg,202,896,2800,14,0.08705357142857142,0.6746428571428571,0.6212680294323594,0.4310429096221924,"{""0"": 64, ""1"": 64, ""2"": 64, ""3"": 64, ""4"": 64, ""5"": 64, ""6"": 64, ""7"": 64, ""8"": 64, ""9"": 64, ""10"": 64, ""11"": 64, ""12"": 64, ""13"": 64}",cached_parquet_balanced_pool,bounded_robust_variant,kept_fraction=0.8002
dbpedia_14,64,0.1,class_conditional,trimmed_softmax_logreg,303,896,2800,14,0.11495535714285714,0.6364285714285715,0.5962787354173892,0.49547672271728516,"{""0"": 64, ""1"": 64, ""2"": 64, ""3"": 64, ""4"": 64, ""5"": 64, ""6"": 64, ""7"": 64, ""8"": 64, ""9"": 64, ""10"": 64, ""11"": 64, ""12"": 64, ""13"": 64}",cached_parquet_balanced_pool,bounded_robust_variant,kept_fraction=0.8002
dbpedia_14,64,0.1,class_conditional,trimmed_softmax_logreg,404,896,2800,14,0.109375,0.725,0.6777093273062531,0.5586564540863037,"{""0"": 64, ""1"": 64, ""2"": 64, ""3"": 64, ""4"": 64, ""5"": 64, ""6"": 64, ""7"": 64, ""8"": 64, ""9"": 64, ""10"": 64, ""11"": 64, ""12"": 64, ""13"": 64}",cached_parquet_balanced_pool,bounded_robust_variant,kept_fraction=0.8002
dbpedia_14,64,0.1,class_conditional,trimmed_softmax_logreg,505,896,2800,14,0.10379464285714286,0.7517857142857143,0.7312024349950089,0.46164917945861816,"{""0"": 64, ""1"": 64, ""2"": 64, ""3"": 64, ""4"": 64, ""5"": 64, ""6"": 64, ""7"": 64, ""8"": 64, ""9"": 64, ""10"": 64, ""11"": 64, ""12"": 64, ""13"": 64}",cached_parquet_balanced_pool,bounded_robust_variant,kept_fraction=0.8002
dbpedia_14,64,0.2,symmetric,softmax_logreg,101,896,2800,14,0.19308035714285715,0.7960714285714285,0.7967038129533414,0.4468708038330078,"{""0"": 64, ""1"": 64, ""2"": 64, ""3"": 64, ""4"": 64, ""5"": 64, ""6"": 64, ""7"": 64, ""8"": 64, ""9"": 64, ""10"": 64, ""11"": 64, ""12"": 64, ""13"": 64}",cached_parquet_balanced_pool,linear_probabilistic,
dbpedia_14,64,0.2,symmetric,softmax_logreg,202,896,2800,14,0.203125,0.8007142857142857,0.7874217955146199,0.3907003402709961,"{""0"": 64, ""1"": 64, ""2"": 64, ""3"": 64, ""4"": 64, ""5"": 64, ""6"": 64, ""7"": 64, ""8"": 64, ""9"": 64, ""10"": 64, ""11"": 64, ""12"": 64, ""13"": 64}",cached_parquet_balanced_pool,linear_probabilistic,
dbpedia_14,64,0.2,symmetric,softmax_logreg,303,896,2800,14,0.19642857142857142,0.8485714285714285,0.8389756114838838,0.46771764755249023,"{""0"": 64, ""1"": 64, ""2"": 64, ""3"": 64, ""4"": 64, ""5"": 64, ""6"": 64, ""7"": 64, ""8"": 64, ""9"": 64, ""10"": 64, ""11"": 64, ""12"": 64, ""13"": 64}",cached_parquet_balanced_pool,linear_probabilistic,
dbpedia_14,64,0.2,symmetric,softmax_logreg,404,896,2800,14,0.20535714285714285,0.7942857142857143,0.7888331776568244,0.41418886184692383,"{""0"": 64, ""1"": 64, ""2"": 64, ""3"": 64, ""4"": 64, ""5"": 64, ""6"": 64, ""7"": 64, ""8"": 64, ""9"": 64, ""10"": 64, ""11"": 64, ""12"": 64, ""13"": 64}",cached_parquet_balanced_pool,linear_probabilistic,
dbpedia_14,64,0.2,symmetric,softmax_logreg,505,896,2800,14,0.21540178571428573,0.825,0.8176937338202703,0.4645226001739502,"{""0"": 64, ""1"": 64, ""2"": 64, ""3"": 64, ""4"": 64, ""5"": 64, ""6"": 64, ""7"": 64, ""8"": 64, ""9"": 64, ""10"": 64, ""11"": 64, ""12"": 64, ""13"": 64}",cached_parquet_balanced_pool,linear_probabilistic,
dbpedia_14,64,0.2,symmetric,multinomial_nb,101,896,2800,14,0.19308035714285715,0.865,0.8635421520195049,0.12251687049865723,"{""0"": 64, ""1"": 64, ""2"": 64, ""3"": 64, ""4"": 64, ""5"": 64, ""6"": 64, ""7"": 64, ""8"": 64, ""9"": 64, ""10"": 64, ""11"": 64, ""12"": 64, ""13"": 64}",cached_parquet_balanced_pool,generative_nb,
dbpedia_14,64,0.2,symmetric,multinomial_nb,202,896,2800,14,0.203125,0.8632142857142857,0.861182816935101,0.12202215194702148,"{""0"": 64, ""1"": 64, ""2"": 64, ""3"": 64, ""4"": 64, ""5"": 64, ""6"": 64, ""7"": 64, ""8"": 64, ""9"": 64, ""10"": 64, ""11"": 64, ""12"": 64, ""13"": 64}",cached_parquet_balanced_pool,generative_nb,
dbpedia_14,64,0.2,symmetric,multinomial_nb,303,896,2800,14,0.19642857142857142,0.8617857142857143,0.85878401322055,0.128342866897583,"{""0"": 64, ""1"": 64, ""2"": 64, ""3"": 64, ""4"": 64, ""5"": 64, ""6"": 64, ""7"": 64, ""8"": 64, ""9"": 64, ""10"": 64, ""11"": 64, ""12"": 64, ""13"": 64}",cached_parquet_balanced_pool,generative_nb,
dbpedia_14,64,0.2,symmetric,multinomial_nb,404,896,2800,14,0.20535714285714285,0.8582142857142857,0.8561744839945575,0.12049674987792969,"{""0"": 64, ""1"": 64, ""2"": 64, ""3"": 64, ""4"": 64, ""5"": 64, ""6"": 64, ""7"": 64, ""8"": 64, ""9"": 64, ""10"": 64, ""11"": 64, ""12"": 64, ""13"": 64}",cached_parquet_balanced_pool,generative_nb,
dbpedia_14,64,0.2,symmetric,multinomial_nb,505,896,2800,14,0.21540178571428573,0.8692857142857143,0.8672818019356209,0.11698007583618164,"{""0"": 64, ""1"": 64, ""2"": 64, ""3"": 64, ""4"": 64, ""5"": 64, ""6"": 64, ""7"": 64, ""8"": 64, ""9"": 64, ""10"": 64, ""11"": 64, ""12"": 64, ""13"": 64}",cached_parquet_balanced_pool,generative_nb,
dbpedia_14,64,0.2,symmetric,linear_svm_hinge,101,896,2800,14,0.19308035714285715,0.4610714285714286,0.4569746160474199,4.809670686721802,"{""0"": 64, ""1"": 64, ""2"": 64, ""3"": 64, ""4"": 64, ""5"": 64, ""6"": 64, ""7"": 64, ""8"": 64, ""9"": 64, ""10"": 64, ""11"": 64, ""12"": 64, ""13"": 64}",cached_parquet_balanced_pool,linear_margin,
dbpedia_14,64,0.2,symmetric,linear_svm_hinge,202,896,2800,14,0.203125,0.38142857142857145,0.41061287350367676,1.7729220390319824,"{""0"": 64, ""1"": 64, ""2"": 64, ""3"": 64, ""4"": 64, ""5"": 64, ""6"": 64, ""7"": 64, ""8"": 64, ""9"": 64, ""10"": 64, ""11"": 64, ""12"": 64, ""13"": 64}",cached_parquet_balanced_pool,linear_margin,
dbpedia_14,64,0.2,symmetric,linear_svm_hinge,303,896,2800,14,0.19642857142857142,0.385,0.36843906499064655,1.9686198234558105,"{""0"": 64, ""1"": 64, ""2"": 64, ""3"": 64, ""4"": 64, ""5"": 64, ""6"": 64, ""7"": 64, ""8"": 64, ""9"": 64, ""10"": 64, ""11"": 64, ""12"": 64, ""13"": 64}",cached_parquet_balanced_pool,linear_margin,
dbpedia_14,64,0.2,symmetric,linear_svm_hinge,404,896,2800,14,0.20535714285714285,0.3807142857142857,0.30017858769808076,1.9082083702087402,"{""0"": 64, ""1"": 64, ""2"": 64, ""3"": 64, ""4"": 64, ""5"": 64, ""6"": 64, ""7"": 64, ""8"": 64, ""9"": 64, ""10"": 64, ""11"": 64, ""12"": 64, ""13"": 64}",cached_parquet_balanced_pool,linear_margin,
dbpedia_14,64,0.2,symmetric,linear_svm_hinge,505,896,2800,14,0.21540178571428573,0.39,0.33747718993474296,1.9551193714141846,"{""0"": 64, ""1"": 64, ""2"": 64, ""3"": 64, ""4"": 64, ""5"": 64, ""6"": 64, ""7"": 64, ""8"": 64, ""9"": 64, ""10"": 64, ""11"": 64, ""12"": 64, ""13"": 64}",cached_parquet_balanced_pool,linear_margin,
dbpedia_14,64,0.2,symmetric,trimmed_softmax_logreg,101,896,2800,14,0.19308035714285715,0.6214285714285714,0.5826751469757074,0.4643244743347168,"{""0"": 64, ""1"": 64, ""2"": 64, ""3"": 64, ""4"": 64, ""5"": 64, ""6"": 64, ""7"": 64, ""8"": 64, ""9"": 64, ""10"": 64, ""11"": 64, ""12"": 64, ""13"": 64}",cached_parquet_balanced_pool,bounded_robust_variant,kept_fraction=0.8002
dbpedia_14,64,0.2,symmetric,trimmed_softmax_logreg,202,896,2800,14,0.203125,0.67,0.6063558679519484,0.513169527053833,"{""0"": 64, ""1"": 64, ""2"": 64, ""3"": 64, ""4"": 64, ""5"": 64, ""6"": 64, ""7"": 64, ""8"": 64, ""9"": 64, ""10"": 64, ""11"": 64, ""12"": 64, ""13"": 64}",cached_parquet_balanced_pool,bounded_robust_variant,kept_fraction=0.8002
dbpedia_14,64,0.2,symmetric,trimmed_softmax_logreg,303,896,2800,14,0.19642857142857142,0.7278571428571429,0.6946880575524969,0.44849181175231934,"{""0"": 64, ""1"": 64, ""2"": 64, ""3"": 64, ""4"": 64, ""5"": 64, ""6"": 64, ""7"": 64, ""8"": 64, ""9"": 64, ""10"": 64, ""11"": 64, ""12"": 64, ""13"": 64}",cached_parquet_balanced_pool,bounded_robust_variant,kept_fraction=0.8002
dbpedia_14,64,0.2,symmetric,trimmed_softmax_logreg,404,896,2800,14,0.20535714285714285,0.5892857142857143,0.5237045744192427,0.5621414184570312,"{""0"": 64, ""1"": 64, ""2"": 64, ""3"": 64, ""4"": 64, ""5"": 64, ""6"": 64, ""7"": 64, ""8"": 64, ""9"": 64, ""10"": 64, ""11"": 64, ""12"": 64, ""13"": 64}",cached_parquet_balanced_pool,bounded_robust_variant,kept_fraction=0.8002
dbpedia_14,64,0.2,symmetric,trimmed_softmax_logreg,505,896,2800,14,0.21540178571428573,0.6785714285714286,0.6708380580669833,0.5143122673034668,"{""0"": 64, ""1"": 64, ""2"": 64, ""3"": 64, ""4"": 64, ""5"": 64, ""6"": 64, ""7"": 64, ""8"": 64, ""9"": 64, ""10"": 64, ""11"": 64, ""12"": 64, ""13"": 64}",cached_parquet_balanced_pool,bounded_robust_variant,kept_fraction=0.8002
dbpedia_14,64,0.2,class_conditional,softmax_logreg,101,896,2800,14,0.18526785714285715,0.8071428571428572,0.7972870175914178,0.39711570739746094,"{""0"": 64, ""1"": 64, ""2"": 64, ""3"": 64, ""4"": 64, ""5"": 64, ""6"": 64, ""7"": 64, ""8"": 64, ""9"": 64, ""10"": 64, ""11"": 64, ""12"": 64, ""13"": 64}",cached_parquet_balanced_pool,linear_probabilistic,
dbpedia_14,64,0.2,class_conditional,softmax_logreg,202,896,2800,14,0.19196428571428573,0.7571428571428571,0.7379187543241781,0.46346426010131836,"{""0"": 64, ""1"": 64, ""2"": 64, ""3"": 64, ""4"": 64, ""5"": 64, ""6"": 64, ""7"": 64, ""8"": 64, ""9"": 64, ""10"": 64, ""11"": 64, ""12"": 64, ""13"": 64}",cached_parquet_balanced_pool,linear_probabilistic,
dbpedia_14,64,0.2,class_conditional,softmax_logreg,303,896,2800,14,0.21540178571428573,0.7796428571428572,0.7644479139075866,0.38801074028015137,"{""0"": 64, ""1"": 64, ""2"": 64, ""3"": 64, ""4"": 64, ""5"": 64, ""6"": 64, ""7"": 64, ""8"": 64, ""9"": 64, ""10"": 64, ""11"": 64, ""12"": 64, ""13"": 64}",cached_parquet_balanced_pool,linear_probabilistic,
dbpedia_14,64,0.2,class_conditional,softmax_logreg,404,896,2800,14,0.22433035714285715,0.8307142857142857,0.8259906284008984,0.47153186798095703,"{""0"": 64, ""1"": 64, ""2"": 64, ""3"": 64, ""4"": 64, ""5"": 64, ""6"": 64, ""7"": 64, ""8"": 64, ""9"": 64, ""10"": 64, ""11"": 64, ""12"": 64, ""13"": 64}",cached_parquet_balanced_pool,linear_probabilistic,
dbpedia_14,64,0.2,class_conditional,softmax_logreg,505,896,2800,14,0.21651785714285715,0.8389285714285715,0.8367912435532026,0.41933608055114746,"{""0"": 64, ""1"": 64, ""2"": 64, ""3"": 64, ""4"": 64, ""5"": 64, ""6"": 64, ""7"": 64, ""8"": 64, ""9"": 64, ""10"": 64, ""11"": 64, ""12"": 64, ""13"": 64}",cached_parquet_balanced_pool,linear_probabilistic,
dbpedia_14,64,0.2,class_conditional,multinomial_nb,101,896,2800,14,0.18526785714285715,0.8360714285714286,0.8320090922301507,0.12929415702819824,"{""0"": 64, ""1"": 64, ""2"": 64, ""3"": 64, ""4"": 64, ""5"": 64, ""6"": 64, ""7"": 64, ""8"": 64, ""9"": 64, ""10"": 64, ""11"": 64, ""12"": 64, ""13"": 64}",cached_parquet_balanced_pool,generative_nb,
dbpedia_14,64,0.2,class_conditional,multinomial_nb,202,896,2800,14,0.19196428571428573,0.8407142857142857,0.8368863251034807,0.12142181396484375,"{""0"": 64, ""1"": 64, ""2"": 64, ""3"": 64, ""4"": 64, ""5"": 64, ""6"": 64, ""7"": 64, ""8"": 64, ""9"": 64, ""10"": 64, ""11"": 64, ""12"": 64, ""13"": 64}",cached_parquet_balanced_pool,generative_nb,
dbpedia_14,64,0.2,class_conditional,multinomial_nb,303,896,2800,14,0.21540178571428573,0.8325,0.8274424284578484,0.12378191947937012,"{""0"": 64, ""1"": 64, ""2"": 64, ""3"": 64, ""4"": 64, ""5"": 64, ""6"": 64, ""7"": 64, ""8"": 64, ""9"": 64, ""10"": 64, ""11"": 64, ""12"": 64, ""13"": 64}",cached_parquet_balanced_pool,generative_nb,
dbpedia_14,64,0.2,class_conditional,multinomial_nb,404,896,2800,14,0.22433035714285715,0.8239285714285715,0.8203932306266655,0.12130856513977051,"{""0"": 64, ""1"": 64, ""2"": 64, ""3"": 64, ""4"": 64, ""5"": 64, ""6"": 64, ""7"": 64, ""8"": 64, ""9"": 64, ""10"": 64, ""11"": 64, ""12"": 64, ""13"": 64}",cached_parquet_balanced_pool,generative_nb,
dbpedia_14,64,0.2,class_conditional,multinomial_nb,505,896,2800,14,0.21651785714285715,0.8210714285714286,0.8176296300710447,0.12014126777648926,"{""0"": 64, ""1"": 64, ""2"": 64, ""3"": 64, ""4"": 64, ""5"": 64, ""6"": 64, ""7"": 64, ""8"": 64, ""9"": 64, ""10"": 64, ""11"": 64, ""12"": 64, ""13"": 64}",cached_parquet_balanced_pool,generative_nb,
dbpedia_14,64,0.2,class_conditional,linear_svm_hinge,101,896,2800,14,0.18526785714285715,0.3914285714285714,0.4012861248417775,1.8053252696990967,"{""0"": 64, ""1"": 64, ""2"": 64, ""3"": 64, ""4"": 64, ""5"": 64, ""6"": 64, ""7"": 64, ""8"": 64, ""9"": 64, ""10"": 64, ""11"": 64, ""12"": 64, ""13"": 64}",cached_parquet_balanced_pool,linear_margin,
dbpedia_14,64,0.2,class_conditional,linear_svm_hinge,202,896,2800,14,0.19196428571428573,0.37642857142857145,0.3475602976227382,1.7671806812286377,"{""0"": 64, ""1"": 64, ""2"": 64, ""3"": 64, ""4"": 64, ""5"": 64, ""6"": 64, ""7"": 64, ""8"": 64, ""9"": 64, ""10"": 64, ""11"": 64, ""12"": 64, ""13"": 64}",cached_parquet_balanced_pool,linear_margin,
dbpedia_14,64,0.2,class_conditional,linear_svm_hinge,303,896,2800,14,0.21540178571428573,0.3342857142857143,0.3559753693333955,1.8399879932403564,"{""0"": 64, ""1"": 64, ""2"": 64, ""3"": 64, ""4"": 64, ""5"": 64, ""6"": 64, ""7"": 64, ""8"": 64, ""9"": 64, ""10"": 64, ""11"": 64, ""12"": 64, ""13"": 64}",cached_parquet_balanced_pool,linear_margin,
dbpedia_14,64,0.2,class_conditional,linear_svm_hinge,404,896,2800,14,0.22433035714285715,0.3192857142857143,0.3368889912459963,1.7388699054718018,"{""0"": 64, ""1"": 64, ""2"": 64, ""3"": 64, ""4"": 64, ""5"": 64, ""6"": 64, ""7"": 64, ""8"": 64, ""9"": 64, ""10"": 64, ""11"": 64, ""12"": 64, ""13"": 64}",cached_parquet_balanced_pool,linear_margin,
dbpedia_14,64,0.2,class_conditional,linear_svm_hinge,505,896,2800,14,0.21651785714285715,0.3967857142857143,0.39670357849574706,1.8387248516082764,"{""0"": 64, ""1"": 64, ""2"": 64, ""3"": 64, ""4"": 64, ""5"": 64, ""6"": 64, ""7"": 64, ""8"": 64, ""9"": 64, ""10"": 64, ""11"": 64, ""12"": 64, ""13"": 64}",cached_parquet_balanced_pool,linear_margin,
dbpedia_14,64,0.2,class_conditional,trimmed_softmax_logreg,101,896,2800,14,0.18526785714285715,0.6532142857142857,0.6109198339699734,0.5754776000976562,"{""0"": 64, ""1"": 64, ""2"": 64, ""3"": 64, ""4"": 64, ""5"": 64, ""6"": 64, ""7"": 64, ""8"": 64, ""9"": 64, ""10"": 64, ""11"": 64, ""12"": 64, ""13"": 64}",cached_parquet_balanced_pool,bounded_robust_variant,kept_fraction=0.8002
dbpedia_14,64,0.2,class_conditional,trimmed_softmax_logreg,202,896,2800,14,0.19196428571428573,0.6489285714285714,0.5820019883948178,0.45680928230285645,"{""0"": 64, ""1"": 64, ""2"": 64, ""3"": 64, ""4"": 64, ""5"": 64, ""6"": 64, ""7"": 64, ""8"": 64, ""9"": 64, ""10"": 64, ""11"": 64, ""12"": 64, ""13"": 64}",cached_parquet_balanced_pool,bounded_robust_variant,kept_fraction=0.8002
dbpedia_14,64,0.2,class_conditional,trimmed_softmax_logreg,303,896,2800,14,0.21540178571428573,0.5653571428571429,0.48294069569870285,0.5179879665374756,"{""0"": 64, ""1"": 64, ""2"": 64, ""3"": 64, ""4"": 64, ""5"": 64, ""6"": 64, ""7"": 64, ""8"": 64, ""9"": 64, ""10"": 64, ""11"": 64, ""12"": 64, ""13"": 64}",cached_parquet_balanced_pool,bounded_robust_variant,kept_fraction=0.8002
dbpedia_14,64,0.2,class_conditional,trimmed_softmax_logreg,404,896,2800,14,0.22433035714285715,0.6128571428571429,0.5759504914191049,0.4380955696105957,"{""0"": 64, ""1"": 64, ""2"": 64, ""3"": 64, ""4"": 64, ""5"": 64, ""6"": 64, ""7"": 64, ""8"": 64, ""9"": 64, ""10"": 64, ""11"": 64, ""12"": 64, ""13"": 64}",cached_parquet_balanced_pool,bounded_robust_variant,kept_fraction=0.8002
dbpedia_14,64,0.2,class_conditional,trimmed_softmax_logreg,505,896,2800,14,0.21651785714285715,0.6289285714285714,0.5780685846115153,0.5692033767700195,"{""0"": 64, ""1"": 64, ""2"": 64, ""3"": 64, ""4"": 64, ""5"": 64, ""6"": 64, ""7"": 64, ""8"": 64, ""9"": 64, ""10"": 64, ""11"": 64, ""12"": 64, ""13"": 64}",cached_parquet_balanced_pool,bounded_robust_variant,kept_fraction=0.8002
dbpedia_14,64,0.3,symmetric,softmax_logreg,101,896,2800,14,0.28348214285714285,0.8271428571428572,0.8306444352333429,0.37365150451660156,"{""0"": 64, ""1"": 64, ""2"": 64, ""3"": 64, ""4"": 64, ""5"": 64, ""6"": 64, ""7"": 64, ""8"": 64, ""9"": 64, ""10"": 64, ""11"": 64, ""12"": 64, ""13"": 64}",cached_parquet_balanced_pool,linear_probabilistic,
dbpedia_14,64,0.3,symmetric,softmax_logreg,202,896,2800,14,0.30245535714285715,0.7739285714285714,0.756423780484012,0.3911473751068115,"{""0"": 64, ""1"": 64, ""2"": 64, ""3"": 64, ""4"": 64, ""5"": 64, ""6"": 64, ""7"": 64, ""8"": 64, ""9"": 64, ""10"": 64, ""11"": 64, ""12"": 64, ""13"": 64}",cached_parquet_balanced_pool,linear_probabilistic,
dbpedia_14,64,0.3,symmetric,softmax_logreg,303,896,2800,14,0.3080357142857143,0.8017857142857143,0.7929570008041299,0.45508670806884766,"{""0"": 64, ""1"": 64, ""2"": 64, ""3"": 64, ""4"": 64, ""5"": 64, ""6"": 64, ""7"": 64, ""8"": 64, ""9"": 64, ""10"": 64, ""11"": 64, ""12"": 64, ""13"": 64}",cached_parquet_balanced_pool,linear_probabilistic,
dbpedia_14,64,0.3,symmetric,softmax_logreg,404,896,2800,14,0.28683035714285715,0.7975,0.7836847473955888,0.4601869583129883,"{""0"": 64, ""1"": 64, ""2"": 64, ""3"": 64, ""4"": 64, ""5"": 64, ""6"": 64, ""7"": 64, ""8"": 64, ""9"": 64, ""10"": 64, ""11"": 64, ""12"": 64, ""13"": 64}",cached_parquet_balanced_pool,linear_probabilistic,
dbpedia_14,64,0.3,symmetric,softmax_logreg,505,896,2800,14,0.31361607142857145,0.7417857142857143,0.7724599593562578,0.37842464447021484,"{""0"": 64, ""1"": 64, ""2"": 64, ""3"": 64, ""4"": 64, ""5"": 64, ""6"": 64, ""7"": 64, ""8"": 64, ""9"": 64, ""10"": 64, ""11"": 64, ""12"": 64, ""13"": 64}",cached_parquet_balanced_pool,linear_probabilistic,
dbpedia_14,64,0.3,symmetric,multinomial_nb,101,896,2800,14,0.28348214285714285,0.8421428571428572,0.8408686309778365,0.12240839004516602,"{""0"": 64, ""1"": 64, ""2"": 64, ""3"": 64, ""4"": 64, ""5"": 64, ""6"": 64, ""7"": 64, ""8"": 64, ""9"": 64, ""10"": 64, ""11"": 64, ""12"": 64, ""13"": 64}",cached_parquet_balanced_pool,generative_nb,
dbpedia_14,64,0.3,symmetric,multinomial_nb,202,896,2800,14,0.30245535714285715,0.8496428571428571,0.8470837985162766,0.12757062911987305,"{""0"": 64, ""1"": 64, ""2"": 64, ""3"": 64, ""4"": 64, ""5"": 64, ""6"": 64, ""7"": 64, ""8"": 64, ""9"": 64, ""10"": 64, ""11"": 64, ""12"": 64, ""13"": 64}",cached_parquet_balanced_pool,generative_nb,
dbpedia_14,64,0.3,symmetric,multinomial_nb,303,896,2800,14,0.3080357142857143,0.835,0.8304290061974667,0.11946821212768555,"{""0"": 64, ""1"": 64, ""2"": 64, ""3"": 64, ""4"": 64, ""5"": 64, ""6"": 64, ""7"": 64, ""8"": 64, ""9"": 64, ""10"": 64, ""11"": 64, ""12"": 64, ""13"": 64}",cached_parquet_balanced_pool,generative_nb,
dbpedia_14,64,0.3,symmetric,multinomial_nb,404,896,2800,14,0.28683035714285715,0.8425,0.838687606872662,0.1185157299041748,"{""0"": 64, ""1"": 64, ""2"": 64, ""3"": 64, ""4"": 64, ""5"": 64, ""6"": 64, ""7"": 64, ""8"": 64, ""9"": 64, ""10"": 64, ""11"": 64, ""12"": 64, ""13"": 64}",cached_parquet_balanced_pool,generative_nb,
dbpedia_14,64,0.3,symmetric,multinomial_nb,505,896,2800,14,0.31361607142857145,0.8507142857142858,0.849880127968781,0.12128281593322754,"{""0"": 64, ""1"": 64, ""2"": 64, ""3"": 64, ""4"": 64, ""5"": 64, ""6"": 64, ""7"": 64, ""8"": 64, ""9"": 64, ""10"": 64, ""11"": 64, ""12"": 64, ""13"": 64}",cached_parquet_balanced_pool,generative_nb,
dbpedia_14,64,0.3,symmetric,linear_svm_hinge,101,896,2800,14,0.28348214285714285,0.2667857142857143,0.27147203584095175,1.8201730251312256,"{""0"": 64, ""1"": 64, ""2"": 64, ""3"": 64, ""4"": 64, ""5"": 64, ""6"": 64, ""7"": 64, ""8"": 64, ""9"": 64, ""10"": 64, ""11"": 64, ""12"": 64, ""13"": 64}",cached_parquet_balanced_pool,linear_margin,
dbpedia_14,64,0.3,symmetric,linear_svm_hinge,202,896,2800,14,0.30245535714285715,0.3871428571428571,0.27748075010443635,1.8991050720214844,"{""0"": 64, ""1"": 64, ""2"": 64, ""3"": 64, ""4"": 64, ""5"": 64, ""6"": 64, ""7"": 64, ""8"": 64, ""9"": 64, ""10"": 64, ""11"": 64, ""12"": 64, ""13"": 64}",cached_parquet_balanced_pool,linear_margin,
dbpedia_14,64,0.3,symmetric,linear_svm_hinge,303,896,2800,14,0.3080357142857143,0.255,0.24918057462706145,5.278203248977661,"{""0"": 64, ""1"": 64, ""2"": 64, ""3"": 64, ""4"": 64, ""5"": 64, ""6"": 64, ""7"": 64, ""8"": 64, ""9"": 64, ""10"": 64, ""11"": 64, ""12"": 64, ""13"": 64}",cached_parquet_balanced_pool,linear_margin,
dbpedia_14,64,0.3,symmetric,linear_svm_hinge,404,896,2800,14,0.28683035714285715,0.2839285714285714,0.2864713718000154,1.8519227504730225,"{""0"": 64, ""1"": 64, ""2"": 64, ""3"": 64, ""4"": 64, ""5"": 64, ""6"": 64, ""7"": 64, ""8"": 64, ""9"": 64, ""10"": 64, ""11"": 64, ""12"": 64, ""13"": 64}",cached_parquet_balanced_pool,linear_margin,
dbpedia_14,64,0.3,symmetric,linear_svm_hinge,505,896,2800,14,0.31361607142857145,0.23357142857142857,0.23983696742926633,1.8684751987457275,"{""0"": 64, ""1"": 64, ""2"": 64, ""3"": 64, ""4"": 64, ""5"": 64, ""6"": 64, ""7"": 64, ""8"": 64, ""9"": 64, ""10"": 64, ""11"": 64, ""12"": 64, ""13"": 64}",cached_parquet_balanced_pool,linear_margin,
dbpedia_14,64,0.3,symmetric,trimmed_softmax_logreg,101,896,2800,14,0.28348214285714285,0.6139285714285714,0.5769011676726951,0.5560789108276367,"{""0"": 64, ""1"": 64, ""2"": 64, ""3"": 64, ""4"": 64, ""5"": 64, ""6"": 64, ""7"": 64, ""8"": 64, ""9"": 64, ""10"": 64, ""11"": 64, ""12"": 64, ""13"": 64}",cached_parquet_balanced_pool,bounded_robust_variant,kept_fraction=0.8002
dbpedia_14,64,0.3,symmetric,trimmed_softmax_logreg,202,896,2800,14,0.30245535714285715,0.625,0.5516341532207417,0.4731254577636719,"{""0"": 64, ""1"": 64, ""2"": 64, ""3"": 64, ""4"": 64, ""5"": 64, ""6"": 64, ""7"": 64, ""8"": 64, ""9"": 64, ""10"": 64, ""11"": 64, ""12"": 64, ""13"": 64}",cached_parquet_balanced_pool,bounded_robust_variant,kept_fraction=0.8002
dbpedia_14,64,0.3,symmetric,trimmed_softmax_logreg,303,896,2800,14,0.3080357142857143,0.6103571428571428,0.5333950161589097,0.49455928802490234,"{""0"": 64, ""1"": 64, ""2"": 64, ""3"": 64, ""4"": 64, ""5"": 64, ""6"": 64, ""7"": 64, ""8"": 64, ""9"": 64, ""10"": 64, ""11"": 64, ""12"": 64, ""13"": 64}",cached_parquet_balanced_pool,bounded_robust_variant,kept_fraction=0.8002
dbpedia_14,64,0.3,symmetric,trimmed_softmax_logreg,404,896,2800,14,0.28683035714285715,0.6764285714285714,0.6103338230350863,0.5537536144256592,"{""0"": 64, ""1"": 64, ""2"": 64, ""3"": 64, ""4"": 64, ""5"": 64, ""6"": 64, ""7"": 64, ""8"": 64, ""9"": 64, ""10"": 64, ""11"": 64, ""12"": 64, ""13"": 64}",cached_parquet_balanced_pool,bounded_robust_variant,kept_fraction=0.8013
dbpedia_14,64,0.3,symmetric,trimmed_softmax_logreg,505,896,2800,14,0.31361607142857145,0.5942857142857143,0.5955824165359217,0.5156819820404053,"{""0"": 64, ""1"": 64, ""2"": 64, ""3"": 64, ""4"": 64, ""5"": 64, ""6"": 64, ""7"": 64, ""8"": 64, ""9"": 64, ""10"": 64, ""11"": 64, ""12"": 64, ""13"": 64}",cached_parquet_balanced_pool,bounded_robust_variant,kept_fraction=0.8002
dbpedia_14,64,0.3,class_conditional,softmax_logreg,101,896,2800,14,0.28794642857142855,0.7782142857142857,0.7555910099882096,0.4650285243988037,"{""0"": 64, ""1"": 64, ""2"": 64, ""3"": 64, ""4"": 64, ""5"": 64, ""6"": 64, ""7"": 64, ""8"": 64, ""9"": 64, ""10"": 64, ""11"": 64, ""12"": 64, ""13"": 64}",cached_parquet_balanced_pool,linear_probabilistic,
dbpedia_14,64,0.3,class_conditional,softmax_logreg,202,896,2800,14,0.3091517857142857,0.625,0.5718281860453798,0.4499392509460449,"{""0"": 64, ""1"": 64, ""2"": 64, ""3"": 64, ""4"": 64, ""5"": 64, ""6"": 64, ""7"": 64, ""8"": 64, ""9"": 64, ""10"": 64, ""11"": 64, ""12"": 64, ""13"": 64}",cached_parquet_balanced_pool,linear_probabilistic,
dbpedia_14,64,0.3,class_conditional,softmax_logreg,303,896,2800,14,0.31026785714285715,0.7046428571428571,0.6671203190851048,0.4199652671813965,"{""0"": 64, ""1"": 64, ""2"": 64, ""3"": 64, ""4"": 64, ""5"": 64, ""6"": 64, ""7"": 64, ""8"": 64, ""9"": 64, ""10"": 64, ""11"": 64, ""12"": 64, ""13"": 64}",cached_parquet_balanced_pool,linear_probabilistic,
dbpedia_14,64,0.3,class_conditional,softmax_logreg,404,896,2800,14,0.3158482142857143,0.7160714285714286,0.7047120580517622,0.5023062229156494,"{""0"": 64, ""1"": 64, ""2"": 64, ""3"": 64, ""4"": 64, ""5"": 64, ""6"": 64, ""7"": 64, ""8"": 64, ""9"": 64, ""10"": 64, ""11"": 64, ""12"": 64, ""13"": 64}",cached_parquet_balanced_pool,linear_probabilistic,
dbpedia_14,64,0.3,class_conditional,softmax_logreg,505,896,2800,14,0.30580357142857145,0.7967857142857143,0.7980452775467999,0.40677380561828613,"{""0"": 64, ""1"": 64, ""2"": 64, ""3"": 64, ""4"": 64, ""5"": 64, ""6"": 64, ""7"": 64, ""8"": 64, ""9"": 64, ""10"": 64, ""11"": 64, ""12"": 64, ""13"": 64}",cached_parquet_balanced_pool,linear_probabilistic,
dbpedia_14,64,0.3,class_conditional,multinomial_nb,101,896,2800,14,0.28794642857142855,0.7710714285714285,0.7651545533437887,0.12847256660461426,"{""0"": 64, ""1"": 64, ""2"": 64, ""3"": 64, ""4"": 64, ""5"": 64, ""6"": 64, ""7"": 64, ""8"": 64, ""9"": 64, ""10"": 64, ""11"": 64, ""12"": 64, ""13"": 64}",cached_parquet_balanced_pool,generative_nb,
dbpedia_14,64,0.3,class_conditional,multinomial_nb,202,896,2800,14,0.3091517857142857,0.7485714285714286,0.7356049916200565,0.12262082099914551,"{""0"": 64, ""1"": 64, ""2"": 64, ""3"": 64, ""4"": 64, ""5"": 64, ""6"": 64, ""7"": 64, ""8"": 64, ""9"": 64, ""10"": 64, ""11"": 64, ""12"": 64, ""13"": 64}",cached_parquet_balanced_pool,generative_nb,
dbpedia_14,64,0.3,class_conditional,multinomial_nb,303,896,2800,14,0.31026785714285715,0.7517857142857143,0.7414177397562594,0.12734389305114746,"{""0"": 64, ""1"": 64, ""2"": 64, ""3"": 64, ""4"": 64, ""5"": 64, ""6"": 64, ""7"": 64, ""8"": 64, ""9"": 64, ""10"": 64, ""11"": 64, ""12"": 64, ""13"": 64}",cached_parquet_balanced_pool,generative_nb,
dbpedia_14,64,0.3,class_conditional,multinomial_nb,404,896,2800,14,0.3158482142857143,0.745,0.7414691356951365,0.12610602378845215,"{""0"": 64, ""1"": 64, ""2"": 64, ""3"": 64, ""4"": 64, ""5"": 64, ""6"": 64, ""7"": 64, ""8"": 64, ""9"": 64, ""10"": 64, ""11"": 64, ""12"": 64, ""13"": 64}",cached_parquet_balanced_pool,generative_nb,
dbpedia_14,64,0.3,class_conditional,multinomial_nb,505,896,2800,14,0.30580357142857145,0.7521428571428571,0.7493478584414045,0.11978268623352051,"{""0"": 64, ""1"": 64, ""2"": 64, ""3"": 64, ""4"": 64, ""5"": 64, ""6"": 64, ""7"": 64, ""8"": 64, ""9"": 64, ""10"": 64, ""11"": 64, ""12"": 64, ""13"": 64}",cached_parquet_balanced_pool,generative_nb,
dbpedia_14,64,0.3,class_conditional,linear_svm_hinge,101,896,2800,14,0.28794642857142855,0.7635714285714286,0.7391702321292194,1.7908215522766113,"{""0"": 64, ""1"": 64, ""2"": 64, ""3"": 64, ""4"": 64, ""5"": 64, ""6"": 64, ""7"": 64, ""8"": 64, ""9"": 64, ""10"": 64, ""11"": 64, ""12"": 64, ""13"": 64}",cached_parquet_balanced_pool,linear_margin,
dbpedia_14,64,0.3,class_conditional,linear_svm_hinge,202,896,2800,14,0.3091517857142857,0.6732142857142858,0.6320737324539966,1.755946159362793,"{""0"": 64, ""1"": 64, ""2"": 64, ""3"": 64, ""4"": 64, ""5"": 64, ""6"": 64, ""7"": 64, ""8"": 64, ""9"": 64, ""10"": 64, ""11"": 64, ""12"": 64, ""13"": 64}",cached_parquet_balanced_pool,linear_margin,
dbpedia_14,64,0.3,class_conditional,linear_svm_hinge,303,896,2800,14,0.31026785714285715,0.305,0.3282240580801624,1.7947354316711426,"{""0"": 64, ""1"": 64, ""2"": 64, ""3"": 64, ""4"": 64, ""5"": 64, ""6"": 64, ""7"": 64, ""8"": 64, ""9"": 64, ""10"": 64, ""11"": 64, ""12"": 64, ""13"": 64}",cached_parquet_balanced_pool,linear_margin,
dbpedia_14,64,0.3,class_conditional,linear_svm_hinge,404,896,2800,14,0.3158482142857143,0.3514285714285714,0.3767909066493083,1.7619154453277588,"{""0"": 64, ""1"": 64, ""2"": 64, ""3"": 64, ""4"": 64, ""5"": 64, ""6"": 64, ""7"": 64, ""8"": 64, ""9"": 64, ""10"": 64, ""11"": 64, ""12"": 64, ""13"": 64}",cached_parquet_balanced_pool,linear_margin,
dbpedia_14,64,0.3,class_conditional,linear_svm_hinge,505,896,2800,14,0.30580357142857145,0.3357142857142857,0.2773165063146416,1.8067123889923096,"{""0"": 64, ""1"": 64, ""2"": 64, ""3"": 64, ""4"": 64, ""5"": 64, ""6"": 64, ""7"": 64, ""8"": 64, ""9"": 64, ""10"": 64, ""11"": 64, ""12"": 64, ""13"": 64}",cached_parquet_balanced_pool,linear_margin,
dbpedia_14,64,0.3,class_conditional,trimmed_softmax_logreg,101,896,2800,14,0.28794642857142855,0.6460714285714285,0.5761551591462357,0.5485501289367676,"{""0"": 64, ""1"": 64, ""2"": 64, ""3"": 64, ""4"": 64, ""5"": 64, ""6"": 64, ""7"": 64, ""8"": 64, ""9"": 64, ""10"": 64, ""11"": 64, ""12"": 64, ""13"": 64}",cached_parquet_balanced_pool,bounded_robust_variant,kept_fraction=0.8002
dbpedia_14,64,0.3,class_conditional,trimmed_softmax_logreg,202,896,2800,14,0.3091517857142857,0.5703571428571429,0.49959206152318364,0.5121753215789795,"{""0"": 64, ""1"": 64, ""2"": 64, ""3"": 64, ""4"": 64, ""5"": 64, ""6"": 64, ""7"": 64, ""8"": 64, ""9"": 64, ""10"": 64, ""11"": 64, ""12"": 64, ""13"": 64}",cached_parquet_balanced_pool,bounded_robust_variant,kept_fraction=0.8002
dbpedia_14,64,0.3,class_conditional,trimmed_softmax_logreg,303,896,2800,14,0.31026785714285715,0.5810714285714286,0.49016299984259126,0.4889500141143799,"{""0"": 64, ""1"": 64, ""2"": 64, ""3"": 64, ""4"": 64, ""5"": 64, ""6"": 64, ""7"": 64, ""8"": 64, ""9"": 64, ""10"": 64, ""11"": 64, ""12"": 64, ""13"": 64}",cached_parquet_balanced_pool,bounded_robust_variant,kept_fraction=0.8002
dbpedia_14,64,0.3,class_conditional,trimmed_softmax_logreg,404,896,2800,14,0.3158482142857143,0.5535714285714286,0.4959895101103166,0.4649922847747803,"{""0"": 64, ""1"": 64, ""2"": 64, ""3"": 64, ""4"": 64, ""5"": 64, ""6"": 64, ""7"": 64, ""8"": 64, ""9"": 64, ""10"": 64, ""11"": 64, ""12"": 64, ""13"": 64}",cached_parquet_balanced_pool,bounded_robust_variant,kept_fraction=0.8013
dbpedia_14,64,0.3,class_conditional,trimmed_softmax_logreg,505,896,2800,14,0.30580357142857145,0.5503571428571429,0.5176433279251544,0.547046422958374,"{""0"": 64, ""1"": 64, ""2"": 64, ""3"": 64, ""4"": 64, ""5"": 64, ""6"": 64, ""7"": 64, ""8"": 64, ""9"": 64, ""10"": 64, ""11"": 64, ""12"": 64, ""13"": 64}",cached_parquet_balanced_pool,bounded_robust_variant,kept_fraction=0.8002
dbpedia_14,128,0.0,symmetric,softmax_logreg,101,1792,2800,14,0.0,0.9082142857142858,0.9071669987911726,0.7120747566223145,"{""0"": 128, ""1"": 128, ""2"": 128, ""3"": 128, ""4"": 128, ""5"": 128, ""6"": 128, ""7"": 128, ""8"": 128, ""9"": 128, ""10"": 128, ""11"": 128, ""12"": 128, ""13"": 128}",cached_parquet_balanced_pool,linear_probabilistic,
dbpedia_14,128,0.0,symmetric,softmax_logreg,202,1792,2800,14,0.0,0.9067857142857143,0.9057242599440967,0.7318115234375,"{""0"": 128, ""1"": 128, ""2"": 128, ""3"": 128, ""4"": 128, ""5"": 128, ""6"": 128, ""7"": 128, ""8"": 128, ""9"": 128, ""10"": 128, ""11"": 128, ""12"": 128, ""13"": 128}",cached_parquet_balanced_pool,linear_probabilistic,
dbpedia_14,128,0.0,symmetric,softmax_logreg,303,1792,2800,14,0.0,0.9096428571428572,0.90802498897172,0.7371823787689209,"{""0"": 128, ""1"": 128, ""2"": 128, ""3"": 128, ""4"": 128, ""5"": 128, ""6"": 128, ""7"": 128, ""8"": 128, ""9"": 128, ""10"": 128, ""11"": 128, ""12"": 128, ""13"": 128}",cached_parquet_balanced_pool,linear_probabilistic,
dbpedia_14,128,0.0,symmetric,softmax_logreg,404,1792,2800,14,0.0,0.8992857142857142,0.8979244246745507,0.7920839786529541,"{""0"": 128, ""1"": 128, ""2"": 128, ""3"": 128, ""4"": 128, ""5"": 128, ""6"": 128, ""7"": 128, ""8"": 128, ""9"": 128, ""10"": 128, ""11"": 128, ""12"": 128, ""13"": 128}",cached_parquet_balanced_pool,linear_probabilistic,
dbpedia_14,128,0.0,symmetric,softmax_logreg,505,1792,2800,14,0.0,0.9014285714285715,0.9000195594862858,0.7812206745147705,"{""0"": 128, ""1"": 128, ""2"": 128, ""3"": 128, ""4"": 128, ""5"": 128, ""6"": 128, ""7"": 128, ""8"": 128, ""9"": 128, ""10"": 128, ""11"": 128, ""12"": 128, ""13"": 128}",cached_parquet_balanced_pool,linear_probabilistic,
dbpedia_14,128,0.0,symmetric,multinomial_nb,101,1792,2800,14,0.0,0.9042857142857142,0.9033120056425806,0.15329790115356445,"{""0"": 128, ""1"": 128, ""2"": 128, ""3"": 128, ""4"": 128, ""5"": 128, ""6"": 128, ""7"": 128, ""8"": 128, ""9"": 128, ""10"": 128, ""11"": 128, ""12"": 128, ""13"": 128}",cached_parquet_balanced_pool,generative_nb,
dbpedia_14,128,0.0,symmetric,multinomial_nb,202,1792,2800,14,0.0,0.9232142857142858,0.9228348756527233,0.15332603454589844,"{""0"": 128, ""1"": 128, ""2"": 128, ""3"": 128, ""4"": 128, ""5"": 128, ""6"": 128, ""7"": 128, ""8"": 128, ""9"": 128, ""10"": 128, ""11"": 128, ""12"": 128, ""13"": 128}",cached_parquet_balanced_pool,generative_nb,
dbpedia_14,128,0.0,symmetric,multinomial_nb,303,1792,2800,14,0.0,0.91,0.9089535453827287,0.1559302806854248,"{""0"": 128, ""1"": 128, ""2"": 128, ""3"": 128, ""4"": 128, ""5"": 128, ""6"": 128, ""7"": 128, ""8"": 128, ""9"": 128, ""10"": 128, ""11"": 128, ""12"": 128, ""13"": 128}",cached_parquet_balanced_pool,generative_nb,
dbpedia_14,128,0.0,symmetric,multinomial_nb,404,1792,2800,14,0.0,0.9028571428571428,0.9018420127819117,0.1526651382446289,"{""0"": 128, ""1"": 128, ""2"": 128, ""3"": 128, ""4"": 128, ""5"": 128, ""6"": 128, ""7"": 128, ""8"": 128, ""9"": 128, ""10"": 128, ""11"": 128, ""12"": 128, ""13"": 128}",cached_parquet_balanced_pool,generative_nb,
dbpedia_14,128,0.0,symmetric,multinomial_nb,505,1792,2800,14,0.0,0.9114285714285715,0.9105211809739195,0.15366005897521973,"{""0"": 128, ""1"": 128, ""2"": 128, ""3"": 128, ""4"": 128, ""5"": 128, ""6"": 128, ""7"": 128, ""8"": 128, ""9"": 128, ""10"": 128, ""11"": 128, ""12"": 128, ""13"": 128}",cached_parquet_balanced_pool,generative_nb,
dbpedia_14,128,0.0,symmetric,linear_svm_hinge,101,1792,2800,14,0.0,0.8914285714285715,0.8890089198240164,3.556025981903076,"{""0"": 128, ""1"": 128, ""2"": 128, ""3"": 128, ""4"": 128, ""5"": 128, ""6"": 128, ""7"": 128, ""8"": 128, ""9"": 128, ""10"": 128, ""11"": 128, ""12"": 128, ""13"": 128}",cached_parquet_balanced_pool,linear_margin,
dbpedia_14,128,0.0,symmetric,linear_svm_hinge,202,1792,2800,14,0.0,0.8885714285714286,0.8864715825899815,6.8664069175720215,"{""0"": 128, ""1"": 128, ""2"": 128, ""3"": 128, ""4"": 128, ""5"": 128, ""6"": 128, ""7"": 128, ""8"": 128, ""9"": 128, ""10"": 128, ""11"": 128, ""12"": 128, ""13"": 128}",cached_parquet_balanced_pool,linear_margin,
dbpedia_14,128,0.0,symmetric,linear_svm_hinge,303,1792,2800,14,0.0,0.8839285714285714,0.8808001387789168,3.6174683570861816,"{""0"": 128, ""1"": 128, ""2"": 128, ""3"": 128, ""4"": 128, ""5"": 128, ""6"": 128, ""7"": 128, ""8"": 128, ""9"": 128, ""10"": 128, ""11"": 128, ""12"": 128, ""13"": 128}",cached_parquet_balanced_pool,linear_margin,
dbpedia_14,128,0.0,symmetric,linear_svm_hinge,404,1792,2800,14,0.0,0.8814285714285715,0.878491946200435,3.442021369934082,"{""0"": 128, ""1"": 128, ""2"": 128, ""3"": 128, ""4"": 128, ""5"": 128, ""6"": 128, ""7"": 128, ""8"": 128, ""9"": 128, ""10"": 128, ""11"": 128, ""12"": 128, ""13"": 128}",cached_parquet_balanced_pool,linear_margin,
dbpedia_14,128,0.0,symmetric,linear_svm_hinge,505,1792,2800,14,0.0,0.8810714285714286,0.8783864120764191,3.5243256092071533,"{""0"": 128, ""1"": 128, ""2"": 128, ""3"": 128, ""4"": 128, ""5"": 128, ""6"": 128, ""7"": 128, ""8"": 128, ""9"": 128, ""10"": 128, ""11"": 128, ""12"": 128, ""13"": 128}",cached_parquet_balanced_pool,linear_margin,
dbpedia_14,128,0.0,symmetric,trimmed_softmax_logreg,101,1792,2800,14,0.0,0.7317857142857143,0.683606060889623,0.884310245513916,"{""0"": 128, ""1"": 128, ""2"": 128, ""3"": 128, ""4"": 128, ""5"": 128, ""6"": 128, ""7"": 128, ""8"": 128, ""9"": 128, ""10"": 128, ""11"": 128, ""12"": 128, ""13"": 128}",cached_parquet_balanced_pool,bounded_robust_variant,kept_fraction=0.8002
dbpedia_14,128,0.0,symmetric,trimmed_softmax_logreg,202,1792,2800,14,0.0,0.715,0.6824318179945175,0.978611946105957,"{""0"": 128, ""1"": 128, ""2"": 128, ""3"": 128, ""4"": 128, ""5"": 128, ""6"": 128, ""7"": 128, ""8"": 128, ""9"": 128, ""10"": 128, ""11"": 128, ""12"": 128, ""13"": 128}",cached_parquet_balanced_pool,bounded_robust_variant,kept_fraction=0.8002
dbpedia_14,128,0.0,symmetric,trimmed_softmax_logreg,303,1792,2800,14,0.0,0.7282142857142857,0.6739253105478241,0.8923497200012207,"{""0"": 128, ""1"": 128, ""2"": 128, ""3"": 128, ""4"": 128, ""5"": 128, ""6"": 128, ""7"": 128, ""8"": 128, ""9"": 128, ""10"": 128, ""11"": 128, ""12"": 128, ""13"": 128}",cached_parquet_balanced_pool,bounded_robust_variant,kept_fraction=0.8002
dbpedia_14,128,0.0,symmetric,trimmed_softmax_logreg,404,1792,2800,14,0.0,0.7157142857142857,0.6758374616916021,0.881598949432373,"{""0"": 128, ""1"": 128, ""2"": 128, ""3"": 128, ""4"": 128, ""5"": 128, ""6"": 128, ""7"": 128, ""8"": 128, ""9"": 128, ""10"": 128, ""11"": 128, ""12"": 128, ""13"": 128}",cached_parquet_balanced_pool,bounded_robust_variant,kept_fraction=0.8002
dbpedia_14,128,0.0,symmetric,trimmed_softmax_logreg,505,1792,2800,14,0.0,0.7232142857142857,0.6884791780439506,0.9345064163208008,"{""0"": 128, ""1"": 128, ""2"": 128, ""3"": 128, ""4"": 128, ""5"": 128, ""6"": 128, ""7"": 128, ""8"": 128, ""9"": 128, ""10"": 128, ""11"": 128, ""12"": 128, ""13"": 128}",cached_parquet_balanced_pool,bounded_robust_variant,kept_fraction=0.8002
dbpedia_14,128,0.0,class_conditional,softmax_logreg,101,1792,2800,14,0.0,0.9082142857142858,0.9071669987911726,0.7684223651885986,"{""0"": 128, ""1"": 128, ""2"": 128, ""3"": 128, ""4"": 128, ""5"": 128, ""6"": 128, ""7"": 128, ""8"": 128, ""9"": 128, ""10"": 128, ""11"": 128, ""12"": 128, ""13"": 128}",cached_parquet_balanced_pool,linear_probabilistic,
dbpedia_14,128,0.0,class_conditional,softmax_logreg,202,1792,2800,14,0.0,0.9067857142857143,0.9057242599440967,0.7106575965881348,"{""0"": 128, ""1"": 128, ""2"": 128, ""3"": 128, ""4"": 128, ""5"": 128, ""6"": 128, ""7"": 128, ""8"": 128, ""9"": 128, ""10"": 128, ""11"": 128, ""12"": 128, ""13"": 128}",cached_parquet_balanced_pool,linear_probabilistic,
dbpedia_14,128,0.0,class_conditional,softmax_logreg,303,1792,2800,14,0.0,0.9096428571428572,0.90802498897172,0.7364742755889893,"{""0"": 128, ""1"": 128, ""2"": 128, ""3"": 128, ""4"": 128, ""5"": 128, ""6"": 128, ""7"": 128, ""8"": 128, ""9"": 128, ""10"": 128, ""11"": 128, ""12"": 128, ""13"": 128}",cached_parquet_balanced_pool,linear_probabilistic,
dbpedia_14,128,0.0,class_conditional,softmax_logreg,404,1792,2800,14,0.0,0.8992857142857142,0.8979244246745507,0.744692325592041,"{""0"": 128, ""1"": 128, ""2"": 128, ""3"": 128, ""4"": 128, ""5"": 128, ""6"": 128, ""7"": 128, ""8"": 128, ""9"": 128, ""10"": 128, ""11"": 128, ""12"": 128, ""13"": 128}",cached_parquet_balanced_pool,linear_probabilistic,
dbpedia_14,128,0.0,class_conditional,softmax_logreg,505,1792,2800,14,0.0,0.9014285714285715,0.9000195594862858,0.7639260292053223,"{""0"": 128, ""1"": 128, ""2"": 128, ""3"": 128, ""4"": 128, ""5"": 128, ""6"": 128, ""7"": 128, ""8"": 128, ""9"": 128, ""10"": 128, ""11"": 128, ""12"": 128, ""13"": 128}",cached_parquet_balanced_pool,linear_probabilistic,
dbpedia_14,128,0.0,class_conditional,multinomial_nb,101,1792,2800,14,0.0,0.9042857142857142,0.9033120056425806,0.15261340141296387,"{""0"": 128, ""1"": 128, ""2"": 128, ""3"": 128, ""4"": 128, ""5"": 128, ""6"": 128, ""7"": 128, ""8"": 128, ""9"": 128, ""10"": 128, ""11"": 128, ""12"": 128, ""13"": 128}",cached_parquet_balanced_pool,generative_nb,
dbpedia_14,128,0.0,class_conditional,multinomial_nb,202,1792,2800,14,0.0,0.9232142857142858,0.9228348756527233,0.14995265007019043,"{""0"": 128, ""1"": 128, ""2"": 128, ""3"": 128, ""4"": 128, ""5"": 128, ""6"": 128, ""7"": 128, ""8"": 128, ""9"": 128, ""10"": 128, ""11"": 128, ""12"": 128, ""13"": 128}",cached_parquet_balanced_pool,generative_nb,
dbpedia_14,128,0.0,class_conditional,multinomial_nb,303,1792,2800,14,0.0,0.91,0.9089535453827287,0.17993474006652832,"{""0"": 128, ""1"": 128, ""2"": 128, ""3"": 128, ""4"": 128, ""5"": 128, ""6"": 128, ""7"": 128, ""8"": 128, ""9"": 128, ""10"": 128, ""11"": 128, ""12"": 128, ""13"": 128}",cached_parquet_balanced_pool,generative_nb,
dbpedia_14,128,0.0,class_conditional,multinomial_nb,404,1792,2800,14,0.0,0.9028571428571428,0.9018420127819117,0.15157008171081543,"{""0"": 128, ""1"": 128, ""2"": 128, ""3"": 128, ""4"": 128, ""5"": 128, ""6"": 128, ""7"": 128, ""8"": 128, ""9"": 128, ""10"": 128, ""11"": 128, ""12"": 128, ""13"": 128}",cached_parquet_balanced_pool,generative_nb,
dbpedia_14,128,0.0,class_conditional,multinomial_nb,505,1792,2800,14,0.0,0.9114285714285715,0.9105211809739195,0.1481184959411621,"{""0"": 128, ""1"": 128, ""2"": 128, ""3"": 128, ""4"": 128, ""5"": 128, ""6"": 128, ""7"": 128, ""8"": 128, ""9"": 128, ""10"": 128, ""11"": 128, ""12"": 128, ""13"": 128}",cached_parquet_balanced_pool,generative_nb,
dbpedia_14,128,0.0,class_conditional,linear_svm_hinge,101,1792,2800,14,0.0,0.8914285714285715,0.8890089198240164,3.6989753246307373,"{""0"": 128, ""1"": 128, ""2"": 128, ""3"": 128, ""4"": 128, ""5"": 128, ""6"": 128, ""7"": 128, ""8"": 128, ""9"": 128, ""10"": 128, ""11"": 128, ""12"": 128, ""13"": 128}",cached_parquet_balanced_pool,linear_margin,
dbpedia_14,128,0.0,class_conditional,linear_svm_hinge,202,1792,2800,14,0.0,0.8885714285714286,0.8864715825899815,3.684417724609375,"{""0"": 128, ""1"": 128, ""2"": 128, ""3"": 128, ""4"": 128, ""5"": 128, ""6"": 128, ""7"": 128, ""8"": 128, ""9"": 128, ""10"": 128, ""11"": 128, ""12"": 128, ""13"": 128}",cached_parquet_balanced_pool,linear_margin,
dbpedia_14,128,0.0,class_conditional,linear_svm_hinge,303,1792,2800,14,0.0,0.8839285714285714,0.8808001387789168,6.88974142074585,"{""0"": 128, ""1"": 128, ""2"": 128, ""3"": 128, ""4"": 128, ""5"": 128, ""6"": 128, ""7"": 128, ""8"": 128, ""9"": 128, ""10"": 128, ""11"": 128, ""12"": 128, ""13"": 128}",cached_parquet_balanced_pool,linear_margin,
dbpedia_14,128,0.0,class_conditional,linear_svm_hinge,404,1792,2800,14,0.0,0.8814285714285715,0.878491946200435,3.6066150665283203,"{""0"": 128, ""1"": 128, ""2"": 128, ""3"": 128, ""4"": 128, ""5"": 128, ""6"": 128, ""7"": 128, ""8"": 128, ""9"": 128, ""10"": 128, ""11"": 128, ""12"": 128, ""13"": 128}",cached_parquet_balanced_pool,linear_margin,
dbpedia_14,128,0.0,class_conditional,linear_svm_hinge,505,1792,2800,14,0.0,0.8810714285714286,0.8783864120764191,3.4790778160095215,"{""0"": 128, ""1"": 128, ""2"": 128, ""3"": 128, ""4"": 128, ""5"": 128, ""6"": 128, ""7"": 128, ""8"": 128, ""9"": 128, ""10"": 128, ""11"": 128, ""12"": 128, ""13"": 128}",cached_parquet_balanced_pool,linear_margin,
dbpedia_14,128,0.0,class_conditional,trimmed_softmax_logreg,101,1792,2800,14,0.0,0.7317857142857143,0.683606060889623,0.9367096424102783,"{""0"": 128, ""1"": 128, ""2"": 128, ""3"": 128, ""4"": 128, ""5"": 128, ""6"": 128, ""7"": 128, ""8"": 128, ""9"": 128, ""10"": 128, ""11"": 128, ""12"": 128, ""13"": 128}",cached_parquet_balanced_pool,bounded_robust_variant,kept_fraction=0.8002
dbpedia_14,128,0.0,class_conditional,trimmed_softmax_logreg,202,1792,2800,14,0.0,0.715,0.6824318179945175,0.8790154457092285,"{""0"": 128, ""1"": 128, ""2"": 128, ""3"": 128, ""4"": 128, ""5"": 128, ""6"": 128, ""7"": 128, ""8"": 128, ""9"": 128, ""10"": 128, ""11"": 128, ""12"": 128, ""13"": 128}",cached_parquet_balanced_pool,bounded_robust_variant,kept_fraction=0.8002
dbpedia_14,128,0.0,class_conditional,trimmed_softmax_logreg,303,1792,2800,14,0.0,0.7282142857142857,0.6739253105478241,0.8968799114227295,"{""0"": 128, ""1"": 128, ""2"": 128, ""3"": 128, ""4"": 128, ""5"": 128, ""6"": 128, ""7"": 128, ""8"": 128, ""9"": 128, ""10"": 128, ""11"": 128, ""12"": 128, ""13"": 128}",cached_parquet_balanced_pool,bounded_robust_variant,kept_fraction=0.8002
dbpedia_14,128,0.0,class_conditional,trimmed_softmax_logreg,404,1792,2800,14,0.0,0.7157142857142857,0.6758374616916021,0.8951990604400635,"{""0"": 128, ""1"": 128, ""2"": 128, ""3"": 128, ""4"": 128, ""5"": 128, ""6"": 128, ""7"": 128, ""8"": 128, ""9"": 128, ""10"": 128, ""11"": 128, ""12"": 128, ""13"": 128}",cached_parquet_balanced_pool,bounded_robust_variant,kept_fraction=0.8002
dbpedia_14,128,0.0,class_conditional,trimmed_softmax_logreg,505,1792,2800,14,0.0,0.7232142857142857,0.6884791780439506,0.8866531848907471,"{""0"": 128, ""1"": 128, ""2"": 128, ""3"": 128, ""4"": 128, ""5"": 128, ""6"": 128, ""7"": 128, ""8"": 128, ""9"": 128, ""10"": 128, ""11"": 128, ""12"": 128, ""13"": 128}",cached_parquet_balanced_pool,bounded_robust_variant,kept_fraction=0.8002
dbpedia_14,128,0.05,symmetric,softmax_logreg,101,1792,2800,14,0.048549107142857144,0.9046428571428572,0.9047203456985818,0.7588541507720947,"{""0"": 128, ""1"": 128, ""2"": 128, ""3"": 128, ""4"": 128, ""5"": 128, ""6"": 128, ""7"": 128, ""8"": 128, ""9"": 128, ""10"": 128, ""11"": 128, ""12"": 128, ""13"": 128}",cached_parquet_balanced_pool,linear_probabilistic,
dbpedia_14,128,0.05,symmetric,softmax_logreg,202,1792,2800,14,0.056919642857142856,0.8871428571428571,0.885335245478313,0.7791032791137695,"{""0"": 128, ""1"": 128, ""2"": 128, ""3"": 128, ""4"": 128, ""5"": 128, ""6"": 128, ""7"": 128, ""8"": 128, ""9"": 128, ""10"": 128, ""11"": 128, ""12"": 128, ""13"": 128}",cached_parquet_balanced_pool,linear_probabilistic,
dbpedia_14,128,0.05,symmetric,softmax_logreg,303,1792,2800,14,0.04966517857142857,0.8992857142857142,0.8972254180938075,0.7284953594207764,"{""0"": 128, ""1"": 128, ""2"": 128, ""3"": 128, ""4"": 128, ""5"": 128, ""6"": 128, ""7"": 128, ""8"": 128, ""9"": 128, ""10"": 128, ""11"": 128, ""12"": 128, ""13"": 128}",cached_parquet_balanced_pool,linear_probabilistic,
dbpedia_14,128,0.05,symmetric,softmax_logreg,404,1792,2800,14,0.05412946428571429,0.8996428571428572,0.8980607709396093,0.727031946182251,"{""0"": 128, ""1"": 128, ""2"": 128, ""3"": 128, ""4"": 128, ""5"": 128, ""6"": 128, ""7"": 128, ""8"": 128, ""9"": 128, ""10"": 128, ""11"": 128, ""12"": 128, ""13"": 128}",cached_parquet_balanced_pool,linear_probabilistic,
dbpedia_14,128,0.05,symmetric,softmax_logreg,505,1792,2800,14,0.05189732142857143,0.8892857142857142,0.8884358864876667,0.6912245750427246,"{""0"": 128, ""1"": 128, ""2"": 128, ""3"": 128, ""4"": 128, ""5"": 128, ""6"": 128, ""7"": 128, ""8"": 128, ""9"": 128, ""10"": 128, ""11"": 128, ""12"": 128, ""13"": 128}",cached_parquet_balanced_pool,linear_probabilistic,
dbpedia_14,128,0.05,symmetric,multinomial_nb,101,1792,2800,14,0.048549107142857144,0.8978571428571429,0.8968178668091342,0.15379929542541504,"{""0"": 128, ""1"": 128, ""2"": 128, ""3"": 128, ""4"": 128, ""5"": 128, ""6"": 128, ""7"": 128, ""8"": 128, ""9"": 128, ""10"": 128, ""11"": 128, ""12"": 128, ""13"": 128}",cached_parquet_balanced_pool,generative_nb,
dbpedia_14,128,0.05,symmetric,multinomial_nb,202,1792,2800,14,0.056919642857142856,0.9117857142857143,0.9110865215437035,0.15619397163391113,"{""0"": 128, ""1"": 128, ""2"": 128, ""3"": 128, ""4"": 128, ""5"": 128, ""6"": 128, ""7"": 128, ""8"": 128, ""9"": 128, ""10"": 128, ""11"": 128, ""12"": 128, ""13"": 128}",cached_parquet_balanced_pool,generative_nb,
dbpedia_14,128,0.05,symmetric,multinomial_nb,303,1792,2800,14,0.04966517857142857,0.9028571428571428,0.9016155655844441,0.1551198959350586,"{""0"": 128, ""1"": 128, ""2"": 128, ""3"": 128, ""4"": 128, ""5"": 128, ""6"": 128, ""7"": 128, ""8"": 128, ""9"": 128, ""10"": 128, ""11"": 128, ""12"": 128, ""13"": 128}",cached_parquet_balanced_pool,generative_nb,
dbpedia_14,128,0.05,symmetric,multinomial_nb,404,1792,2800,14,0.05412946428571429,0.8953571428571429,0.8943581916248565,0.15308761596679688,"{""0"": 128, ""1"": 128, ""2"": 128, ""3"": 128, ""4"": 128, ""5"": 128, ""6"": 128, ""7"": 128, ""8"": 128, ""9"": 128, ""10"": 128, ""11"": 128, ""12"": 128, ""13"": 128}",cached_parquet_balanced_pool,generative_nb,
dbpedia_14,128,0.05,symmetric,multinomial_nb,505,1792,2800,14,0.05189732142857143,0.9096428571428572,0.9088801372273938,0.1581881046295166,"{""0"": 128, ""1"": 128, ""2"": 128, ""3"": 128, ""4"": 128, ""5"": 128, ""6"": 128, ""7"": 128, ""8"": 128, ""9"": 128, ""10"": 128, ""11"": 128, ""12"": 128, ""13"": 128}",cached_parquet_balanced_pool,generative_nb,
dbpedia_14,128,0.05,symmetric,linear_svm_hinge,101,1792,2800,14,0.048549107142857144,0.8903571428571428,0.8885101357043286,3.506324529647827,"{""0"": 128, ""1"": 128, ""2"": 128, ""3"": 128, ""4"": 128, ""5"": 128, ""6"": 128, ""7"": 128, ""8"": 128, ""9"": 128, ""10"": 128, ""11"": 128, ""12"": 128, ""13"": 128}",cached_parquet_balanced_pool,linear_margin,
dbpedia_14,128,0.05,symmetric,linear_svm_hinge,202,1792,2800,14,0.056919642857142856,0.4878571428571429,0.5151308771824405,3.59102201461792,"{""0"": 128, ""1"": 128, ""2"": 128, ""3"": 128, ""4"": 128, ""5"": 128, ""6"": 128, ""7"": 128, ""8"": 128, ""9"": 128, ""10"": 128, ""11"": 128, ""12"": 128, ""13"": 128}",cached_parquet_balanced_pool,linear_margin,
dbpedia_14,128,0.05,symmetric,linear_svm_hinge,303,1792,2800,14,0.04966517857142857,0.8775,0.874324061995925,3.4591448307037354,"{""0"": 128, ""1"": 128, ""2"": 128, ""3"": 128, ""4"": 128, ""5"": 128, ""6"": 128, ""7"": 128, ""8"": 128, ""9"": 128, ""10"": 128, ""11"": 128, ""12"": 128, ""13"": 128}",cached_parquet_balanced_pool,linear_margin,
dbpedia_14,128,0.05,symmetric,linear_svm_hinge,404,1792,2800,14,0.05412946428571429,0.8814285714285715,0.8783596135295716,3.6598472595214844,"{""0"": 128, ""1"": 128, ""2"": 128, ""3"": 128, ""4"": 128, ""5"": 128, ""6"": 128, ""7"": 128, ""8"": 128, ""9"": 128, ""10"": 128, ""11"": 128, ""12"": 128, ""13"": 128}",cached_parquet_balanced_pool,linear_margin,
dbpedia_14,128,0.05,symmetric,linear_svm_hinge,505,1792,2800,14,0.05189732142857143,0.8846428571428572,0.8818350031762148,7.0240397453308105,"{""0"": 128, ""1"": 128, ""2"": 128, ""3"": 128, ""4"": 128, ""5"": 128, ""6"": 128, ""7"": 128, ""8"": 128, ""9"": 128, ""10"": 128, ""11"": 128, ""12"": 128, ""13"": 128}",cached_parquet_balanced_pool,linear_margin,
dbpedia_14,128,0.05,symmetric,trimmed_softmax_logreg,101,1792,2800,14,0.048549107142857144,0.8142857142857143,0.8076825297728002,0.9231076240539551,"{""0"": 128, ""1"": 128, ""2"": 128, ""3"": 128, ""4"": 128, ""5"": 128, ""6"": 128, ""7"": 128, ""8"": 128, ""9"": 128, ""10"": 128, ""11"": 128, ""12"": 128, ""13"": 128}",cached_parquet_balanced_pool,bounded_robust_variant,kept_fraction=0.8002
dbpedia_14,128,0.05,symmetric,trimmed_softmax_logreg,202,1792,2800,14,0.056919642857142856,0.7246428571428571,0.6854688657405337,0.9004471302032471,"{""0"": 128, ""1"": 128, ""2"": 128, ""3"": 128, ""4"": 128, ""5"": 128, ""6"": 128, ""7"": 128, ""8"": 128, ""9"": 128, ""10"": 128, ""11"": 128, ""12"": 128, ""13"": 128}",cached_parquet_balanced_pool,bounded_robust_variant,kept_fraction=0.8002
dbpedia_14,128,0.05,symmetric,trimmed_softmax_logreg,303,1792,2800,14,0.04966517857142857,0.7189285714285715,0.6694629487826081,0.8763258457183838,"{""0"": 128, ""1"": 128, ""2"": 128, ""3"": 128, ""4"": 128, ""5"": 128, ""6"": 128, ""7"": 128, ""8"": 128, ""9"": 128, ""10"": 128, ""11"": 128, ""12"": 128, ""13"": 128}",cached_parquet_balanced_pool,bounded_robust_variant,kept_fraction=0.8002
dbpedia_14,128,0.05,symmetric,trimmed_softmax_logreg,404,1792,2800,14,0.05412946428571429,0.7514285714285714,0.7225156769571534,0.9026713371276855,"{""0"": 128, ""1"": 128, ""2"": 128, ""3"": 128, ""4"": 128, ""5"": 128, ""6"": 128, ""7"": 128, ""8"": 128, ""9"": 128, ""10"": 128, ""11"": 128, ""12"": 128, ""13"": 128}",cached_parquet_balanced_pool,bounded_robust_variant,kept_fraction=0.8002
dbpedia_14,128,0.05,symmetric,trimmed_softmax_logreg,505,1792,2800,14,0.05189732142857143,0.7414285714285714,0.7374499936790507,0.9032182693481445,"{""0"": 128, ""1"": 128, ""2"": 128, ""3"": 128, ""4"": 128, ""5"": 128, ""6"": 128, ""7"": 128, ""8"": 128, ""9"": 128, ""10"": 128, ""11"": 128, ""12"": 128, ""13"": 128}",cached_parquet_balanced_pool,bounded_robust_variant,kept_fraction=0.8002
dbpedia_14,128,0.05,class_conditional,softmax_logreg,101,1792,2800,14,0.053013392857142856,0.8953571428571429,0.8932467884843618,0.7630057334899902,"{""0"": 128, ""1"": 128, ""2"": 128, ""3"": 128, ""4"": 128, ""5"": 128, ""6"": 128, ""7"": 128, ""8"": 128, ""9"": 128, ""10"": 128, ""11"": 128, ""12"": 128, ""13"": 128}",cached_parquet_balanced_pool,linear_probabilistic,
dbpedia_14,128,0.05,class_conditional,softmax_logreg,202,1792,2800,14,0.048549107142857144,0.8967857142857143,0.894677464097707,0.7244150638580322,"{""0"": 128, ""1"": 128, ""2"": 128, ""3"": 128, ""4"": 128, ""5"": 128, ""6"": 128, ""7"": 128, ""8"": 128, ""9"": 128, ""10"": 128, ""11"": 128, ""12"": 128, ""13"": 128}",cached_parquet_balanced_pool,linear_probabilistic,
dbpedia_14,128,0.05,class_conditional,softmax_logreg,303,1792,2800,14,0.04743303571428571,0.9039285714285714,0.9020302818494885,0.7518389225006104,"{""0"": 128, ""1"": 128, ""2"": 128, ""3"": 128, ""4"": 128, ""5"": 128, ""6"": 128, ""7"": 128, ""8"": 128, ""9"": 128, ""10"": 128, ""11"": 128, ""12"": 128, ""13"": 128}",cached_parquet_balanced_pool,linear_probabilistic,
dbpedia_14,128,0.05,class_conditional,softmax_logreg,404,1792,2800,14,0.053013392857142856,0.8878571428571429,0.8855670073651675,0.71112060546875,"{""0"": 128, ""1"": 128, ""2"": 128, ""3"": 128, ""4"": 128, ""5"": 128, ""6"": 128, ""7"": 128, ""8"": 128, ""9"": 128, ""10"": 128, ""11"": 128, ""12"": 128, ""13"": 128}",cached_parquet_balanced_pool,linear_probabilistic,
dbpedia_14,128,0.05,class_conditional,softmax_logreg,505,1792,2800,14,0.05133928571428571,0.8914285714285715,0.8882473470126231,0.733405590057373,"{""0"": 128, ""1"": 128, ""2"": 128, ""3"": 128, ""4"": 128, ""5"": 128, ""6"": 128, ""7"": 128, ""8"": 128, ""9"": 128, ""10"": 128, ""11"": 128, ""12"": 128, ""13"": 128}",cached_parquet_balanced_pool,linear_probabilistic,
dbpedia_14,128,0.05,class_conditional,multinomial_nb,101,1792,2800,14,0.053013392857142856,0.8992857142857142,0.8981332754659743,0.1552717685699463,"{""0"": 128, ""1"": 128, ""2"": 128, ""3"": 128, ""4"": 128, ""5"": 128, ""6"": 128, ""7"": 128, ""8"": 128, ""9"": 128, ""10"": 128, ""11"": 128, ""12"": 128, ""13"": 128}",cached_parquet_balanced_pool,generative_nb,
dbpedia_14,128,0.05,class_conditional,multinomial_nb,202,1792,2800,14,0.048549107142857144,0.9125,0.9118689305965997,0.15252041816711426,"{""0"": 128, ""1"": 128, ""2"": 128, ""3"": 128, ""4"": 128, ""5"": 128, ""6"": 128, ""7"": 128, ""8"": 128, ""9"": 128, ""10"": 128, ""11"": 128, ""12"": 128, ""13"": 128}",cached_parquet_balanced_pool,generative_nb,
dbpedia_14,128,0.05,class_conditional,multinomial_nb,303,1792,2800,14,0.04743303571428571,0.9060714285714285,0.9050410849367067,0.15801072120666504,"{""0"": 128, ""1"": 128, ""2"": 128, ""3"": 128, ""4"": 128, ""5"": 128, ""6"": 128, ""7"": 128, ""8"": 128, ""9"": 128, ""10"": 128, ""11"": 128, ""12"": 128, ""13"": 128}",cached_parquet_balanced_pool,generative_nb,
dbpedia_14,128,0.05,class_conditional,multinomial_nb,404,1792,2800,14,0.053013392857142856,0.8910714285714286,0.8898402301027455,0.1480865478515625,"{""0"": 128, ""1"": 128, ""2"": 128, ""3"": 128, ""4"": 128, ""5"": 128, ""6"": 128, ""7"": 128, ""8"": 128, ""9"": 128, ""10"": 128, ""11"": 128, ""12"": 128, ""13"": 128}",cached_parquet_balanced_pool,generative_nb,
dbpedia_14,128,0.05,class_conditional,multinomial_nb,505,1792,2800,14,0.05133928571428571,0.9025,0.90143665594992,0.1545267105102539,"{""0"": 128, ""1"": 128, ""2"": 128, ""3"": 128, ""4"": 128, ""5"": 128, ""6"": 128, ""7"": 128, ""8"": 128, ""9"": 128, ""10"": 128, ""11"": 128, ""12"": 128, ""13"": 128}",cached_parquet_balanced_pool,generative_nb,
dbpedia_14,128,0.05,class_conditional,linear_svm_hinge,101,1792,2800,14,0.053013392857142856,0.4775,0.5084872692001705,3.5338683128356934,"{""0"": 128, ""1"": 128, ""2"": 128, ""3"": 128, ""4"": 128, ""5"": 128, ""6"": 128, ""7"": 128, ""8"": 128, ""9"": 128, ""10"": 128, ""11"": 128, ""12"": 128, ""13"": 128}",cached_parquet_balanced_pool,linear_margin,
dbpedia_14,128,0.05,class_conditional,linear_svm_hinge,202,1792,2800,14,0.048549107142857144,0.8785714285714286,0.8748413521171742,3.5394742488861084,"{""0"": 128, ""1"": 128, ""2"": 128, ""3"": 128, ""4"": 128, ""5"": 128, ""6"": 128, ""7"": 128, ""8"": 128, ""9"": 128, ""10"": 128, ""11"": 128, ""12"": 128, ""13"": 128}",cached_parquet_balanced_pool,linear_margin,
dbpedia_14,128,0.05,class_conditional,linear_svm_hinge,303,1792,2800,14,0.04743303571428571,0.8807142857142857,0.8773894902349936,3.513836145401001,"{""0"": 128, ""1"": 128, ""2"": 128, ""3"": 128, ""4"": 128, ""5"": 128, ""6"": 128, ""7"": 128, ""8"": 128, ""9"": 128, ""10"": 128, ""11"": 128, ""12"": 128, ""13"": 128}",cached_parquet_balanced_pool,linear_margin,
dbpedia_14,128,0.05,class_conditional,linear_svm_hinge,404,1792,2800,14,0.053013392857142856,0.8660714285714286,0.8612227149018645,3.5128397941589355,"{""0"": 128, ""1"": 128, ""2"": 128, ""3"": 128, ""4"": 128, ""5"": 128, ""6"": 128, ""7"": 128, ""8"": 128, ""9"": 128, ""10"": 128, ""11"": 128, ""12"": 128, ""13"": 128}",cached_parquet_balanced_pool,linear_margin,
dbpedia_14,128,0.05,class_conditional,linear_svm_hinge,505,1792,2800,14,0.05133928571428571,0.87,0.8653642554605018,3.6013784408569336,"{""0"": 128, ""1"": 128, ""2"": 128, ""3"": 128, ""4"": 128, ""5"": 128, ""6"": 128, ""7"": 128, ""8"": 128, ""9"": 128, ""10"": 128, ""11"": 128, ""12"": 128, ""13"": 128}",cached_parquet_balanced_pool,linear_margin,
dbpedia_14,128,0.05,class_conditional,trimmed_softmax_logreg,101,1792,2800,14,0.053013392857142856,0.7385714285714285,0.7174987602724439,0.9155199527740479,"{""0"": 128, ""1"": 128, ""2"": 128, ""3"": 128, ""4"": 128, ""5"": 128, ""6"": 128, ""7"": 128, ""8"": 128, ""9"": 128, ""10"": 128, ""11"": 128, ""12"": 128, ""13"": 128}",cached_parquet_balanced_pool,bounded_robust_variant,kept_fraction=0.8002
dbpedia_14,128,0.05,class_conditional,trimmed_softmax_logreg,202,1792,2800,14,0.048549107142857144,0.7471428571428571,0.7248620461360625,0.9311656951904297,"{""0"": 128, ""1"": 128, ""2"": 128, ""3"": 128, ""4"": 128, ""5"": 128, ""6"": 128, ""7"": 128, ""8"": 128, ""9"": 128, ""10"": 128, ""11"": 128, ""12"": 128, ""13"": 128}",cached_parquet_balanced_pool,bounded_robust_variant,kept_fraction=0.8002
dbpedia_14,128,0.05,class_conditional,trimmed_softmax_logreg,303,1792,2800,14,0.04743303571428571,0.7153571428571428,0.661976343619074,4.30050802230835,"{""0"": 128, ""1"": 128, ""2"": 128, ""3"": 128, ""4"": 128, ""5"": 128, ""6"": 128, ""7"": 128, ""8"": 128, ""9"": 128, ""10"": 128, ""11"": 128, ""12"": 128, ""13"": 128}",cached_parquet_balanced_pool,bounded_robust_variant,kept_fraction=0.8002
dbpedia_14,128,0.05,class_conditional,trimmed_softmax_logreg,404,1792,2800,14,0.053013392857142856,0.7328571428571429,0.6838946921403194,0.9423718452453613,"{""0"": 128, ""1"": 128, ""2"": 128, ""3"": 128, ""4"": 128, ""5"": 128, ""6"": 128, ""7"": 128, ""8"": 128, ""9"": 128, ""10"": 128, ""11"": 128, ""12"": 128, ""13"": 128}",cached_parquet_balanced_pool,bounded_robust_variant,kept_fraction=0.8002
dbpedia_14,128,0.05,class_conditional,trimmed_softmax_logreg,505,1792,2800,14,0.05133928571428571,0.7028571428571428,0.6919336211125524,0.9266595840454102,"{""0"": 128, ""1"": 128, ""2"": 128, ""3"": 128, ""4"": 128, ""5"": 128, ""6"": 128, ""7"": 128, ""8"": 128, ""9"": 128, ""10"": 128, ""11"": 128, ""12"": 128, ""13"": 128}",cached_parquet_balanced_pool,bounded_robust_variant,kept_fraction=0.8002
dbpedia_14,128,0.1,symmetric,softmax_logreg,101,1792,2800,14,0.10435267857142858,0.8985714285714286,0.8971866303535795,0.8067326545715332,"{""0"": 128, ""1"": 128, ""2"": 128, ""3"": 128, ""4"": 128, ""5"": 128, ""6"": 128, ""7"": 128, ""8"": 128, ""9"": 128, ""10"": 128, ""11"": 128, ""12"": 128, ""13"": 128}",cached_parquet_balanced_pool,linear_probabilistic,
dbpedia_14,128,0.1,symmetric,softmax_logreg,202,1792,2800,14,0.09988839285714286,0.8907142857142857,0.8896672528764097,0.7771975994110107,"{""0"": 128, ""1"": 128, ""2"": 128, ""3"": 128, ""4"": 128, ""5"": 128, ""6"": 128, ""7"": 128, ""8"": 128, ""9"": 128, ""10"": 128, ""11"": 128, ""12"": 128, ""13"": 128}",cached_parquet_balanced_pool,linear_probabilistic,
dbpedia_14,128,0.1,symmetric,softmax_logreg,303,1792,2800,14,0.09486607142857142,0.9035714285714286,0.9026725411032529,0.819441556930542,"{""0"": 128, ""1"": 128, ""2"": 128, ""3"": 128, ""4"": 128, ""5"": 128, ""6"": 128, ""7"": 128, ""8"": 128, ""9"": 128, ""10"": 128, ""11"": 128, ""12"": 128, ""13"": 128}",cached_parquet_balanced_pool,linear_probabilistic,
dbpedia_14,128,0.1,symmetric,softmax_logreg,404,1792,2800,14,0.10825892857142858,0.8864285714285715,0.8859218142568733,0.7832283973693848,"{""0"": 128, ""1"": 128, ""2"": 128, ""3"": 128, ""4"": 128, ""5"": 128, ""6"": 128, ""7"": 128, ""8"": 128, ""9"": 128, ""10"": 128, ""11"": 128, ""12"": 128, ""13"": 128}",cached_parquet_balanced_pool,linear_probabilistic,
dbpedia_14,128,0.1,symmetric,softmax_logreg,505,1792,2800,14,0.09988839285714286,0.8771428571428571,0.8762551309519132,0.7136468887329102,"{""0"": 128, ""1"": 128, ""2"": 128, ""3"": 128, ""4"": 128, ""5"": 128, ""6"": 128, ""7"": 128, ""8"": 128, ""9"": 128, ""10"": 128, ""11"": 128, ""12"": 128, ""13"": 128}",cached_parquet_balanced_pool,linear_probabilistic,
dbpedia_14,128,0.1,symmetric,multinomial_nb,101,1792,2800,14,0.10435267857142858,0.8975,0.8963026087181901,0.16126298904418945,"{""0"": 128, ""1"": 128, ""2"": 128, ""3"": 128, ""4"": 128, ""5"": 128, ""6"": 128, ""7"": 128, ""8"": 128, ""9"": 128, ""10"": 128, ""11"": 128, ""12"": 128, ""13"": 128}",cached_parquet_balanced_pool,generative_nb,
dbpedia_14,128,0.1,symmetric,multinomial_nb,202,1792,2800,14,0.09988839285714286,0.9107142857142857,0.9099611399337627,0.15626239776611328,"{""0"": 128, ""1"": 128, ""2"": 128, ""3"": 128, ""4"": 128, ""5"": 128, ""6"": 128, ""7"": 128, ""8"": 128, ""9"": 128, ""10"": 128, ""11"": 128, ""12"": 128, ""13"": 128}",cached_parquet_balanced_pool,generative_nb,
dbpedia_14,128,0.1,symmetric,multinomial_nb,303,1792,2800,14,0.09486607142857142,0.905,0.9040870450316322,0.1613917350769043,"{""0"": 128, ""1"": 128, ""2"": 128, ""3"": 128, ""4"": 128, ""5"": 128, ""6"": 128, ""7"": 128, ""8"": 128, ""9"": 128, ""10"": 128, ""11"": 128, ""12"": 128, ""13"": 128}",cached_parquet_balanced_pool,generative_nb,
dbpedia_14,128,0.1,symmetric,multinomial_nb,404,1792,2800,14,0.10825892857142858,0.8917857142857143,0.8905071314840879,0.152374267578125,"{""0"": 128, ""1"": 128, ""2"": 128, ""3"": 128, ""4"": 128, ""5"": 128, ""6"": 128, ""7"": 128, ""8"": 128, ""9"": 128, ""10"": 128, ""11"": 128, ""12"": 128, ""13"": 128}",cached_parquet_balanced_pool,generative_nb,
dbpedia_14,128,0.1,symmetric,multinomial_nb,505,1792,2800,14,0.09988839285714286,0.905,0.9040270715741777,0.15766072273254395,"{""0"": 128, ""1"": 128, ""2"": 128, ""3"": 128, ""4"": 128, ""5"": 128, ""6"": 128, ""7"": 128, ""8"": 128, ""9"": 128, ""10"": 128, ""11"": 128, ""12"": 128, ""13"": 128}",cached_parquet_balanced_pool,generative_nb,
dbpedia_14,128,0.1,symmetric,linear_svm_hinge,101,1792,2800,14,0.10435267857142858,0.8853571428571428,0.8828075360047577,3.6718344688415527,"{""0"": 128, ""1"": 128, ""2"": 128, ""3"": 128, ""4"": 128, ""5"": 128, ""6"": 128, ""7"": 128, ""8"": 128, ""9"": 128, ""10"": 128, ""11"": 128, ""12"": 128, ""13"": 128}",cached_parquet_balanced_pool,linear_margin,
dbpedia_14,128,0.1,symmetric,linear_svm_hinge,202,1792,2800,14,0.09988839285714286,0.8757142857142857,0.8725514195774454,3.458871603012085,"{""0"": 128, ""1"": 128, ""2"": 128, ""3"": 128, ""4"": 128, ""5"": 128, ""6"": 128, ""7"": 128, ""8"": 128, ""9"": 128, ""10"": 128, ""11"": 128, ""12"": 128, ""13"": 128}",cached_parquet_balanced_pool,linear_margin,
dbpedia_14,128,0.1,symmetric,linear_svm_hinge,303,1792,2800,14,0.09486607142857142,0.8857142857142857,0.8833029520366413,3.535679340362549,"{""0"": 128, ""1"": 128, ""2"": 128, ""3"": 128, ""4"": 128, ""5"": 128, ""6"": 128, ""7"": 128, ""8"": 128, ""9"": 128, ""10"": 128, ""11"": 128, ""12"": 128, ""13"": 128}",cached_parquet_balanced_pool,linear_margin,
dbpedia_14,128,0.1,symmetric,linear_svm_hinge,404,1792,2800,14,0.10825892857142858,0.88,0.877151131584293,3.559220790863037,"{""0"": 128, ""1"": 128, ""2"": 128, ""3"": 128, ""4"": 128, ""5"": 128, ""6"": 128, ""7"": 128, ""8"": 128, ""9"": 128, ""10"": 128, ""11"": 128, ""12"": 128, ""13"": 128}",cached_parquet_balanced_pool,linear_margin,
dbpedia_14,128,0.1,symmetric,linear_svm_hinge,505,1792,2800,14,0.09988839285714286,0.8792857142857143,0.8766480092485722,3.7188918590545654,"{""0"": 128, ""1"": 128, ""2"": 128, ""3"": 128, ""4"": 128, ""5"": 128, ""6"": 128, ""7"": 128, ""8"": 128, ""9"": 128, ""10"": 128, ""11"": 128, ""12"": 128, ""13"": 128}",cached_parquet_balanced_pool,linear_margin,
dbpedia_14,128,0.1,symmetric,trimmed_softmax_logreg,101,1792,2800,14,0.10435267857142858,0.7528571428571429,0.7210502570438323,0.8910224437713623,"{""0"": 128, ""1"": 128, ""2"": 128, ""3"": 128, ""4"": 128, ""5"": 128, ""6"": 128, ""7"": 128, ""8"": 128, ""9"": 128, ""10"": 128, ""11"": 128, ""12"": 128, ""13"": 128}",cached_parquet_balanced_pool,bounded_robust_variant,kept_fraction=0.8002
dbpedia_14,128,0.1,symmetric,trimmed_softmax_logreg,202,1792,2800,14,0.09988839285714286,0.7185714285714285,0.7027928964926919,0.885040283203125,"{""0"": 128, ""1"": 128, ""2"": 128, ""3"": 128, ""4"": 128, ""5"": 128, ""6"": 128, ""7"": 128, ""8"": 128, ""9"": 128, ""10"": 128, ""11"": 128, ""12"": 128, ""13"": 128}",cached_parquet_balanced_pool,bounded_robust_variant,kept_fraction=0.8002
dbpedia_14,128,0.1,symmetric,trimmed_softmax_logreg,303,1792,2800,14,0.09486607142857142,0.7921428571428571,0.7589296117612628,0.9772655963897705,"{""0"": 128, ""1"": 128, ""2"": 128, ""3"": 128, ""4"": 128, ""5"": 128, ""6"": 128, ""7"": 128, ""8"": 128, ""9"": 128, ""10"": 128, ""11"": 128, ""12"": 128, ""13"": 128}",cached_parquet_balanced_pool,bounded_robust_variant,kept_fraction=0.8002
dbpedia_14,128,0.1,symmetric,trimmed_softmax_logreg,404,1792,2800,14,0.10825892857142858,0.7721428571428571,0.756484314494796,0.9440135955810547,"{""0"": 128, ""1"": 128, ""2"": 128, ""3"": 128, ""4"": 128, ""5"": 128, ""6"": 128, ""7"": 128, ""8"": 128, ""9"": 128, ""10"": 128, ""11"": 128, ""12"": 128, ""13"": 128}",cached_parquet_balanced_pool,bounded_robust_variant,kept_fraction=0.8002
dbpedia_14,128,0.1,symmetric,trimmed_softmax_logreg,505,1792,2800,14,0.09988839285714286,0.7378571428571429,0.7176144889846915,0.9112687110900879,"{""0"": 128, ""1"": 128, ""2"": 128, ""3"": 128, ""4"": 128, ""5"": 128, ""6"": 128, ""7"": 128, ""8"": 128, ""9"": 128, ""10"": 128, ""11"": 128, ""12"": 128, ""13"": 128}",cached_parquet_balanced_pool,bounded_robust_variant,kept_fraction=0.8002
dbpedia_14,128,0.1,class_conditional,softmax_logreg,101,1792,2800,14,0.10546875,0.8625,0.8605940450225116,0.7817192077636719,"{""0"": 128, ""1"": 128, ""2"": 128, ""3"": 128, ""4"": 128, ""5"": 128, ""6"": 128, ""7"": 128, ""8"": 128, ""9"": 128, ""10"": 128, ""11"": 128, ""12"": 128, ""13"": 128}",cached_parquet_balanced_pool,linear_probabilistic,
dbpedia_14,128,0.1,class_conditional,softmax_logreg,202,1792,2800,14,0.09430803571428571,0.8928571428571429,0.8907480219942399,0.8075160980224609,"{""0"": 128, ""1"": 128, ""2"": 128, ""3"": 128, ""4"": 128, ""5"": 128, ""6"": 128, ""7"": 128, ""8"": 128, ""9"": 128, ""10"": 128, ""11"": 128, ""12"": 128, ""13"": 128}",cached_parquet_balanced_pool,linear_probabilistic,
dbpedia_14,128,0.1,class_conditional,softmax_logreg,303,1792,2800,14,0.10881696428571429,0.8853571428571428,0.8828292742385362,0.7621383666992188,"{""0"": 128, ""1"": 128, ""2"": 128, ""3"": 128, ""4"": 128, ""5"": 128, ""6"": 128, ""7"": 128, ""8"": 128, ""9"": 128, ""10"": 128, ""11"": 128, ""12"": 128, ""13"": 128}",cached_parquet_balanced_pool,linear_probabilistic,
dbpedia_14,128,0.1,class_conditional,softmax_logreg,404,1792,2800,14,0.10435267857142858,0.8503571428571428,0.84413008977756,3.391420364379883,"{""0"": 128, ""1"": 128, ""2"": 128, ""3"": 128, ""4"": 128, ""5"": 128, ""6"": 128, ""7"": 128, ""8"": 128, ""9"": 128, ""10"": 128, ""11"": 128, ""12"": 128, ""13"": 128}",cached_parquet_balanced_pool,linear_probabilistic,
dbpedia_14,128,0.1,class_conditional,softmax_logreg,505,1792,2800,14,0.10323660714285714,0.8635714285714285,0.8569602410209682,0.7387793064117432,"{""0"": 128, ""1"": 128, ""2"": 128, ""3"": 128, ""4"": 128, ""5"": 128, ""6"": 128, ""7"": 128, ""8"": 128, ""9"": 128, ""10"": 128, ""11"": 128, ""12"": 128, ""13"": 128}",cached_parquet_balanced_pool,linear_probabilistic,
dbpedia_14,128,0.1,class_conditional,multinomial_nb,101,1792,2800,14,0.10546875,0.8914285714285715,0.890232895077155,0.16139554977416992,"{""0"": 128, ""1"": 128, ""2"": 128, ""3"": 128, ""4"": 128, ""5"": 128, ""6"": 128, ""7"": 128, ""8"": 128, ""9"": 128, ""10"": 128, ""11"": 128, ""12"": 128, ""13"": 128}",cached_parquet_balanced_pool,generative_nb,
dbpedia_14,128,0.1,class_conditional,multinomial_nb,202,1792,2800,14,0.09430803571428571,0.9028571428571428,0.9022372009179163,0.15353822708129883,"{""0"": 128, ""1"": 128, ""2"": 128, ""3"": 128, ""4"": 128, ""5"": 128, ""6"": 128, ""7"": 128, ""8"": 128, ""9"": 128, ""10"": 128, ""11"": 128, ""12"": 128, ""13"": 128}",cached_parquet_balanced_pool,generative_nb,
dbpedia_14,128,0.1,class_conditional,multinomial_nb,303,1792,2800,14,0.10881696428571429,0.8917857142857143,0.8899900399421917,0.17738628387451172,"{""0"": 128, ""1"": 128, ""2"": 128, ""3"": 128, ""4"": 128, ""5"": 128, ""6"": 128, ""7"": 128, ""8"": 128, ""9"": 128, ""10"": 128, ""11"": 128, ""12"": 128, ""13"": 128}",cached_parquet_balanced_pool,generative_nb,
dbpedia_14,128,0.1,class_conditional,multinomial_nb,404,1792,2800,14,0.10435267857142858,0.8810714285714286,0.8797829580466814,0.15186166763305664,"{""0"": 128, ""1"": 128, ""2"": 128, ""3"": 128, ""4"": 128, ""5"": 128, ""6"": 128, ""7"": 128, ""8"": 128, ""9"": 128, ""10"": 128, ""11"": 128, ""12"": 128, ""13"": 128}",cached_parquet_balanced_pool,generative_nb,
dbpedia_14,128,0.1,class_conditional,multinomial_nb,505,1792,2800,14,0.10323660714285714,0.8935714285714286,0.8922073522594872,0.15749907493591309,"{""0"": 128, ""1"": 128, ""2"": 128, ""3"": 128, ""4"": 128, ""5"": 128, ""6"": 128, ""7"": 128, ""8"": 128, ""9"": 128, ""10"": 128, ""11"": 128, ""12"": 128, ""13"": 128}",cached_parquet_balanced_pool,generative_nb,
dbpedia_14,128,0.1,class_conditional,linear_svm_hinge,101,1792,2800,14,0.10546875,0.8621428571428571,0.8575953227258338,3.608137607574463,"{""0"": 128, ""1"": 128, ""2"": 128, ""3"": 128, ""4"": 128, ""5"": 128, ""6"": 128, ""7"": 128, ""8"": 128, ""9"": 128, ""10"": 128, ""11"": 128, ""12"": 128, ""13"": 128}",cached_parquet_balanced_pool,linear_margin,
dbpedia_14,128,0.1,class_conditional,linear_svm_hinge,202,1792,2800,14,0.09430803571428571,0.8782142857142857,0.8753378835933799,3.5351476669311523,"{""0"": 128, ""1"": 128, ""2"": 128, ""3"": 128, ""4"": 128, ""5"": 128, ""6"": 128, ""7"": 128, ""8"": 128, ""9"": 128, ""10"": 128, ""11"": 128, ""12"": 128, ""13"": 128}",cached_parquet_balanced_pool,linear_margin,
dbpedia_14,128,0.1,class_conditional,linear_svm_hinge,303,1792,2800,14,0.10881696428571429,0.8664285714285714,0.8618940454701874,3.5021045207977295,"{""0"": 128, ""1"": 128, ""2"": 128, ""3"": 128, ""4"": 128, ""5"": 128, ""6"": 128, ""7"": 128, ""8"": 128, ""9"": 128, ""10"": 128, ""11"": 128, ""12"": 128, ""13"": 128}",cached_parquet_balanced_pool,linear_margin,
dbpedia_14,128,0.1,class_conditional,linear_svm_hinge,404,1792,2800,14,0.10435267857142858,0.44285714285714284,0.4677952217113835,3.5748860836029053,"{""0"": 128, ""1"": 128, ""2"": 128, ""3"": 128, ""4"": 128, ""5"": 128, ""6"": 128, ""7"": 128, ""8"": 128, ""9"": 128, ""10"": 128, ""11"": 128, ""12"": 128, ""13"": 128}",cached_parquet_balanced_pool,linear_margin,
dbpedia_14,128,0.1,class_conditional,linear_svm_hinge,505,1792,2800,14,0.10323660714285714,0.8592857142857143,0.8523198949711049,3.6768953800201416,"{""0"": 128, ""1"": 128, ""2"": 128, ""3"": 128, ""4"": 128, ""5"": 128, ""6"": 128, ""7"": 128, ""8"": 128, ""9"": 128, ""10"": 128, ""11"": 128, ""12"": 128, ""13"": 128}",cached_parquet_balanced_pool,linear_margin,
dbpedia_14,128,0.1,class_conditional,trimmed_softmax_logreg,101,1792,2800,14,0.10546875,0.6807142857142857,0.6494762594876076,0.8929955959320068,"{""0"": 128, ""1"": 128, ""2"": 128, ""3"": 128, ""4"": 128, ""5"": 128, ""6"": 128, ""7"": 128, ""8"": 128, ""9"": 128, ""10"": 128, ""11"": 128, ""12"": 128, ""13"": 128}",cached_parquet_balanced_pool,bounded_robust_variant,kept_fraction=0.8002
dbpedia_14,128,0.1,class_conditional,trimmed_softmax_logreg,202,1792,2800,14,0.09430803571428571,0.7628571428571429,0.7405254285169346,0.9714322090148926,"{""0"": 128, ""1"": 128, ""2"": 128, ""3"": 128, ""4"": 128, ""5"": 128, ""6"": 128, ""7"": 128, ""8"": 128, ""9"": 128, ""10"": 128, ""11"": 128, ""12"": 128, ""13"": 128}",cached_parquet_balanced_pool,bounded_robust_variant,kept_fraction=0.8002
dbpedia_14,128,0.1,class_conditional,trimmed_softmax_logreg,303,1792,2800,14,0.10881696428571429,0.7035714285714286,0.6386210617417513,0.9224538803100586,"{""0"": 128, ""1"": 128, ""2"": 128, ""3"": 128, ""4"": 128, ""5"": 128, ""6"": 128, ""7"": 128, ""8"": 128, ""9"": 128, ""10"": 128, ""11"": 128, ""12"": 128, ""13"": 128}",cached_parquet_balanced_pool,bounded_robust_variant,kept_fraction=0.8002
dbpedia_14,128,0.1,class_conditional,trimmed_softmax_logreg,404,1792,2800,14,0.10435267857142858,0.6839285714285714,0.6352900046375762,0.8952832221984863,"{""0"": 128, ""1"": 128, ""2"": 128, ""3"": 128, ""4"": 128, ""5"": 128, ""6"": 128, ""7"": 128, ""8"": 128, ""9"": 128, ""10"": 128, ""11"": 128, ""12"": 128, ""13"": 128}",cached_parquet_balanced_pool,bounded_robust_variant,kept_fraction=0.8002
dbpedia_14,128,0.1,class_conditional,trimmed_softmax_logreg,505,1792,2800,14,0.10323660714285714,0.6853571428571429,0.64961842066487,0.9405157566070557,"{""0"": 128, ""1"": 128, ""2"": 128, ""3"": 128, ""4"": 128, ""5"": 128, ""6"": 128, ""7"": 128, ""8"": 128, ""9"": 128, ""10"": 128, ""11"": 128, ""12"": 128, ""13"": 128}",cached_parquet_balanced_pool,bounded_robust_variant,kept_fraction=0.8002
dbpedia_14,128,0.2,symmetric,softmax_logreg,101,1792,2800,14,0.19363839285714285,0.8817857142857143,0.8813813622815303,0.792917013168335,"{""0"": 128, ""1"": 128, ""2"": 128, ""3"": 128, ""4"": 128, ""5"": 128, ""6"": 128, ""7"": 128, ""8"": 128, ""9"": 128, ""10"": 128, ""11"": 128, ""12"": 128, ""13"": 128}",cached_parquet_balanced_pool,linear_probabilistic,
dbpedia_14,128,0.2,symmetric,softmax_logreg,202,1792,2800,14,0.19308035714285715,0.8603571428571428,0.8533325153064882,0.7618951797485352,"{""0"": 128, ""1"": 128, ""2"": 128, ""3"": 128, ""4"": 128, ""5"": 128, ""6"": 128, ""7"": 128, ""8"": 128, ""9"": 128, ""10"": 128, ""11"": 128, ""12"": 128, ""13"": 128}",cached_parquet_balanced_pool,linear_probabilistic,
dbpedia_14,128,0.2,symmetric,softmax_logreg,303,1792,2800,14,0.20535714285714285,0.8685714285714285,0.8616899424886257,0.7610681056976318,"{""0"": 128, ""1"": 128, ""2"": 128, ""3"": 128, ""4"": 128, ""5"": 128, ""6"": 128, ""7"": 128, ""8"": 128, ""9"": 128, ""10"": 128, ""11"": 128, ""12"": 128, ""13"": 128}",cached_parquet_balanced_pool,linear_probabilistic,
dbpedia_14,128,0.2,symmetric,softmax_logreg,404,1792,2800,14,0.203125,0.8685714285714285,0.8671594991528874,0.7878694534301758,"{""0"": 128, ""1"": 128, ""2"": 128, ""3"": 128, ""4"": 128, ""5"": 128, ""6"": 128, ""7"": 128, ""8"": 128, ""9"": 128, ""10"": 128, ""11"": 128, ""12"": 128, ""13"": 128}",cached_parquet_balanced_pool,linear_probabilistic,
dbpedia_14,128,0.2,symmetric,softmax_logreg,505,1792,2800,14,0.21037946428571427,0.8546428571428571,0.845778042293566,0.7524487972259521,"{""0"": 128, ""1"": 128, ""2"": 128, ""3"": 128, ""4"": 128, ""5"": 128, ""6"": 128, ""7"": 128, ""8"": 128, ""9"": 128, ""10"": 128, ""11"": 128, ""12"": 128, ""13"": 128}",cached_parquet_balanced_pool,linear_probabilistic,
dbpedia_14,128,0.2,symmetric,multinomial_nb,101,1792,2800,14,0.19363839285714285,0.8832142857142857,0.8821612248906966,0.1559276580810547,"{""0"": 128, ""1"": 128, ""2"": 128, ""3"": 128, ""4"": 128, ""5"": 128, ""6"": 128, ""7"": 128, ""8"": 128, ""9"": 128, ""10"": 128, ""11"": 128, ""12"": 128, ""13"": 128}",cached_parquet_balanced_pool,generative_nb,
dbpedia_14,128,0.2,symmetric,multinomial_nb,202,1792,2800,14,0.19308035714285715,0.8996428571428572,0.8982839028928741,0.15347528457641602,"{""0"": 128, ""1"": 128, ""2"": 128, ""3"": 128, ""4"": 128, ""5"": 128, ""6"": 128, ""7"": 128, ""8"": 128, ""9"": 128, ""10"": 128, ""11"": 128, ""12"": 128, ""13"": 128}",cached_parquet_balanced_pool,generative_nb,
dbpedia_14,128,0.2,symmetric,multinomial_nb,303,1792,2800,14,0.20535714285714285,0.8878571428571429,0.8858124175855339,0.1663672924041748,"{""0"": 128, ""1"": 128, ""2"": 128, ""3"": 128, ""4"": 128, ""5"": 128, ""6"": 128, ""7"": 128, ""8"": 128, ""9"": 128, ""10"": 128, ""11"": 128, ""12"": 128, ""13"": 128}",cached_parquet_balanced_pool,generative_nb,
dbpedia_14,128,0.2,symmetric,multinomial_nb,404,1792,2800,14,0.203125,0.8846428571428572,0.8837172439323216,0.14969491958618164,"{""0"": 128, ""1"": 128, ""2"": 128, ""3"": 128, ""4"": 128, ""5"": 128, ""6"": 128, ""7"": 128, ""8"": 128, ""9"": 128, ""10"": 128, ""11"": 128, ""12"": 128, ""13"": 128}",cached_parquet_balanced_pool,generative_nb,
dbpedia_14,128,0.2,symmetric,multinomial_nb,505,1792,2800,14,0.21037946428571427,0.8946428571428572,0.8930860433364083,0.1624305248260498,"{""0"": 128, ""1"": 128, ""2"": 128, ""3"": 128, ""4"": 128, ""5"": 128, ""6"": 128, ""7"": 128, ""8"": 128, ""9"": 128, ""10"": 128, ""11"": 128, ""12"": 128, ""13"": 128}",cached_parquet_balanced_pool,generative_nb,
dbpedia_14,128,0.2,symmetric,linear_svm_hinge,101,1792,2800,14,0.19363839285714285,0.3975,0.43654136789401365,6.4521565437316895,"{""0"": 128, ""1"": 128, ""2"": 128, ""3"": 128, ""4"": 128, ""5"": 128, ""6"": 128, ""7"": 128, ""8"": 128, ""9"": 128, ""10"": 128, ""11"": 128, ""12"": 128, ""13"": 128}",cached_parquet_balanced_pool,linear_margin,
dbpedia_14,128,0.2,symmetric,linear_svm_hinge,202,1792,2800,14,0.19308035714285715,0.87,0.8656172309143886,3.543776273727417,"{""0"": 128, ""1"": 128, ""2"": 128, ""3"": 128, ""4"": 128, ""5"": 128, ""6"": 128, ""7"": 128, ""8"": 128, ""9"": 128, ""10"": 128, ""11"": 128, ""12"": 128, ""13"": 128}",cached_parquet_balanced_pool,linear_margin,
dbpedia_14,128,0.2,symmetric,linear_svm_hinge,303,1792,2800,14,0.20535714285714285,0.8689285714285714,0.8641095553702157,3.4601612091064453,"{""0"": 128, ""1"": 128, ""2"": 128, ""3"": 128, ""4"": 128, ""5"": 128, ""6"": 128, ""7"": 128, ""8"": 128, ""9"": 128, ""10"": 128, ""11"": 128, ""12"": 128, ""13"": 128}",cached_parquet_balanced_pool,linear_margin,
dbpedia_14,128,0.2,symmetric,linear_svm_hinge,404,1792,2800,14,0.203125,0.8757142857142857,0.8744130946170154,3.5929114818573,"{""0"": 128, ""1"": 128, ""2"": 128, ""3"": 128, ""4"": 128, ""5"": 128, ""6"": 128, ""7"": 128, ""8"": 128, ""9"": 128, ""10"": 128, ""11"": 128, ""12"": 128, ""13"": 128}",cached_parquet_balanced_pool,linear_margin,
dbpedia_14,128,0.2,symmetric,linear_svm_hinge,505,1792,2800,14,0.21037946428571427,0.8582142857142857,0.8534288942001442,3.6730241775512695,"{""0"": 128, ""1"": 128, ""2"": 128, ""3"": 128, ""4"": 128, ""5"": 128, ""6"": 128, ""7"": 128, ""8"": 128, ""9"": 128, ""10"": 128, ""11"": 128, ""12"": 128, ""13"": 128}",cached_parquet_balanced_pool,linear_margin,
dbpedia_14,128,0.2,symmetric,trimmed_softmax_logreg,101,1792,2800,14,0.19363839285714285,0.8175,0.8229194338946891,0.9773709774017334,"{""0"": 128, ""1"": 128, ""2"": 128, ""3"": 128, ""4"": 128, ""5"": 128, ""6"": 128, ""7"": 128, ""8"": 128, ""9"": 128, ""10"": 128, ""11"": 128, ""12"": 128, ""13"": 128}",cached_parquet_balanced_pool,bounded_robust_variant,kept_fraction=0.8002
dbpedia_14,128,0.2,symmetric,trimmed_softmax_logreg,202,1792,2800,14,0.19308035714285715,0.7546428571428572,0.7065180339490293,0.8935108184814453,"{""0"": 128, ""1"": 128, ""2"": 128, ""3"": 128, ""4"": 128, ""5"": 128, ""6"": 128, ""7"": 128, ""8"": 128, ""9"": 128, ""10"": 128, ""11"": 128, ""12"": 128, ""13"": 128}",cached_parquet_balanced_pool,bounded_robust_variant,kept_fraction=0.8002
dbpedia_14,128,0.2,symmetric,trimmed_softmax_logreg,303,1792,2800,14,0.20535714285714285,0.7639285714285714,0.7196378353468119,0.8913383483886719,"{""0"": 128, ""1"": 128, ""2"": 128, ""3"": 128, ""4"": 128, ""5"": 128, ""6"": 128, ""7"": 128, ""8"": 128, ""9"": 128, ""10"": 128, ""11"": 128, ""12"": 128, ""13"": 128}",cached_parquet_balanced_pool,bounded_robust_variant,kept_fraction=0.8002
dbpedia_14,128,0.2,symmetric,trimmed_softmax_logreg,404,1792,2800,14,0.203125,0.7321428571428571,0.7025079006117343,0.91153883934021,"{""0"": 128, ""1"": 128, ""2"": 128, ""3"": 128, ""4"": 128, ""5"": 128, ""6"": 128, ""7"": 128, ""8"": 128, ""9"": 128, ""10"": 128, ""11"": 128, ""12"": 128, ""13"": 128}",cached_parquet_balanced_pool,bounded_robust_variant,kept_fraction=0.8002
dbpedia_14,128,0.2,symmetric,trimmed_softmax_logreg,505,1792,2800,14,0.21037946428571427,0.7332142857142857,0.7053400583875387,0.9524800777435303,"{""0"": 128, ""1"": 128, ""2"": 128, ""3"": 128, ""4"": 128, ""5"": 128, ""6"": 128, ""7"": 128, ""8"": 128, ""9"": 128, ""10"": 128, ""11"": 128, ""12"": 128, ""13"": 128}",cached_parquet_balanced_pool,bounded_robust_variant,kept_fraction=0.8002
dbpedia_14,128,0.2,class_conditional,softmax_logreg,101,1792,2800,14,0.20200892857142858,0.8178571428571428,0.8020133739072325,0.7498013973236084,"{""0"": 128, ""1"": 128, ""2"": 128, ""3"": 128, ""4"": 128, ""5"": 128, ""6"": 128, ""7"": 128, ""8"": 128, ""9"": 128, ""10"": 128, ""11"": 128, ""12"": 128, ""13"": 128}",cached_parquet_balanced_pool,linear_probabilistic,
dbpedia_14,128,0.2,class_conditional,softmax_logreg,202,1792,2800,14,0.19196428571428573,0.8360714285714286,0.8144725281580433,0.7506043910980225,"{""0"": 128, ""1"": 128, ""2"": 128, ""3"": 128, ""4"": 128, ""5"": 128, ""6"": 128, ""7"": 128, ""8"": 128, ""9"": 128, ""10"": 128, ""11"": 128, ""12"": 128, ""13"": 128}",cached_parquet_balanced_pool,linear_probabilistic,
dbpedia_14,128,0.2,class_conditional,softmax_logreg,303,1792,2800,14,0.20926339285714285,0.84,0.8327947109306921,0.7883682250976562,"{""0"": 128, ""1"": 128, ""2"": 128, ""3"": 128, ""4"": 128, ""5"": 128, ""6"": 128, ""7"": 128, ""8"": 128, ""9"": 128, ""10"": 128, ""11"": 128, ""12"": 128, ""13"": 128}",cached_parquet_balanced_pool,linear_probabilistic,
dbpedia_14,128,0.2,class_conditional,softmax_logreg,404,1792,2800,14,0.20870535714285715,0.8082142857142857,0.7869076173009326,0.782494306564331,"{""0"": 128, ""1"": 128, ""2"": 128, ""3"": 128, ""4"": 128, ""5"": 128, ""6"": 128, ""7"": 128, ""8"": 128, ""9"": 128, ""10"": 128, ""11"": 128, ""12"": 128, ""13"": 128}",cached_parquet_balanced_pool,linear_probabilistic,
dbpedia_14,128,0.2,class_conditional,softmax_logreg,505,1792,2800,14,0.20703125,0.8260714285714286,0.8093858968480941,0.8129782676696777,"{""0"": 128, ""1"": 128, ""2"": 128, ""3"": 128, ""4"": 128, ""5"": 128, ""6"": 128, ""7"": 128, ""8"": 128, ""9"": 128, ""10"": 128, ""11"": 128, ""12"": 128, ""13"": 128}",cached_parquet_balanced_pool,linear_probabilistic,
dbpedia_14,128,0.2,class_conditional,multinomial_nb,101,1792,2800,14,0.20200892857142858,0.8582142857142857,0.8559028315441781,0.15408086776733398,"{""0"": 128, ""1"": 128, ""2"": 128, ""3"": 128, ""4"": 128, ""5"": 128, ""6"": 128, ""7"": 128, ""8"": 128, ""9"": 128, ""10"": 128, ""11"": 128, ""12"": 128, ""13"": 128}",cached_parquet_balanced_pool,generative_nb,
dbpedia_14,128,0.2,class_conditional,multinomial_nb,202,1792,2800,14,0.19196428571428573,0.8660714285714286,0.8637389897110627,0.15321660041809082,"{""0"": 128, ""1"": 128, ""2"": 128, ""3"": 128, ""4"": 128, ""5"": 128, ""6"": 128, ""7"": 128, ""8"": 128, ""9"": 128, ""10"": 128, ""11"": 128, ""12"": 128, ""13"": 128}",cached_parquet_balanced_pool,generative_nb,
dbpedia_14,128,0.2,class_conditional,multinomial_nb,303,1792,2800,14,0.20926339285714285,0.8539285714285715,0.8506123832260306,0.16420578956604004,"{""0"": 128, ""1"": 128, ""2"": 128, ""3"": 128, ""4"": 128, ""5"": 128, ""6"": 128, ""7"": 128, ""8"": 128, ""9"": 128, ""10"": 128, ""11"": 128, ""12"": 128, ""13"": 128}",cached_parquet_balanced_pool,generative_nb,
dbpedia_14,128,0.2,class_conditional,multinomial_nb,404,1792,2800,14,0.20870535714285715,0.8346428571428571,0.8299589210302856,0.15471267700195312,"{""0"": 128, ""1"": 128, ""2"": 128, ""3"": 128, ""4"": 128, ""5"": 128, ""6"": 128, ""7"": 128, ""8"": 128, ""9"": 128, ""10"": 128, ""11"": 128, ""12"": 128, ""13"": 128}",cached_parquet_balanced_pool,generative_nb,
dbpedia_14,128,0.2,class_conditional,multinomial_nb,505,1792,2800,14,0.20703125,0.8642857142857143,0.8622298895862557,0.15414118766784668,"{""0"": 128, ""1"": 128, ""2"": 128, ""3"": 128, ""4"": 128, ""5"": 128, ""6"": 128, ""7"": 128, ""8"": 128, ""9"": 128, ""10"": 128, ""11"": 128, ""12"": 128, ""13"": 128}",cached_parquet_balanced_pool,generative_nb,
dbpedia_14,128,0.2,class_conditional,linear_svm_hinge,101,1792,2800,14,0.20200892857142858,0.4007142857142857,0.3775820270611719,3.6672730445861816,"{""0"": 128, ""1"": 128, ""2"": 128, ""3"": 128, ""4"": 128, ""5"": 128, ""6"": 128, ""7"": 128, ""8"": 128, ""9"": 128, ""10"": 128, ""11"": 128, ""12"": 128, ""13"": 128}",cached_parquet_balanced_pool,linear_margin,
dbpedia_14,128,0.2,class_conditional,linear_svm_hinge,202,1792,2800,14,0.19196428571428573,0.37607142857142856,0.3975129416313054,6.592371702194214,"{""0"": 128, ""1"": 128, ""2"": 128, ""3"": 128, ""4"": 128, ""5"": 128, ""6"": 128, ""7"": 128, ""8"": 128, ""9"": 128, ""10"": 128, ""11"": 128, ""12"": 128, ""13"": 128}",cached_parquet_balanced_pool,linear_margin,
dbpedia_14,128,0.2,class_conditional,linear_svm_hinge,303,1792,2800,14,0.20926339285714285,0.8296428571428571,0.8201381247856402,3.472219944000244,"{""0"": 128, ""1"": 128, ""2"": 128, ""3"": 128, ""4"": 128, ""5"": 128, ""6"": 128, ""7"": 128, ""8"": 128, ""9"": 128, ""10"": 128, ""11"": 128, ""12"": 128, ""13"": 128}",cached_parquet_balanced_pool,linear_margin,
dbpedia_14,128,0.2,class_conditional,linear_svm_hinge,404,1792,2800,14,0.20870535714285715,0.8085714285714286,0.7861906578147589,3.5718982219696045,"{""0"": 128, ""1"": 128, ""2"": 128, ""3"": 128, ""4"": 128, ""5"": 128, ""6"": 128, ""7"": 128, ""8"": 128, ""9"": 128, ""10"": 128, ""11"": 128, ""12"": 128, ""13"": 128}",cached_parquet_balanced_pool,linear_margin,
dbpedia_14,128,0.2,class_conditional,linear_svm_hinge,505,1792,2800,14,0.20703125,0.35678571428571426,0.3806626349215943,3.769439458847046,"{""0"": 128, ""1"": 128, ""2"": 128, ""3"": 128, ""4"": 128, ""5"": 128, ""6"": 128, ""7"": 128, ""8"": 128, ""9"": 128, ""10"": 128, ""11"": 128, ""12"": 128, ""13"": 128}",cached_parquet_balanced_pool,linear_margin,
dbpedia_14,128,0.2,class_conditional,trimmed_softmax_logreg,101,1792,2800,14,0.20200892857142858,0.6817857142857143,0.6650271355330934,0.8368887901306152,"{""0"": 128, ""1"": 128, ""2"": 128, ""3"": 128, ""4"": 128, ""5"": 128, ""6"": 128, ""7"": 128, ""8"": 128, ""9"": 128, ""10"": 128, ""11"": 128, ""12"": 128, ""13"": 128}",cached_parquet_balanced_pool,bounded_robust_variant,kept_fraction=0.8002
dbpedia_14,128,0.2,class_conditional,trimmed_softmax_logreg,202,1792,2800,14,0.19196428571428573,0.6839285714285714,0.6287153835715834,0.8366129398345947,"{""0"": 128, ""1"": 128, ""2"": 128, ""3"": 128, ""4"": 128, ""5"": 128, ""6"": 128, ""7"": 128, ""8"": 128, ""9"": 128, ""10"": 128, ""11"": 128, ""12"": 128, ""13"": 128}",cached_parquet_balanced_pool,bounded_robust_variant,kept_fraction=0.8002
dbpedia_14,128,0.2,class_conditional,trimmed_softmax_logreg,303,1792,2800,14,0.20926339285714285,0.6314285714285715,0.5820892537319601,0.8885133266448975,"{""0"": 128, ""1"": 128, ""2"": 128, ""3"": 128, ""4"": 128, ""5"": 128, ""6"": 128, ""7"": 128, ""8"": 128, ""9"": 128, ""10"": 128, ""11"": 128, ""12"": 128, ""13"": 128}",cached_parquet_balanced_pool,bounded_robust_variant,kept_fraction=0.8002
dbpedia_14,128,0.2,class_conditional,trimmed_softmax_logreg,404,1792,2800,14,0.20870535714285715,0.6425,0.5585704304740075,0.8461024761199951,"{""0"": 128, ""1"": 128, ""2"": 128, ""3"": 128, ""4"": 128, ""5"": 128, ""6"": 128, ""7"": 128, ""8"": 128, ""9"": 128, ""10"": 128, ""11"": 128, ""12"": 128, ""13"": 128}",cached_parquet_balanced_pool,bounded_robust_variant,kept_fraction=0.8002
dbpedia_14,128,0.2,class_conditional,trimmed_softmax_logreg,505,1792,2800,14,0.20703125,0.6703571428571429,0.6659463420405839,0.8691632747650146,"{""0"": 128, ""1"": 128, ""2"": 128, ""3"": 128, ""4"": 128, ""5"": 128, ""6"": 128, ""7"": 128, ""8"": 128, ""9"": 128, ""10"": 128, ""11"": 128, ""12"": 128, ""13"": 128}",cached_parquet_balanced_pool,bounded_robust_variant,kept_fraction=0.8002
dbpedia_14,128,0.3,symmetric,softmax_logreg,101,1792,2800,14,0.2935267857142857,0.8489285714285715,0.8412869395019699,0.8184475898742676,"{""0"": 128, ""1"": 128, ""2"": 128, ""3"": 128, ""4"": 128, ""5"": 128, ""6"": 128, ""7"": 128, ""8"": 128, ""9"": 128, ""10"": 128, ""11"": 128, ""12"": 128, ""13"": 128}",cached_parquet_balanced_pool,linear_probabilistic,
dbpedia_14,128,0.3,symmetric,softmax_logreg,202,1792,2800,14,0.28683035714285715,0.8157142857142857,0.8188573253550183,0.7461056709289551,"{""0"": 128, ""1"": 128, ""2"": 128, ""3"": 128, ""4"": 128, ""5"": 128, ""6"": 128, ""7"": 128, ""8"": 128, ""9"": 128, ""10"": 128, ""11"": 128, ""12"": 128, ""13"": 128}",cached_parquet_balanced_pool,linear_probabilistic,
dbpedia_14,128,0.3,symmetric,softmax_logreg,303,1792,2800,14,0.30245535714285715,0.8175,0.798518302814886,0.7686905860900879,"{""0"": 128, ""1"": 128, ""2"": 128, ""3"": 128, ""4"": 128, ""5"": 128, ""6"": 128, ""7"": 128, ""8"": 128, ""9"": 128, ""10"": 128, ""11"": 128, ""12"": 128, ""13"": 128}",cached_parquet_balanced_pool,linear_probabilistic,
dbpedia_14,128,0.3,symmetric,softmax_logreg,404,1792,2800,14,0.28404017857142855,0.8535714285714285,0.8529578761855753,0.8293447494506836,"{""0"": 128, ""1"": 128, ""2"": 128, ""3"": 128, ""4"": 128, ""5"": 128, ""6"": 128, ""7"": 128, ""8"": 128, ""9"": 128, ""10"": 128, ""11"": 128, ""12"": 128, ""13"": 128}",cached_parquet_balanced_pool,linear_probabilistic,
dbpedia_14,128,0.3,symmetric,softmax_logreg,505,1792,2800,14,0.31361607142857145,0.8714285714285714,0.8654002575981161,0.7462246417999268,"{""0"": 128, ""1"": 128, ""2"": 128, ""3"": 128, ""4"": 128, ""5"": 128, ""6"": 128, ""7"": 128, ""8"": 128, ""9"": 128, ""10"": 128, ""11"": 128, ""12"": 128, ""13"": 128}",cached_parquet_balanced_pool,linear_probabilistic,
dbpedia_14,128,0.3,symmetric,multinomial_nb,101,1792,2800,14,0.2935267857142857,0.8814285714285715,0.8797835366942016,0.15602779388427734,"{""0"": 128, ""1"": 128, ""2"": 128, ""3"": 128, ""4"": 128, ""5"": 128, ""6"": 128, ""7"": 128, ""8"": 128, ""9"": 128, ""10"": 128, ""11"": 128, ""12"": 128, ""13"": 128}",cached_parquet_balanced_pool,generative_nb,
dbpedia_14,128,0.3,symmetric,multinomial_nb,202,1792,2800,14,0.28683035714285715,0.8835714285714286,0.8834460418551446,0.15811896324157715,"{""0"": 128, ""1"": 128, ""2"": 128, ""3"": 128, ""4"": 128, ""5"": 128, ""6"": 128, ""7"": 128, ""8"": 128, ""9"": 128, ""10"": 128, ""11"": 128, ""12"": 128, ""13"": 128}",cached_parquet_balanced_pool,generative_nb,
dbpedia_14,128,0.3,symmetric,multinomial_nb,303,1792,2800,14,0.30245535714285715,0.8771428571428571,0.8749917427134769,0.15117549896240234,"{""0"": 128, ""1"": 128, ""2"": 128, ""3"": 128, ""4"": 128, ""5"": 128, ""6"": 128, ""7"": 128, ""8"": 128, ""9"": 128, ""10"": 128, ""11"": 128, ""12"": 128, ""13"": 128}",cached_parquet_balanced_pool,generative_nb,
dbpedia_14,128,0.3,symmetric,multinomial_nb,404,1792,2800,14,0.28404017857142855,0.8685714285714285,0.8664653759584653,0.1638786792755127,"{""0"": 128, ""1"": 128, ""2"": 128, ""3"": 128, ""4"": 128, ""5"": 128, ""6"": 128, ""7"": 128, ""8"": 128, ""9"": 128, ""10"": 128, ""11"": 128, ""12"": 128, ""13"": 128}",cached_parquet_balanced_pool,generative_nb,
dbpedia_14,128,0.3,symmetric,multinomial_nb,505,1792,2800,14,0.31361607142857145,0.8846428571428572,0.883541411928422,0.16342449188232422,"{""0"": 128, ""1"": 128, ""2"": 128, ""3"": 128, ""4"": 128, ""5"": 128, ""6"": 128, ""7"": 128, ""8"": 128, ""9"": 128, ""10"": 128, ""11"": 128, ""12"": 128, ""13"": 128}",cached_parquet_balanced_pool,generative_nb,
dbpedia_14,128,0.3,symmetric,linear_svm_hinge,101,1792,2800,14,0.2935267857142857,0.8664285714285714,0.8623541668331176,3.6529812812805176,"{""0"": 128, ""1"": 128, ""2"": 128, ""3"": 128, ""4"": 128, ""5"": 128, ""6"": 128, ""7"": 128, ""8"": 128, ""9"": 128, ""10"": 128, ""11"": 128, ""12"": 128, ""13"": 128}",cached_parquet_balanced_pool,linear_margin,
dbpedia_14,128,0.3,symmetric,linear_svm_hinge,202,1792,2800,14,0.28683035714285715,0.3485714285714286,0.3311281374211717,3.7138307094573975,"{""0"": 128, ""1"": 128, ""2"": 128, ""3"": 128, ""4"": 128, ""5"": 128, ""6"": 128, ""7"": 128, ""8"": 128, ""9"": 128, ""10"": 128, ""11"": 128, ""12"": 128, ""13"": 128}",cached_parquet_balanced_pool,linear_margin,
dbpedia_14,128,0.3,symmetric,linear_svm_hinge,303,1792,2800,14,0.30245535714285715,0.2857142857142857,0.2903128506609115,3.583153486251831,"{""0"": 128, ""1"": 128, ""2"": 128, ""3"": 128, ""4"": 128, ""5"": 128, ""6"": 128, ""7"": 128, ""8"": 128, ""9"": 128, ""10"": 128, ""11"": 128, ""12"": 128, ""13"": 128}",cached_parquet_balanced_pool,linear_margin,
dbpedia_14,128,0.3,symmetric,linear_svm_hinge,404,1792,2800,14,0.28404017857142855,0.8632142857142857,0.8616096893942619,6.4047324657440186,"{""0"": 128, ""1"": 128, ""2"": 128, ""3"": 128, ""4"": 128, ""5"": 128, ""6"": 128, ""7"": 128, ""8"": 128, ""9"": 128, ""10"": 128, ""11"": 128, ""12"": 128, ""13"": 128}",cached_parquet_balanced_pool,linear_margin,
dbpedia_14,128,0.3,symmetric,linear_svm_hinge,505,1792,2800,14,0.31361607142857145,0.285,0.3155239368795778,3.852943181991577,"{""0"": 128, ""1"": 128, ""2"": 128, ""3"": 128, ""4"": 128, ""5"": 128, ""6"": 128, ""7"": 128, ""8"": 128, ""9"": 128, ""10"": 128, ""11"": 128, ""12"": 128, ""13"": 128}",cached_parquet_balanced_pool,linear_margin,
dbpedia_14,128,0.3,symmetric,trimmed_softmax_logreg,101,1792,2800,14,0.2935267857142857,0.7389285714285714,0.713759533860974,0.9482882022857666,"{""0"": 128, ""1"": 128, ""2"": 128, ""3"": 128, ""4"": 128, ""5"": 128, ""6"": 128, ""7"": 128, ""8"": 128, ""9"": 128, ""10"": 128, ""11"": 128, ""12"": 128, ""13"": 128}",cached_parquet_balanced_pool,bounded_robust_variant,kept_fraction=0.8002
dbpedia_14,128,0.3,symmetric,trimmed_softmax_logreg,202,1792,2800,14,0.28683035714285715,0.6732142857142858,0.6518163329291785,0.9227902889251709,"{""0"": 128, ""1"": 128, ""2"": 128, ""3"": 128, ""4"": 128, ""5"": 128, ""6"": 128, ""7"": 128, ""8"": 128, ""9"": 128, ""10"": 128, ""11"": 128, ""12"": 128, ""13"": 128}",cached_parquet_balanced_pool,bounded_robust_variant,kept_fraction=0.8002
dbpedia_14,128,0.3,symmetric,trimmed_softmax_logreg,303,1792,2800,14,0.30245535714285715,0.6610714285714285,0.5745427339157665,0.9178886413574219,"{""0"": 128, ""1"": 128, ""2"": 128, ""3"": 128, ""4"": 128, ""5"": 128, ""6"": 128, ""7"": 128, ""8"": 128, ""9"": 128, ""10"": 128, ""11"": 128, ""12"": 128, ""13"": 128}",cached_parquet_balanced_pool,bounded_robust_variant,kept_fraction=0.8002
dbpedia_14,128,0.3,symmetric,trimmed_softmax_logreg,404,1792,2800,14,0.28404017857142855,0.6778571428571428,0.6489581975132551,0.9039316177368164,"{""0"": 128, ""1"": 128, ""2"": 128, ""3"": 128, ""4"": 128, ""5"": 128, ""6"": 128, ""7"": 128, ""8"": 128, ""9"": 128, ""10"": 128, ""11"": 128, ""12"": 128, ""13"": 128}",cached_parquet_balanced_pool,bounded_robust_variant,kept_fraction=0.8002
dbpedia_14,128,0.3,symmetric,trimmed_softmax_logreg,505,1792,2800,14,0.31361607142857145,0.7957142857142857,0.7729512266735822,0.9063189029693604,"{""0"": 128, ""1"": 128, ""2"": 128, ""3"": 128, ""4"": 128, ""5"": 128, ""6"": 128, ""7"": 128, ""8"": 128, ""9"": 128, ""10"": 128, ""11"": 128, ""12"": 128, ""13"": 128}",cached_parquet_balanced_pool,bounded_robust_variant,kept_fraction=0.8002
dbpedia_14,128,0.3,class_conditional,softmax_logreg,101,1792,2800,14,0.31473214285714285,0.7778571428571428,0.757605554158048,0.7683329582214355,"{""0"": 128, ""1"": 128, ""2"": 128, ""3"": 128, ""4"": 128, ""5"": 128, ""6"": 128, ""7"": 128, ""8"": 128, ""9"": 128, ""10"": 128, ""11"": 128, ""12"": 128, ""13"": 128}",cached_parquet_balanced_pool,linear_probabilistic,
dbpedia_14,128,0.3,class_conditional,softmax_logreg,202,1792,2800,14,0.30747767857142855,0.8157142857142857,0.7948254738617567,0.7777364253997803,"{""0"": 128, ""1"": 128, ""2"": 128, ""3"": 128, ""4"": 128, ""5"": 128, ""6"": 128, ""7"": 128, ""8"": 128, ""9"": 128, ""10"": 128, ""11"": 128, ""12"": 128, ""13"": 128}",cached_parquet_balanced_pool,linear_probabilistic,
dbpedia_14,128,0.3,class_conditional,softmax_logreg,303,1792,2800,14,0.30245535714285715,0.7510714285714286,0.7077049480820712,0.7541406154632568,"{""0"": 128, ""1"": 128, ""2"": 128, ""3"": 128, ""4"": 128, ""5"": 128, ""6"": 128, ""7"": 128, ""8"": 128, ""9"": 128, ""10"": 128, ""11"": 128, ""12"": 128, ""13"": 128}",cached_parquet_balanced_pool,linear_probabilistic,
dbpedia_14,128,0.3,class_conditional,softmax_logreg,404,1792,2800,14,0.3080357142857143,0.7875,0.7678480096385282,0.7429673671722412,"{""0"": 128, ""1"": 128, ""2"": 128, ""3"": 128, ""4"": 128, ""5"": 128, ""6"": 128, ""7"": 128, ""8"": 128, ""9"": 128, ""10"": 128, ""11"": 128, ""12"": 128, ""13"": 128}",cached_parquet_balanced_pool,linear_probabilistic,
dbpedia_14,128,0.3,class_conditional,softmax_logreg,505,1792,2800,14,0.3080357142857143,0.7942857142857143,0.770922307831979,0.7346060276031494,"{""0"": 128, ""1"": 128, ""2"": 128, ""3"": 128, ""4"": 128, ""5"": 128, ""6"": 128, ""7"": 128, ""8"": 128, ""9"": 128, ""10"": 128, ""11"": 128, ""12"": 128, ""13"": 128}",cached_parquet_balanced_pool,linear_probabilistic,
dbpedia_14,128,0.3,class_conditional,multinomial_nb,101,1792,2800,14,0.31473214285714285,0.7696428571428572,0.7640599167593718,0.159318208694458,"{""0"": 128, ""1"": 128, ""2"": 128, ""3"": 128, ""4"": 128, ""5"": 128, ""6"": 128, ""7"": 128, ""8"": 128, ""9"": 128, ""10"": 128, ""11"": 128, ""12"": 128, ""13"": 128}",cached_parquet_balanced_pool,generative_nb,
dbpedia_14,128,0.3,class_conditional,multinomial_nb,202,1792,2800,14,0.30747767857142855,0.7989285714285714,0.794383884265676,0.15776658058166504,"{""0"": 128, ""1"": 128, ""2"": 128, ""3"": 128, ""4"": 128, ""5"": 128, ""6"": 128, ""7"": 128, ""8"": 128, ""9"": 128, ""10"": 128, ""11"": 128, ""12"": 128, ""13"": 128}",cached_parquet_balanced_pool,generative_nb,
dbpedia_14,128,0.3,class_conditional,multinomial_nb,303,1792,2800,14,0.30245535714285715,0.7828571428571428,0.774779787758108,0.1582937240600586,"{""0"": 128, ""1"": 128, ""2"": 128, ""3"": 128, ""4"": 128, ""5"": 128, ""6"": 128, ""7"": 128, ""8"": 128, ""9"": 128, ""10"": 128, ""11"": 128, ""12"": 128, ""13"": 128}",cached_parquet_balanced_pool,generative_nb,
dbpedia_14,128,0.3,class_conditional,multinomial_nb,404,1792,2800,14,0.3080357142857143,0.7796428571428572,0.7721298201795088,0.15111374855041504,"{""0"": 128, ""1"": 128, ""2"": 128, ""3"": 128, ""4"": 128, ""5"": 128, ""6"": 128, ""7"": 128, ""8"": 128, ""9"": 128, ""10"": 128, ""11"": 128, ""12"": 128, ""13"": 128}",cached_parquet_balanced_pool,generative_nb,
dbpedia_14,128,0.3,class_conditional,multinomial_nb,505,1792,2800,14,0.3080357142857143,0.7946428571428571,0.7914209588062866,0.15230107307434082,"{""0"": 128, ""1"": 128, ""2"": 128, ""3"": 128, ""4"": 128, ""5"": 128, ""6"": 128, ""7"": 128, ""8"": 128, ""9"": 128, ""10"": 128, ""11"": 128, ""12"": 128, ""13"": 128}",cached_parquet_balanced_pool,generative_nb,
dbpedia_14,128,0.3,class_conditional,linear_svm_hinge,101,1792,2800,14,0.31473214285714285,0.7917857142857143,0.7717245057873688,3.8911728858947754,"{""0"": 128, ""1"": 128, ""2"": 128, ""3"": 128, ""4"": 128, ""5"": 128, ""6"": 128, ""7"": 128, ""8"": 128, ""9"": 128, ""10"": 128, ""11"": 128, ""12"": 128, ""13"": 128}",cached_parquet_balanced_pool,linear_margin,
dbpedia_14,128,0.3,class_conditional,linear_svm_hinge,202,1792,2800,14,0.30747767857142855,0.8153571428571429,0.7968551409436003,3.5974314212799072,"{""0"": 128, ""1"": 128, ""2"": 128, ""3"": 128, ""4"": 128, ""5"": 128, ""6"": 128, ""7"": 128, ""8"": 128, ""9"": 128, ""10"": 128, ""11"": 128, ""12"": 128, ""13"": 128}",cached_parquet_balanced_pool,linear_margin,
dbpedia_14,128,0.3,class_conditional,linear_svm_hinge,303,1792,2800,14,0.30245535714285715,0.7585714285714286,0.7235356739710388,3.4780080318450928,"{""0"": 128, ""1"": 128, ""2"": 128, ""3"": 128, ""4"": 128, ""5"": 128, ""6"": 128, ""7"": 128, ""8"": 128, ""9"": 128, ""10"": 128, ""11"": 128, ""12"": 128, ""13"": 128}",cached_parquet_balanced_pool,linear_margin,
dbpedia_14,128,0.3,class_conditional,linear_svm_hinge,404,1792,2800,14,0.3080357142857143,0.7946428571428571,0.7745665471444579,3.5881545543670654,"{""0"": 128, ""1"": 128, ""2"": 128, ""3"": 128, ""4"": 128, ""5"": 128, ""6"": 128, ""7"": 128, ""8"": 128, ""9"": 128, ""10"": 128, ""11"": 128, ""12"": 128, ""13"": 128}",cached_parquet_balanced_pool,linear_margin,
dbpedia_14,128,0.3,class_conditional,linear_svm_hinge,505,1792,2800,14,0.3080357142857143,0.3182142857142857,0.3355683870106477,6.715802907943726,"{""0"": 128, ""1"": 128, ""2"": 128, ""3"": 128, ""4"": 128, ""5"": 128, ""6"": 128, ""7"": 128, ""8"": 128, ""9"": 128, ""10"": 128, ""11"": 128, ""12"": 128, ""13"": 128}",cached_parquet_balanced_pool,linear_margin,
dbpedia_14,128,0.3,class_conditional,trimmed_softmax_logreg,101,1792,2800,14,0.31473214285714285,0.63,0.57599654720348,0.9653050899505615,"{""0"": 128, ""1"": 128, ""2"": 128, ""3"": 128, ""4"": 128, ""5"": 128, ""6"": 128, ""7"": 128, ""8"": 128, ""9"": 128, ""10"": 128, ""11"": 128, ""12"": 128, ""13"": 128}",cached_parquet_balanced_pool,bounded_robust_variant,kept_fraction=0.8002
dbpedia_14,128,0.3,class_conditional,trimmed_softmax_logreg,202,1792,2800,14,0.30747767857142855,0.6464285714285715,0.6077800830656187,0.8731882572174072,"{""0"": 128, ""1"": 128, ""2"": 128, ""3"": 128, ""4"": 128, ""5"": 128, ""6"": 128, ""7"": 128, ""8"": 128, ""9"": 128, ""10"": 128, ""11"": 128, ""12"": 128, ""13"": 128}",cached_parquet_balanced_pool,bounded_robust_variant,kept_fraction=0.8002
dbpedia_14,128,0.3,class_conditional,trimmed_softmax_logreg,303,1792,2800,14,0.30245535714285715,0.6460714285714285,0.5804219000552496,0.9349088668823242,"{""0"": 128, ""1"": 128, ""2"": 128, ""3"": 128, ""4"": 128, ""5"": 128, ""6"": 128, ""7"": 128, ""8"": 128, ""9"": 128, ""10"": 128, ""11"": 128, ""12"": 128, ""13"": 128}",cached_parquet_balanced_pool,bounded_robust_variant,kept_fraction=0.8008
dbpedia_14,128,0.3,class_conditional,trimmed_softmax_logreg,404,1792,2800,14,0.3080357142857143,0.5971428571428572,0.49897399011785554,0.8598716259002686,"{""0"": 128, ""1"": 128, ""2"": 128, ""3"": 128, ""4"": 128, ""5"": 128, ""6"": 128, ""7"": 128, ""8"": 128, ""9"": 128, ""10"": 128, ""11"": 128, ""12"": 128, ""13"": 128}",cached_parquet_balanced_pool,bounded_robust_variant,kept_fraction=0.8002
dbpedia_14,128,0.3,class_conditional,trimmed_softmax_logreg,505,1792,2800,14,0.3080357142857143,0.6439285714285714,0.6005075966878771,0.8474700450897217,"{""0"": 128, ""1"": 128, ""2"": 128, ""3"": 128, ""4"": 128, ""5"": 128, ""6"": 128, ""7"": 128, ""8"": 128, ""9"": 128, ""10"": 128, ""11"": 128, ""12"": 128, ""13"": 128}",cached_parquet_balanced_pool,bounded_robust_variant,kept_fraction=0.8002
