dataset,budget_per_class,noise_rate,noise_type,method,seed,n_train,n_test,num_classes,actual_noise_fraction,accuracy,macro_f1,runtime_seconds,train_counts,source_kind,method_family,fit_notes
ag_news,8,0.0,class_conditional,linear_svm_hinge,101,32,800,4,0.0,0.4225,0.411099485207772,0.03752899169921875,"{""0"": 8, ""1"": 8, ""2"": 8, ""3"": 8}",cached_setfit_jsonl,linear_margin,
ag_news,8,0.0,class_conditional,linear_svm_hinge,202,32,800,4,0.0,0.51,0.5068241044063576,0.03576159477233887,"{""0"": 8, ""1"": 8, ""2"": 8, ""3"": 8}",cached_setfit_jsonl,linear_margin,
ag_news,8,0.0,class_conditional,linear_svm_hinge,303,32,800,4,0.0,0.5025,0.49396797096462847,0.034398794174194336,"{""0"": 8, ""1"": 8, ""2"": 8, ""3"": 8}",cached_setfit_jsonl,linear_margin,
ag_news,8,0.0,class_conditional,linear_svm_hinge,404,32,800,4,0.0,0.54,0.5319929229224082,0.039817094802856445,"{""0"": 8, ""1"": 8, ""2"": 8, ""3"": 8}",cached_setfit_jsonl,linear_margin,
ag_news,8,0.0,class_conditional,linear_svm_hinge,505,32,800,4,0.0,0.4475,0.4284358601860281,0.04818439483642578,"{""0"": 8, ""1"": 8, ""2"": 8, ""3"": 8}",cached_setfit_jsonl,linear_margin,
ag_news,8,0.0,class_conditional,multinomial_nb,101,32,800,4,0.0,0.47,0.46694098128876904,0.03681302070617676,"{""0"": 8, ""1"": 8, ""2"": 8, ""3"": 8}",cached_setfit_jsonl,generative_nb,
ag_news,8,0.0,class_conditional,multinomial_nb,202,32,800,4,0.0,0.54875,0.5465210898191208,0.036843299865722656,"{""0"": 8, ""1"": 8, ""2"": 8, ""3"": 8}",cached_setfit_jsonl,generative_nb,
ag_news,8,0.0,class_conditional,multinomial_nb,303,32,800,4,0.0,0.51625,0.5201888511949936,0.04105186462402344,"{""0"": 8, ""1"": 8, ""2"": 8, ""3"": 8}",cached_setfit_jsonl,generative_nb,
ag_news,8,0.0,class_conditional,multinomial_nb,404,32,800,4,0.0,0.5525,0.54825225906343,0.030131816864013672,"{""0"": 8, ""1"": 8, ""2"": 8, ""3"": 8}",cached_setfit_jsonl,generative_nb,
ag_news,8,0.0,class_conditional,multinomial_nb,505,32,800,4,0.0,0.5,0.49936981675070885,0.02815985679626465,"{""0"": 8, ""1"": 8, ""2"": 8, ""3"": 8}",cached_setfit_jsonl,generative_nb,
ag_news,8,0.0,class_conditional,softmax_logreg,101,32,800,4,0.0,0.445,0.44513667170672944,0.04041886329650879,"{""0"": 8, ""1"": 8, ""2"": 8, ""3"": 8}",cached_setfit_jsonl,linear_probabilistic,
ag_news,8,0.0,class_conditional,softmax_logreg,202,32,800,4,0.0,0.505,0.4998798660634409,0.048171043395996094,"{""0"": 8, ""1"": 8, ""2"": 8, ""3"": 8}",cached_setfit_jsonl,linear_probabilistic,
ag_news,8,0.0,class_conditional,softmax_logreg,303,32,800,4,0.0,0.51375,0.5144687816076172,0.04774928092956543,"{""0"": 8, ""1"": 8, ""2"": 8, ""3"": 8}",cached_setfit_jsonl,linear_probabilistic,
ag_news,8,0.0,class_conditional,softmax_logreg,404,32,800,4,0.0,0.545,0.5409875604149916,0.052504539489746094,"{""0"": 8, ""1"": 8, ""2"": 8, ""3"": 8}",cached_setfit_jsonl,linear_probabilistic,
ag_news,8,0.0,class_conditional,softmax_logreg,505,32,800,4,0.0,0.46875,0.46458901517263146,0.034008026123046875,"{""0"": 8, ""1"": 8, ""2"": 8, ""3"": 8}",cached_setfit_jsonl,linear_probabilistic,
ag_news,8,0.0,class_conditional,trimmed_softmax_logreg,101,32,800,4,0.0,0.37625,0.324821917426081,0.050542593002319336,"{""0"": 8, ""1"": 8, ""2"": 8, ""3"": 8}",cached_setfit_jsonl,bounded_robust_variant,kept_fraction=0.8125
ag_news,8,0.0,class_conditional,trimmed_softmax_logreg,202,32,800,4,0.0,0.4675,0.4556384559442242,0.053812265396118164,"{""0"": 8, ""1"": 8, ""2"": 8, ""3"": 8}",cached_setfit_jsonl,bounded_robust_variant,kept_fraction=0.8125
ag_news,8,0.0,class_conditional,trimmed_softmax_logreg,303,32,800,4,0.0,0.48,0.4652753599920766,0.03523087501525879,"{""0"": 8, ""1"": 8, ""2"": 8, ""3"": 8}",cached_setfit_jsonl,bounded_robust_variant,kept_fraction=0.8125
ag_news,8,0.0,class_conditional,trimmed_softmax_logreg,404,32,800,4,0.0,0.525,0.5091418702783012,0.052214622497558594,"{""0"": 8, ""1"": 8, ""2"": 8, ""3"": 8}",cached_setfit_jsonl,bounded_robust_variant,kept_fraction=0.8125
ag_news,8,0.0,class_conditional,trimmed_softmax_logreg,505,32,800,4,0.0,0.37875,0.32700686164736187,0.037741661071777344,"{""0"": 8, ""1"": 8, ""2"": 8, ""3"": 8}",cached_setfit_jsonl,bounded_robust_variant,kept_fraction=0.8125
ag_news,8,0.0,symmetric,linear_svm_hinge,101,32,800,4,0.0,0.4225,0.411099485207772,0.03394007682800293,"{""0"": 8, ""1"": 8, ""2"": 8, ""3"": 8}",cached_setfit_jsonl,linear_margin,
ag_news,8,0.0,symmetric,linear_svm_hinge,202,32,800,4,0.0,0.51,0.5068241044063576,0.03965568542480469,"{""0"": 8, ""1"": 8, ""2"": 8, ""3"": 8}",cached_setfit_jsonl,linear_margin,
ag_news,8,0.0,symmetric,linear_svm_hinge,303,32,800,4,0.0,0.5025,0.49396797096462847,0.04878711700439453,"{""0"": 8, ""1"": 8, ""2"": 8, ""3"": 8}",cached_setfit_jsonl,linear_margin,
ag_news,8,0.0,symmetric,linear_svm_hinge,404,32,800,4,0.0,0.54,0.5319929229224082,0.0374913215637207,"{""0"": 8, ""1"": 8, ""2"": 8, ""3"": 8}",cached_setfit_jsonl,linear_margin,
ag_news,8,0.0,symmetric,linear_svm_hinge,505,32,800,4,0.0,0.4475,0.4284358601860281,0.03782296180725098,"{""0"": 8, ""1"": 8, ""2"": 8, ""3"": 8}",cached_setfit_jsonl,linear_margin,
ag_news,8,0.0,symmetric,multinomial_nb,101,32,800,4,0.0,0.47,0.46694098128876904,0.04393625259399414,"{""0"": 8, ""1"": 8, ""2"": 8, ""3"": 8}",cached_setfit_jsonl,generative_nb,
ag_news,8,0.0,symmetric,multinomial_nb,202,32,800,4,0.0,0.54875,0.5465210898191208,0.02917957305908203,"{""0"": 8, ""1"": 8, ""2"": 8, ""3"": 8}",cached_setfit_jsonl,generative_nb,
ag_news,8,0.0,symmetric,multinomial_nb,303,32,800,4,0.0,0.51625,0.5201888511949936,0.02938055992126465,"{""0"": 8, ""1"": 8, ""2"": 8, ""3"": 8}",cached_setfit_jsonl,generative_nb,
ag_news,8,0.0,symmetric,multinomial_nb,404,32,800,4,0.0,0.5525,0.54825225906343,0.03422975540161133,"{""0"": 8, ""1"": 8, ""2"": 8, ""3"": 8}",cached_setfit_jsonl,generative_nb,
ag_news,8,0.0,symmetric,multinomial_nb,505,32,800,4,0.0,0.5,0.49936981675070885,0.04544639587402344,"{""0"": 8, ""1"": 8, ""2"": 8, ""3"": 8}",cached_setfit_jsonl,generative_nb,
ag_news,8,0.0,symmetric,softmax_logreg,101,32,800,4,0.0,0.445,0.44513667170672944,0.04295921325683594,"{""0"": 8, ""1"": 8, ""2"": 8, ""3"": 8}",cached_setfit_jsonl,linear_probabilistic,
ag_news,8,0.0,symmetric,softmax_logreg,202,32,800,4,0.0,0.505,0.4998798660634409,0.039876699447631836,"{""0"": 8, ""1"": 8, ""2"": 8, ""3"": 8}",cached_setfit_jsonl,linear_probabilistic,
ag_news,8,0.0,symmetric,softmax_logreg,303,32,800,4,0.0,0.51375,0.5144687816076172,0.035637617111206055,"{""0"": 8, ""1"": 8, ""2"": 8, ""3"": 8}",cached_setfit_jsonl,linear_probabilistic,
ag_news,8,0.0,symmetric,softmax_logreg,404,32,800,4,0.0,0.545,0.5409875604149916,0.038286685943603516,"{""0"": 8, ""1"": 8, ""2"": 8, ""3"": 8}",cached_setfit_jsonl,linear_probabilistic,
ag_news,8,0.0,symmetric,softmax_logreg,505,32,800,4,0.0,0.46875,0.46458901517263146,0.04806327819824219,"{""0"": 8, ""1"": 8, ""2"": 8, ""3"": 8}",cached_setfit_jsonl,linear_probabilistic,
ag_news,8,0.0,symmetric,trimmed_softmax_logreg,101,32,800,4,0.0,0.37625,0.324821917426081,0.040135860443115234,"{""0"": 8, ""1"": 8, ""2"": 8, ""3"": 8}",cached_setfit_jsonl,bounded_robust_variant,kept_fraction=0.8125
ag_news,8,0.0,symmetric,trimmed_softmax_logreg,202,32,800,4,0.0,0.4675,0.4556384559442242,0.041191816329956055,"{""0"": 8, ""1"": 8, ""2"": 8, ""3"": 8}",cached_setfit_jsonl,bounded_robust_variant,kept_fraction=0.8125
ag_news,8,0.0,symmetric,trimmed_softmax_logreg,303,32,800,4,0.0,0.48,0.4652753599920766,0.04658055305480957,"{""0"": 8, ""1"": 8, ""2"": 8, ""3"": 8}",cached_setfit_jsonl,bounded_robust_variant,kept_fraction=0.8125
ag_news,8,0.0,symmetric,trimmed_softmax_logreg,404,32,800,4,0.0,0.525,0.5091418702783012,0.03571009635925293,"{""0"": 8, ""1"": 8, ""2"": 8, ""3"": 8}",cached_setfit_jsonl,bounded_robust_variant,kept_fraction=0.8125
ag_news,8,0.0,symmetric,trimmed_softmax_logreg,505,32,800,4,0.0,0.37875,0.32700686164736187,0.03966045379638672,"{""0"": 8, ""1"": 8, ""2"": 8, ""3"": 8}",cached_setfit_jsonl,bounded_robust_variant,kept_fraction=0.8125
ag_news,8,0.05,class_conditional,linear_svm_hinge,101,32,800,4,0.03125,0.4025,0.38007875883272346,0.04279518127441406,"{""0"": 8, ""1"": 8, ""2"": 8, ""3"": 8}",cached_setfit_jsonl,linear_margin,
ag_news,8,0.05,class_conditional,linear_svm_hinge,202,32,800,4,0.0625,0.4675,0.45489411013523007,0.03462052345275879,"{""0"": 8, ""1"": 8, ""2"": 8, ""3"": 8}",cached_setfit_jsonl,linear_margin,
ag_news,8,0.05,class_conditional,linear_svm_hinge,303,32,800,4,0.03125,0.45875,0.4235923396094968,0.03419303894042969,"{""0"": 8, ""1"": 8, ""2"": 8, ""3"": 8}",cached_setfit_jsonl,linear_margin,
ag_news,8,0.05,class_conditional,linear_svm_hinge,404,32,800,4,0.0625,0.51625,0.5154657707780312,0.040372371673583984,"{""0"": 8, ""1"": 8, ""2"": 8, ""3"": 8}",cached_setfit_jsonl,linear_margin,
ag_news,8,0.05,class_conditional,linear_svm_hinge,505,32,800,4,0.03125,0.43375,0.39757199533488863,0.03716611862182617,"{""0"": 8, ""1"": 8, ""2"": 8, ""3"": 8}",cached_setfit_jsonl,linear_margin,
ag_news,8,0.05,class_conditional,multinomial_nb,101,32,800,4,0.03125,0.46,0.45099561642090197,0.04152083396911621,"{""0"": 8, ""1"": 8, ""2"": 8, ""3"": 8}",cached_setfit_jsonl,generative_nb,
ag_news,8,0.05,class_conditional,multinomial_nb,202,32,800,4,0.0625,0.50875,0.4986282722763049,0.03547954559326172,"{""0"": 8, ""1"": 8, ""2"": 8, ""3"": 8}",cached_setfit_jsonl,generative_nb,
ag_news,8,0.05,class_conditional,multinomial_nb,303,32,800,4,0.03125,0.515,0.5122073687147704,0.043431997299194336,"{""0"": 8, ""1"": 8, ""2"": 8, ""3"": 8}",cached_setfit_jsonl,generative_nb,
ag_news,8,0.05,class_conditional,multinomial_nb,404,32,800,4,0.0625,0.52625,0.5272463717627951,0.03429698944091797,"{""0"": 8, ""1"": 8, ""2"": 8, ""3"": 8}",cached_setfit_jsonl,generative_nb,
ag_news,8,0.05,class_conditional,multinomial_nb,505,32,800,4,0.03125,0.50625,0.5026159289966914,0.027906179428100586,"{""0"": 8, ""1"": 8, ""2"": 8, ""3"": 8}",cached_setfit_jsonl,generative_nb,
ag_news,8,0.05,class_conditional,softmax_logreg,101,32,800,4,0.03125,0.4275,0.41735766964109133,0.036940574645996094,"{""0"": 8, ""1"": 8, ""2"": 8, ""3"": 8}",cached_setfit_jsonl,linear_probabilistic,
ag_news,8,0.05,class_conditional,softmax_logreg,202,32,800,4,0.0625,0.45125,0.435931040164721,0.033468008041381836,"{""0"": 8, ""1"": 8, ""2"": 8, ""3"": 8}",cached_setfit_jsonl,linear_probabilistic,
ag_news,8,0.05,class_conditional,softmax_logreg,303,32,800,4,0.03125,0.49625,0.48724491686178784,0.04763031005859375,"{""0"": 8, ""1"": 8, ""2"": 8, ""3"": 8}",cached_setfit_jsonl,linear_probabilistic,
ag_news,8,0.05,class_conditional,softmax_logreg,404,32,800,4,0.0625,0.5,0.501222869728812,0.03286266326904297,"{""0"": 8, ""1"": 8, ""2"": 8, ""3"": 8}",cached_setfit_jsonl,linear_probabilistic,
ag_news,8,0.05,class_conditional,softmax_logreg,505,32,800,4,0.03125,0.46625,0.45177969079302716,0.044948577880859375,"{""0"": 8, ""1"": 8, ""2"": 8, ""3"": 8}",cached_setfit_jsonl,linear_probabilistic,
ag_news,8,0.05,class_conditional,trimmed_softmax_logreg,101,32,800,4,0.03125,0.4275,0.3673093971631206,0.04224681854248047,"{""0"": 8, ""1"": 8, ""2"": 8, ""3"": 8}",cached_setfit_jsonl,bounded_robust_variant,kept_fraction=0.8125
ag_news,8,0.05,class_conditional,trimmed_softmax_logreg,202,32,800,4,0.0625,0.41125,0.3496004781526866,0.03961348533630371,"{""0"": 8, ""1"": 8, ""2"": 8, ""3"": 8}",cached_setfit_jsonl,bounded_robust_variant,kept_fraction=0.8125
ag_news,8,0.05,class_conditional,trimmed_softmax_logreg,303,32,800,4,0.03125,0.43375,0.3773288963021106,0.03502678871154785,"{""0"": 8, ""1"": 8, ""2"": 8, ""3"": 8}",cached_setfit_jsonl,bounded_robust_variant,kept_fraction=0.8125
ag_news,8,0.05,class_conditional,trimmed_softmax_logreg,404,32,800,4,0.0625,0.4,0.33944530904283976,0.035869598388671875,"{""0"": 8, ""1"": 8, ""2"": 8, ""3"": 8}",cached_setfit_jsonl,bounded_robust_variant,kept_fraction=0.8125
ag_news,8,0.05,class_conditional,trimmed_softmax_logreg,505,32,800,4,0.03125,0.395,0.32864473567269836,0.03576374053955078,"{""0"": 8, ""1"": 8, ""2"": 8, ""3"": 8}",cached_setfit_jsonl,bounded_robust_variant,kept_fraction=0.8125
ag_news,8,0.05,symmetric,linear_svm_hinge,101,32,800,4,0.0625,0.37875,0.3615409498472084,0.04850959777832031,"{""0"": 8, ""1"": 8, ""2"": 8, ""3"": 8}",cached_setfit_jsonl,linear_margin,
ag_news,8,0.05,symmetric,linear_svm_hinge,202,32,800,4,0.0625,0.44375,0.43129573591287956,0.047467947006225586,"{""0"": 8, ""1"": 8, ""2"": 8, ""3"": 8}",cached_setfit_jsonl,linear_margin,
ag_news,8,0.05,symmetric,linear_svm_hinge,303,32,800,4,0.09375,0.45625,0.4263286953170757,0.05457806587219238,"{""0"": 8, ""1"": 8, ""2"": 8, ""3"": 8}",cached_setfit_jsonl,linear_margin,
ag_news,8,0.05,symmetric,linear_svm_hinge,404,32,800,4,0.03125,0.52375,0.5227081449902815,0.04169893264770508,"{""0"": 8, ""1"": 8, ""2"": 8, ""3"": 8}",cached_setfit_jsonl,linear_margin,
ag_news,8,0.05,symmetric,linear_svm_hinge,505,32,800,4,0.0625,0.43125,0.4055317475443585,0.0422513484954834,"{""0"": 8, ""1"": 8, ""2"": 8, ""3"": 8}",cached_setfit_jsonl,linear_margin,
ag_news,8,0.05,symmetric,multinomial_nb,101,32,800,4,0.0625,0.4425,0.439816294858479,0.031366586685180664,"{""0"": 8, ""1"": 8, ""2"": 8, ""3"": 8}",cached_setfit_jsonl,generative_nb,
ag_news,8,0.05,symmetric,multinomial_nb,202,32,800,4,0.0625,0.485,0.4739579391755455,0.03986406326293945,"{""0"": 8, ""1"": 8, ""2"": 8, ""3"": 8}",cached_setfit_jsonl,generative_nb,
ag_news,8,0.05,symmetric,multinomial_nb,303,32,800,4,0.09375,0.50625,0.4950203491057054,0.02775287628173828,"{""0"": 8, ""1"": 8, ""2"": 8, ""3"": 8}",cached_setfit_jsonl,generative_nb,
ag_news,8,0.05,symmetric,multinomial_nb,404,32,800,4,0.03125,0.535,0.5358602230319305,0.02745676040649414,"{""0"": 8, ""1"": 8, ""2"": 8, ""3"": 8}",cached_setfit_jsonl,generative_nb,
ag_news,8,0.05,symmetric,multinomial_nb,505,32,800,4,0.0625,0.49125,0.4803750648465703,0.04276776313781738,"{""0"": 8, ""1"": 8, ""2"": 8, ""3"": 8}",cached_setfit_jsonl,generative_nb,
ag_news,8,0.05,symmetric,softmax_logreg,101,32,800,4,0.0625,0.4,0.40119818287318404,0.03884530067443848,"{""0"": 8, ""1"": 8, ""2"": 8, ""3"": 8}",cached_setfit_jsonl,linear_probabilistic,
ag_news,8,0.05,symmetric,softmax_logreg,202,32,800,4,0.0625,0.42375,0.4011132966094144,0.03552961349487305,"{""0"": 8, ""1"": 8, ""2"": 8, ""3"": 8}",cached_setfit_jsonl,linear_probabilistic,
ag_news,8,0.05,symmetric,softmax_logreg,303,32,800,4,0.09375,0.47,0.4506651984830964,0.043631792068481445,"{""0"": 8, ""1"": 8, ""2"": 8, ""3"": 8}",cached_setfit_jsonl,linear_probabilistic,
ag_news,8,0.05,symmetric,softmax_logreg,404,32,800,4,0.03125,0.52375,0.5200665224602536,0.03386378288269043,"{""0"": 8, ""1"": 8, ""2"": 8, ""3"": 8}",cached_setfit_jsonl,linear_probabilistic,
ag_news,8,0.05,symmetric,softmax_logreg,505,32,800,4,0.0625,0.4475,0.4219150793512646,0.035719871520996094,"{""0"": 8, ""1"": 8, ""2"": 8, ""3"": 8}",cached_setfit_jsonl,linear_probabilistic,
ag_news,8,0.05,symmetric,trimmed_softmax_logreg,101,32,800,4,0.0625,0.35125,0.288177447718144,0.04120135307312012,"{""0"": 8, ""1"": 8, ""2"": 8, ""3"": 8}",cached_setfit_jsonl,bounded_robust_variant,kept_fraction=0.8125
ag_news,8,0.05,symmetric,trimmed_softmax_logreg,202,32,800,4,0.0625,0.34625,0.2650725997560585,0.03687477111816406,"{""0"": 8, ""1"": 8, ""2"": 8, ""3"": 8}",cached_setfit_jsonl,bounded_robust_variant,kept_fraction=0.8125
ag_news,8,0.05,symmetric,trimmed_softmax_logreg,303,32,800,4,0.09375,0.3275,0.25134940291198044,0.03530716896057129,"{""0"": 8, ""1"": 8, ""2"": 8, ""3"": 8}",cached_setfit_jsonl,bounded_robust_variant,kept_fraction=0.8125
ag_news,8,0.05,symmetric,trimmed_softmax_logreg,404,32,800,4,0.03125,0.465,0.4072250344828323,0.03484845161437988,"{""0"": 8, ""1"": 8, ""2"": 8, ""3"": 8}",cached_setfit_jsonl,bounded_robust_variant,kept_fraction=0.8125
ag_news,8,0.05,symmetric,trimmed_softmax_logreg,505,32,800,4,0.0625,0.41875,0.3574693974017078,0.04386782646179199,"{""0"": 8, ""1"": 8, ""2"": 8, ""3"": 8}",cached_setfit_jsonl,bounded_robust_variant,kept_fraction=0.8438
ag_news,8,0.1,class_conditional,linear_svm_hinge,101,32,800,4,0.09375,0.4325,0.3843272628942604,0.04025888442993164,"{""0"": 8, ""1"": 8, ""2"": 8, ""3"": 8}",cached_setfit_jsonl,linear_margin,
ag_news,8,0.1,class_conditional,linear_svm_hinge,202,32,800,4,0.09375,0.46375,0.4517423169134709,0.03992652893066406,"{""0"": 8, ""1"": 8, ""2"": 8, ""3"": 8}",cached_setfit_jsonl,linear_margin,
ag_news,8,0.1,class_conditional,linear_svm_hinge,303,32,800,4,0.0625,0.45125,0.43065781909360723,0.035364389419555664,"{""0"": 8, ""1"": 8, ""2"": 8, ""3"": 8}",cached_setfit_jsonl,linear_margin,
ag_news,8,0.1,class_conditional,linear_svm_hinge,404,32,800,4,0.125,0.49,0.4915460296981747,0.03826308250427246,"{""0"": 8, ""1"": 8, ""2"": 8, ""3"": 8}",cached_setfit_jsonl,linear_margin,
ag_news,8,0.1,class_conditional,linear_svm_hinge,505,32,800,4,0.125,0.41375,0.3964497639637642,0.036330223083496094,"{""0"": 8, ""1"": 8, ""2"": 8, ""3"": 8}",cached_setfit_jsonl,linear_margin,
ag_news,8,0.1,class_conditional,multinomial_nb,101,32,800,4,0.09375,0.4725,0.45422614182279986,0.0492854118347168,"{""0"": 8, ""1"": 8, ""2"": 8, ""3"": 8}",cached_setfit_jsonl,generative_nb,
ag_news,8,0.1,class_conditional,multinomial_nb,202,32,800,4,0.09375,0.51375,0.51277006482188,0.03513336181640625,"{""0"": 8, ""1"": 8, ""2"": 8, ""3"": 8}",cached_setfit_jsonl,generative_nb,
ag_news,8,0.1,class_conditional,multinomial_nb,303,32,800,4,0.0625,0.47625,0.47935884989390726,0.03245401382446289,"{""0"": 8, ""1"": 8, ""2"": 8, ""3"": 8}",cached_setfit_jsonl,generative_nb,
ag_news,8,0.1,class_conditional,multinomial_nb,404,32,800,4,0.125,0.50125,0.49752532305723796,0.03099822998046875,"{""0"": 8, ""1"": 8, ""2"": 8, ""3"": 8}",cached_setfit_jsonl,generative_nb,
ag_news,8,0.1,class_conditional,multinomial_nb,505,32,800,4,0.125,0.44625,0.4381380993502593,0.04239392280578613,"{""0"": 8, ""1"": 8, ""2"": 8, ""3"": 8}",cached_setfit_jsonl,generative_nb,
ag_news,8,0.1,class_conditional,softmax_logreg,101,32,800,4,0.09375,0.43,0.4004787626721922,0.04935193061828613,"{""0"": 8, ""1"": 8, ""2"": 8, ""3"": 8}",cached_setfit_jsonl,linear_probabilistic,
ag_news,8,0.1,class_conditional,softmax_logreg,202,32,800,4,0.09375,0.4525,0.4482017956689993,0.04601430892944336,"{""0"": 8, ""1"": 8, ""2"": 8, ""3"": 8}",cached_setfit_jsonl,linear_probabilistic,
ag_news,8,0.1,class_conditional,softmax_logreg,303,32,800,4,0.0625,0.4475,0.44753561242116263,0.03730583190917969,"{""0"": 8, ""1"": 8, ""2"": 8, ""3"": 8}",cached_setfit_jsonl,linear_probabilistic,
ag_news,8,0.1,class_conditional,softmax_logreg,404,32,800,4,0.125,0.48875,0.48117105982165465,0.03733325004577637,"{""0"": 8, ""1"": 8, ""2"": 8, ""3"": 8}",cached_setfit_jsonl,linear_probabilistic,
ag_news,8,0.1,class_conditional,softmax_logreg,505,32,800,4,0.125,0.3975,0.37174555174494706,0.03480386734008789,"{""0"": 8, ""1"": 8, ""2"": 8, ""3"": 8}",cached_setfit_jsonl,linear_probabilistic,
ag_news,8,0.1,class_conditional,trimmed_softmax_logreg,101,32,800,4,0.09375,0.40625,0.34141837620753285,0.04564714431762695,"{""0"": 8, ""1"": 8, ""2"": 8, ""3"": 8}",cached_setfit_jsonl,bounded_robust_variant,kept_fraction=0.8438
ag_news,8,0.1,class_conditional,trimmed_softmax_logreg,202,32,800,4,0.09375,0.37625,0.29480862534693997,0.03539752960205078,"{""0"": 8, ""1"": 8, ""2"": 8, ""3"": 8}",cached_setfit_jsonl,bounded_robust_variant,kept_fraction=0.8125
ag_news,8,0.1,class_conditional,trimmed_softmax_logreg,303,32,800,4,0.0625,0.36625,0.3144447384279505,0.040970802307128906,"{""0"": 8, ""1"": 8, ""2"": 8, ""3"": 8}",cached_setfit_jsonl,bounded_robust_variant,kept_fraction=0.8125
ag_news,8,0.1,class_conditional,trimmed_softmax_logreg,404,32,800,4,0.125,0.39625,0.33490668398343404,0.034867048263549805,"{""0"": 8, ""1"": 8, ""2"": 8, ""3"": 8}",cached_setfit_jsonl,bounded_robust_variant,kept_fraction=0.8125
ag_news,8,0.1,class_conditional,trimmed_softmax_logreg,505,32,800,4,0.125,0.30875,0.2093369458708443,0.041860103607177734,"{""0"": 8, ""1"": 8, ""2"": 8, ""3"": 8}",cached_setfit_jsonl,bounded_robust_variant,kept_fraction=0.8125
ag_news,8,0.1,symmetric,linear_svm_hinge,101,32,800,4,0.15625,0.3675,0.32743276739387445,0.05397343635559082,"{""0"": 8, ""1"": 8, ""2"": 8, ""3"": 8}",cached_setfit_jsonl,linear_margin,
ag_news,8,0.1,symmetric,linear_svm_hinge,202,32,800,4,0.15625,0.43375,0.411103924038803,0.036988019943237305,"{""0"": 8, ""1"": 8, ""2"": 8, ""3"": 8}",cached_setfit_jsonl,linear_margin,
ag_news,8,0.1,symmetric,linear_svm_hinge,303,32,800,4,0.125,0.435,0.39840122022030633,0.03663039207458496,"{""0"": 8, ""1"": 8, ""2"": 8, ""3"": 8}",cached_setfit_jsonl,linear_margin,
ag_news,8,0.1,symmetric,linear_svm_hinge,404,32,800,4,0.21875,0.4075,0.3657227359152777,0.03533124923706055,"{""0"": 8, ""1"": 8, ""2"": 8, ""3"": 8}",cached_setfit_jsonl,linear_margin,
ag_news,8,0.1,symmetric,linear_svm_hinge,505,32,800,4,0.125,0.38125,0.3296768940217442,0.04428720474243164,"{""0"": 8, ""1"": 8, ""2"": 8, ""3"": 8}",cached_setfit_jsonl,linear_margin,
ag_news,8,0.1,symmetric,multinomial_nb,101,32,800,4,0.15625,0.39125,0.35971025344891044,0.032462358474731445,"{""0"": 8, ""1"": 8, ""2"": 8, ""3"": 8}",cached_setfit_jsonl,generative_nb,
ag_news,8,0.1,symmetric,multinomial_nb,202,32,800,4,0.15625,0.4575,0.44749212172321884,0.03510165214538574,"{""0"": 8, ""1"": 8, ""2"": 8, ""3"": 8}",cached_setfit_jsonl,generative_nb,
ag_news,8,0.1,symmetric,multinomial_nb,303,32,800,4,0.125,0.47625,0.4558355867786037,0.0466310977935791,"{""0"": 8, ""1"": 8, ""2"": 8, ""3"": 8}",cached_setfit_jsonl,generative_nb,
ag_news,8,0.1,symmetric,multinomial_nb,404,32,800,4,0.21875,0.42875,0.39293963672709825,0.04621386528015137,"{""0"": 8, ""1"": 8, ""2"": 8, ""3"": 8}",cached_setfit_jsonl,generative_nb,
ag_news,8,0.1,symmetric,multinomial_nb,505,32,800,4,0.125,0.43875,0.4047089181630939,0.02999401092529297,"{""0"": 8, ""1"": 8, ""2"": 8, ""3"": 8}",cached_setfit_jsonl,generative_nb,
ag_news,8,0.1,symmetric,softmax_logreg,101,32,800,4,0.15625,0.36,0.31683903958325427,0.03476738929748535,"{""0"": 8, ""1"": 8, ""2"": 8, ""3"": 8}",cached_setfit_jsonl,linear_probabilistic,
ag_news,8,0.1,symmetric,softmax_logreg,202,32,800,4,0.15625,0.40375,0.3758428762622297,0.048311710357666016,"{""0"": 8, ""1"": 8, ""2"": 8, ""3"": 8}",cached_setfit_jsonl,linear_probabilistic,
ag_news,8,0.1,symmetric,softmax_logreg,303,32,800,4,0.125,0.44125,0.40304171752265594,0.04370307922363281,"{""0"": 8, ""1"": 8, ""2"": 8, ""3"": 8}",cached_setfit_jsonl,linear_probabilistic,
ag_news,8,0.1,symmetric,softmax_logreg,404,32,800,4,0.21875,0.405,0.3490158468891157,0.03325486183166504,"{""0"": 8, ""1"": 8, ""2"": 8, ""3"": 8}",cached_setfit_jsonl,linear_probabilistic,
ag_news,8,0.1,symmetric,softmax_logreg,505,32,800,4,0.125,0.41,0.36678755447616557,0.04222583770751953,"{""0"": 8, ""1"": 8, ""2"": 8, ""3"": 8}",cached_setfit_jsonl,linear_probabilistic,
ag_news,8,0.1,symmetric,trimmed_softmax_logreg,101,32,800,4,0.15625,0.34625,0.28847557161438764,0.04100632667541504,"{""0"": 8, ""1"": 8, ""2"": 8, ""3"": 8}",cached_setfit_jsonl,bounded_robust_variant,kept_fraction=0.8125
ag_news,8,0.1,symmetric,trimmed_softmax_logreg,202,32,800,4,0.15625,0.355,0.27465742759265027,0.04584240913391113,"{""0"": 8, ""1"": 8, ""2"": 8, ""3"": 8}",cached_setfit_jsonl,bounded_robust_variant,kept_fraction=0.8125
ag_news,8,0.1,symmetric,trimmed_softmax_logreg,303,32,800,4,0.125,0.4125,0.3452499093065861,0.0443723201751709,"{""0"": 8, ""1"": 8, ""2"": 8, ""3"": 8}",cached_setfit_jsonl,bounded_robust_variant,kept_fraction=0.8438
ag_news,8,0.1,symmetric,trimmed_softmax_logreg,404,32,800,4,0.21875,0.42125,0.35906452914585324,0.0354764461517334,"{""0"": 8, ""1"": 8, ""2"": 8, ""3"": 8}",cached_setfit_jsonl,bounded_robust_variant,kept_fraction=0.8438
ag_news,8,0.1,symmetric,trimmed_softmax_logreg,505,32,800,4,0.125,0.3675,0.2826674949873742,0.05065464973449707,"{""0"": 8, ""1"": 8, ""2"": 8, ""3"": 8}",cached_setfit_jsonl,bounded_robust_variant,kept_fraction=0.8438
ag_news,8,0.2,class_conditional,linear_svm_hinge,101,32,800,4,0.15625,0.46125,0.4413345991649841,0.03817343711853027,"{""0"": 8, ""1"": 8, ""2"": 8, ""3"": 8}",cached_setfit_jsonl,linear_margin,
ag_news,8,0.2,class_conditional,linear_svm_hinge,202,32,800,4,0.15625,0.43125,0.40972909718416683,0.04282116889953613,"{""0"": 8, ""1"": 8, ""2"": 8, ""3"": 8}",cached_setfit_jsonl,linear_margin,
ag_news,8,0.2,class_conditional,linear_svm_hinge,303,32,800,4,0.15625,0.39625,0.37981653342478083,0.04138922691345215,"{""0"": 8, ""1"": 8, ""2"": 8, ""3"": 8}",cached_setfit_jsonl,linear_margin,
ag_news,8,0.2,class_conditional,linear_svm_hinge,404,32,800,4,0.1875,0.45625,0.4536800623272458,0.0336916446685791,"{""0"": 8, ""1"": 8, ""2"": 8, ""3"": 8}",cached_setfit_jsonl,linear_margin,
ag_news,8,0.2,class_conditional,linear_svm_hinge,505,32,800,4,0.28125,0.33,0.2890359233337219,0.04085540771484375,"{""0"": 8, ""1"": 8, ""2"": 8, ""3"": 8}",cached_setfit_jsonl,linear_margin,
ag_news,8,0.2,class_conditional,multinomial_nb,101,32,800,4,0.15625,0.47125,0.45267751368705134,0.03794550895690918,"{""0"": 8, ""1"": 8, ""2"": 8, ""3"": 8}",cached_setfit_jsonl,generative_nb,
ag_news,8,0.2,class_conditional,multinomial_nb,202,32,800,4,0.15625,0.47125,0.46484102079126965,0.03548884391784668,"{""0"": 8, ""1"": 8, ""2"": 8, ""3"": 8}",cached_setfit_jsonl,generative_nb,
ag_news,8,0.2,class_conditional,multinomial_nb,303,32,800,4,0.15625,0.40125,0.3949451396252042,0.029459476470947266,"{""0"": 8, ""1"": 8, ""2"": 8, ""3"": 8}",cached_setfit_jsonl,generative_nb,
ag_news,8,0.2,class_conditional,multinomial_nb,404,32,800,4,0.1875,0.475,0.4787633130972979,0.02839827537536621,"{""0"": 8, ""1"": 8, ""2"": 8, ""3"": 8}",cached_setfit_jsonl,generative_nb,
ag_news,8,0.2,class_conditional,multinomial_nb,505,32,800,4,0.28125,0.36375,0.33076261207794944,0.029034137725830078,"{""0"": 8, ""1"": 8, ""2"": 8, ""3"": 8}",cached_setfit_jsonl,generative_nb,
ag_news,8,0.2,class_conditional,softmax_logreg,101,32,800,4,0.15625,0.43125,0.39485798709890363,0.04010581970214844,"{""0"": 8, ""1"": 8, ""2"": 8, ""3"": 8}",cached_setfit_jsonl,linear_probabilistic,
ag_news,8,0.2,class_conditional,softmax_logreg,202,32,800,4,0.15625,0.42875,0.4114852824779075,0.04165387153625488,"{""0"": 8, ""1"": 8, ""2"": 8, ""3"": 8}",cached_setfit_jsonl,linear_probabilistic,
ag_news,8,0.2,class_conditional,softmax_logreg,303,32,800,4,0.15625,0.3775,0.36514860718590303,0.03295469284057617,"{""0"": 8, ""1"": 8, ""2"": 8, ""3"": 8}",cached_setfit_jsonl,linear_probabilistic,
ag_news,8,0.2,class_conditional,softmax_logreg,404,32,800,4,0.1875,0.445,0.4471784304790074,0.03921079635620117,"{""0"": 8, ""1"": 8, ""2"": 8, ""3"": 8}",cached_setfit_jsonl,linear_probabilistic,
ag_news,8,0.2,class_conditional,softmax_logreg,505,32,800,4,0.28125,0.32375,0.2625062768087797,0.03748798370361328,"{""0"": 8, ""1"": 8, ""2"": 8, ""3"": 8}",cached_setfit_jsonl,linear_probabilistic,
ag_news,8,0.2,class_conditional,trimmed_softmax_logreg,101,32,800,4,0.15625,0.40875,0.34078348792174945,0.04733610153198242,"{""0"": 8, ""1"": 8, ""2"": 8, ""3"": 8}",cached_setfit_jsonl,bounded_robust_variant,kept_fraction=0.8438
ag_news,8,0.2,class_conditional,trimmed_softmax_logreg,202,32,800,4,0.15625,0.35875,0.2739934576508845,0.04472541809082031,"{""0"": 8, ""1"": 8, ""2"": 8, ""3"": 8}",cached_setfit_jsonl,bounded_robust_variant,kept_fraction=0.8125
ag_news,8,0.2,class_conditional,trimmed_softmax_logreg,303,32,800,4,0.15625,0.395,0.3410040622333975,0.04456162452697754,"{""0"": 8, ""1"": 8, ""2"": 8, ""3"": 8}",cached_setfit_jsonl,bounded_robust_variant,kept_fraction=0.8125
ag_news,8,0.2,class_conditional,trimmed_softmax_logreg,404,32,800,4,0.1875,0.3975,0.34154244218315355,0.041429758071899414,"{""0"": 8, ""1"": 8, ""2"": 8, ""3"": 8}",cached_setfit_jsonl,bounded_robust_variant,kept_fraction=0.8125
ag_news,8,0.2,class_conditional,trimmed_softmax_logreg,505,32,800,4,0.28125,0.31125,0.22645854132181562,0.042328834533691406,"{""0"": 8, ""1"": 8, ""2"": 8, ""3"": 8}",cached_setfit_jsonl,bounded_robust_variant,kept_fraction=0.8125
ag_news,8,0.2,symmetric,linear_svm_hinge,101,32,800,4,0.15625,0.3675,0.32743276739387445,0.03381085395812988,"{""0"": 8, ""1"": 8, ""2"": 8, ""3"": 8}",cached_setfit_jsonl,linear_margin,
ag_news,8,0.2,symmetric,linear_svm_hinge,202,32,800,4,0.3125,0.35625,0.3259124235126317,0.046356201171875,"{""0"": 8, ""1"": 8, ""2"": 8, ""3"": 8}",cached_setfit_jsonl,linear_margin,
ag_news,8,0.2,symmetric,linear_svm_hinge,303,32,800,4,0.21875,0.3875,0.3275365317219332,0.04001593589782715,"{""0"": 8, ""1"": 8, ""2"": 8, ""3"": 8}",cached_setfit_jsonl,linear_margin,
ag_news,8,0.2,symmetric,linear_svm_hinge,404,32,800,4,0.21875,0.3825,0.3271365460059267,0.036580562591552734,"{""0"": 8, ""1"": 8, ""2"": 8, ""3"": 8}",cached_setfit_jsonl,linear_margin,
ag_news,8,0.2,symmetric,linear_svm_hinge,505,32,800,4,0.15625,0.38875,0.35620954128717564,0.045401811599731445,"{""0"": 8, ""1"": 8, ""2"": 8, ""3"": 8}",cached_setfit_jsonl,linear_margin,
ag_news,8,0.2,symmetric,multinomial_nb,101,32,800,4,0.15625,0.39125,0.35971025344891044,0.04087233543395996,"{""0"": 8, ""1"": 8, ""2"": 8, ""3"": 8}",cached_setfit_jsonl,generative_nb,
ag_news,8,0.2,symmetric,multinomial_nb,202,32,800,4,0.3125,0.38125,0.3749620310816921,0.041708946228027344,"{""0"": 8, ""1"": 8, ""2"": 8, ""3"": 8}",cached_setfit_jsonl,generative_nb,
ag_news,8,0.2,symmetric,multinomial_nb,303,32,800,4,0.21875,0.39875,0.3574458644231786,0.03898954391479492,"{""0"": 8, ""1"": 8, ""2"": 8, ""3"": 8}",cached_setfit_jsonl,generative_nb,
ag_news,8,0.2,symmetric,multinomial_nb,404,32,800,4,0.21875,0.38125,0.33424300911495103,0.03115701675415039,"{""0"": 8, ""1"": 8, ""2"": 8, ""3"": 8}",cached_setfit_jsonl,generative_nb,
ag_news,8,0.2,symmetric,multinomial_nb,505,32,800,4,0.15625,0.4275,0.4136837644842816,0.029195785522460938,"{""0"": 8, ""1"": 8, ""2"": 8, ""3"": 8}",cached_setfit_jsonl,generative_nb,
ag_news,8,0.2,symmetric,softmax_logreg,101,32,800,4,0.15625,0.36,0.31683903958325427,0.04854321479797363,"{""0"": 8, ""1"": 8, ""2"": 8, ""3"": 8}",cached_setfit_jsonl,linear_probabilistic,
ag_news,8,0.2,symmetric,softmax_logreg,202,32,800,4,0.3125,0.35,0.3291459393092756,0.03851723670959473,"{""0"": 8, ""1"": 8, ""2"": 8, ""3"": 8}",cached_setfit_jsonl,linear_probabilistic,
ag_news,8,0.2,symmetric,softmax_logreg,303,32,800,4,0.21875,0.405,0.34708100671134284,0.04405713081359863,"{""0"": 8, ""1"": 8, ""2"": 8, ""3"": 8}",cached_setfit_jsonl,linear_probabilistic,
ag_news,8,0.2,symmetric,softmax_logreg,404,32,800,4,0.21875,0.31875,0.23875060083496868,0.03300356864929199,"{""0"": 8, ""1"": 8, ""2"": 8, ""3"": 8}",cached_setfit_jsonl,linear_probabilistic,
ag_news,8,0.2,symmetric,softmax_logreg,505,32,800,4,0.15625,0.40625,0.3749131637929689,0.0337681770324707,"{""0"": 8, ""1"": 8, ""2"": 8, ""3"": 8}",cached_setfit_jsonl,linear_probabilistic,
ag_news,8,0.2,symmetric,trimmed_softmax_logreg,101,32,800,4,0.15625,0.34625,0.28847557161438764,0.035823822021484375,"{""0"": 8, ""1"": 8, ""2"": 8, ""3"": 8}",cached_setfit_jsonl,bounded_robust_variant,kept_fraction=0.8125
ag_news,8,0.2,symmetric,trimmed_softmax_logreg,202,32,800,4,0.3125,0.3225,0.2531785090636083,0.04207181930541992,"{""0"": 8, ""1"": 8, ""2"": 8, ""3"": 8}",cached_setfit_jsonl,bounded_robust_variant,kept_fraction=0.8125
ag_news,8,0.2,symmetric,trimmed_softmax_logreg,303,32,800,4,0.21875,0.38875,0.3206595164633727,0.04186081886291504,"{""0"": 8, ""1"": 8, ""2"": 8, ""3"": 8}",cached_setfit_jsonl,bounded_robust_variant,kept_fraction=0.8438
ag_news,8,0.2,symmetric,trimmed_softmax_logreg,404,32,800,4,0.21875,0.2825,0.159243050825773,0.03595161437988281,"{""0"": 8, ""1"": 8, ""2"": 8, ""3"": 8}",cached_setfit_jsonl,bounded_robust_variant,kept_fraction=0.8125
ag_news,8,0.2,symmetric,trimmed_softmax_logreg,505,32,800,4,0.15625,0.3625,0.2863934053549215,0.040943145751953125,"{""0"": 8, ""1"": 8, ""2"": 8, ""3"": 8}",cached_setfit_jsonl,bounded_robust_variant,kept_fraction=0.8125
ag_news,8,0.3,class_conditional,linear_svm_hinge,101,32,800,4,0.25,0.425,0.3898606159649358,0.03514409065246582,"{""0"": 8, ""1"": 8, ""2"": 8, ""3"": 8}",cached_setfit_jsonl,linear_margin,
ag_news,8,0.3,class_conditional,linear_svm_hinge,202,32,800,4,0.28125,0.36875,0.3564053646426773,0.03849029541015625,"{""0"": 8, ""1"": 8, ""2"": 8, ""3"": 8}",cached_setfit_jsonl,linear_margin,
ag_news,8,0.3,class_conditional,linear_svm_hinge,303,32,800,4,0.21875,0.38625,0.38089610970435767,0.034256696701049805,"{""0"": 8, ""1"": 8, ""2"": 8, ""3"": 8}",cached_setfit_jsonl,linear_margin,
ag_news,8,0.3,class_conditional,linear_svm_hinge,404,32,800,4,0.375,0.33625,0.32938023599126565,0.039330244064331055,"{""0"": 8, ""1"": 8, ""2"": 8, ""3"": 8}",cached_setfit_jsonl,linear_margin,
ag_news,8,0.3,class_conditional,linear_svm_hinge,505,32,800,4,0.3125,0.33625,0.28319466553857614,0.04038405418395996,"{""0"": 8, ""1"": 8, ""2"": 8, ""3"": 8}",cached_setfit_jsonl,linear_margin,
ag_news,8,0.3,class_conditional,multinomial_nb,101,32,800,4,0.25,0.43375,0.4067583291481929,0.04091310501098633,"{""0"": 8, ""1"": 8, ""2"": 8, ""3"": 8}",cached_setfit_jsonl,generative_nb,
ag_news,8,0.3,class_conditional,multinomial_nb,202,32,800,4,0.28125,0.4225,0.4157601742713103,0.03893327713012695,"{""0"": 8, ""1"": 8, ""2"": 8, ""3"": 8}",cached_setfit_jsonl,generative_nb,
ag_news,8,0.3,class_conditional,multinomial_nb,303,32,800,4,0.21875,0.36,0.3514546434803643,0.03863978385925293,"{""0"": 8, ""1"": 8, ""2"": 8, ""3"": 8}",cached_setfit_jsonl,generative_nb,
ag_news,8,0.3,class_conditional,multinomial_nb,404,32,800,4,0.375,0.33875,0.3264641516071974,0.027858734130859375,"{""0"": 8, ""1"": 8, ""2"": 8, ""3"": 8}",cached_setfit_jsonl,generative_nb,
ag_news,8,0.3,class_conditional,multinomial_nb,505,32,800,4,0.3125,0.36625,0.3202940335745555,0.03239846229553223,"{""0"": 8, ""1"": 8, ""2"": 8, ""3"": 8}",cached_setfit_jsonl,generative_nb,
ag_news,8,0.3,class_conditional,softmax_logreg,101,32,800,4,0.25,0.365,0.30335241867560714,0.03655719757080078,"{""0"": 8, ""1"": 8, ""2"": 8, ""3"": 8}",cached_setfit_jsonl,linear_probabilistic,
ag_news,8,0.3,class_conditional,softmax_logreg,202,32,800,4,0.28125,0.37,0.3533029557981142,0.05236411094665527,"{""0"": 8, ""1"": 8, ""2"": 8, ""3"": 8}",cached_setfit_jsonl,linear_probabilistic,
ag_news,8,0.3,class_conditional,softmax_logreg,303,32,800,4,0.21875,0.34,0.3259588940287754,0.03280377388000488,"{""0"": 8, ""1"": 8, ""2"": 8, ""3"": 8}",cached_setfit_jsonl,linear_probabilistic,
ag_news,8,0.3,class_conditional,softmax_logreg,404,32,800,4,0.375,0.31875,0.2924797155112399,0.047659873962402344,"{""0"": 8, ""1"": 8, ""2"": 8, ""3"": 8}",cached_setfit_jsonl,linear_probabilistic,
ag_news,8,0.3,class_conditional,softmax_logreg,505,32,800,4,0.3125,0.3325,0.2722252342255105,0.04676675796508789,"{""0"": 8, ""1"": 8, ""2"": 8, ""3"": 8}",cached_setfit_jsonl,linear_probabilistic,
ag_news,8,0.3,class_conditional,trimmed_softmax_logreg,101,32,800,4,0.25,0.31,0.205655933226558,0.040204524993896484,"{""0"": 8, ""1"": 8, ""2"": 8, ""3"": 8}",cached_setfit_jsonl,bounded_robust_variant,kept_fraction=0.8125
ag_news,8,0.3,class_conditional,trimmed_softmax_logreg,202,32,800,4,0.28125,0.3325,0.2609992476720418,0.0360105037689209,"{""0"": 8, ""1"": 8, ""2"": 8, ""3"": 8}",cached_setfit_jsonl,bounded_robust_variant,kept_fraction=0.8125
ag_news,8,0.3,class_conditional,trimmed_softmax_logreg,303,32,800,4,0.21875,0.30625,0.23514923724420927,0.03640866279602051,"{""0"": 8, ""1"": 8, ""2"": 8, ""3"": 8}",cached_setfit_jsonl,bounded_robust_variant,kept_fraction=0.8125
ag_news,8,0.3,class_conditional,trimmed_softmax_logreg,404,32,800,4,0.375,0.3075,0.25640187431901174,0.04066896438598633,"{""0"": 8, ""1"": 8, ""2"": 8, ""3"": 8}",cached_setfit_jsonl,bounded_robust_variant,kept_fraction=0.8125
ag_news,8,0.3,class_conditional,trimmed_softmax_logreg,505,32,800,4,0.3125,0.32625,0.2489568869610131,0.05605626106262207,"{""0"": 8, ""1"": 8, ""2"": 8, ""3"": 8}",cached_setfit_jsonl,bounded_robust_variant,kept_fraction=0.8438
ag_news,8,0.3,symmetric,linear_svm_hinge,101,32,800,4,0.21875,0.29125,0.2368609707822864,0.04614114761352539,"{""0"": 8, ""1"": 8, ""2"": 8, ""3"": 8}",cached_setfit_jsonl,linear_margin,
ag_news,8,0.3,symmetric,linear_svm_hinge,202,32,800,4,0.34375,0.365,0.33278062024669075,0.04539036750793457,"{""0"": 8, ""1"": 8, ""2"": 8, ""3"": 8}",cached_setfit_jsonl,linear_margin,
ag_news,8,0.3,symmetric,linear_svm_hinge,303,32,800,4,0.3125,0.36625,0.2551039991647154,0.04503583908081055,"{""0"": 8, ""1"": 8, ""2"": 8, ""3"": 8}",cached_setfit_jsonl,linear_margin,
ag_news,8,0.3,symmetric,linear_svm_hinge,404,32,800,4,0.375,0.29375,0.22426562361327587,0.03554940223693848,"{""0"": 8, ""1"": 8, ""2"": 8, ""3"": 8}",cached_setfit_jsonl,linear_margin,
ag_news,8,0.3,symmetric,linear_svm_hinge,505,32,800,4,0.25,0.38875,0.3432907748074485,0.04045557975769043,"{""0"": 8, ""1"": 8, ""2"": 8, ""3"": 8}",cached_setfit_jsonl,linear_margin,
ag_news,8,0.3,symmetric,multinomial_nb,101,32,800,4,0.21875,0.3175,0.27330962591084973,0.03649759292602539,"{""0"": 8, ""1"": 8, ""2"": 8, ""3"": 8}",cached_setfit_jsonl,generative_nb,
ag_news,8,0.3,symmetric,multinomial_nb,202,32,800,4,0.34375,0.4,0.3796957254950063,0.03599357604980469,"{""0"": 8, ""1"": 8, ""2"": 8, ""3"": 8}",cached_setfit_jsonl,generative_nb,
ag_news,8,0.3,symmetric,multinomial_nb,303,32,800,4,0.3125,0.42125,0.3427318807665899,0.029776811599731445,"{""0"": 8, ""1"": 8, ""2"": 8, ""3"": 8}",cached_setfit_jsonl,generative_nb,
ag_news,8,0.3,symmetric,multinomial_nb,404,32,800,4,0.375,0.3225,0.27056364316881104,0.027980804443359375,"{""0"": 8, ""1"": 8, ""2"": 8, ""3"": 8}",cached_setfit_jsonl,generative_nb,
ag_news,8,0.3,symmetric,multinomial_nb,505,32,800,4,0.25,0.3975,0.370184308699181,0.030126333236694336,"{""0"": 8, ""1"": 8, ""2"": 8, ""3"": 8}",cached_setfit_jsonl,generative_nb,
ag_news,8,0.3,symmetric,softmax_logreg,101,32,800,4,0.21875,0.29375,0.2336205961420112,0.03932642936706543,"{""0"": 8, ""1"": 8, ""2"": 8, ""3"": 8}",cached_setfit_jsonl,linear_probabilistic,
ag_news,8,0.3,symmetric,softmax_logreg,202,32,800,4,0.34375,0.34875,0.3081441722806163,0.0429384708404541,"{""0"": 8, ""1"": 8, ""2"": 8, ""3"": 8}",cached_setfit_jsonl,linear_probabilistic,
ag_news,8,0.3,symmetric,softmax_logreg,303,32,800,4,0.3125,0.375,0.27225025657739815,0.03310585021972656,"{""0"": 8, ""1"": 8, ""2"": 8, ""3"": 8}",cached_setfit_jsonl,linear_probabilistic,
ag_news,8,0.3,symmetric,softmax_logreg,404,32,800,4,0.375,0.2925,0.21068728549116375,0.03368544578552246,"{""0"": 8, ""1"": 8, ""2"": 8, ""3"": 8}",cached_setfit_jsonl,linear_probabilistic,
ag_news,8,0.3,symmetric,softmax_logreg,505,32,800,4,0.25,0.395,0.3509407909769982,0.04470086097717285,"{""0"": 8, ""1"": 8, ""2"": 8, ""3"": 8}",cached_setfit_jsonl,linear_probabilistic,
ag_news,8,0.3,symmetric,trimmed_softmax_logreg,101,32,800,4,0.21875,0.285,0.214660442151137,0.04507708549499512,"{""0"": 8, ""1"": 8, ""2"": 8, ""3"": 8}",cached_setfit_jsonl,bounded_robust_variant,kept_fraction=0.8438
ag_news,8,0.3,symmetric,trimmed_softmax_logreg,202,32,800,4,0.34375,0.305,0.22296500170223715,0.05241894721984863,"{""0"": 8, ""1"": 8, ""2"": 8, ""3"": 8}",cached_setfit_jsonl,bounded_robust_variant,kept_fraction=0.8125
ag_news,8,0.3,symmetric,trimmed_softmax_logreg,303,32,800,4,0.3125,0.36375,0.24420816917220417,0.04235720634460449,"{""0"": 8, ""1"": 8, ""2"": 8, ""3"": 8}",cached_setfit_jsonl,bounded_robust_variant,kept_fraction=0.8438
ag_news,8,0.3,symmetric,trimmed_softmax_logreg,404,32,800,4,0.375,0.265,0.14546792300571998,0.037511348724365234,"{""0"": 8, ""1"": 8, ""2"": 8, ""3"": 8}",cached_setfit_jsonl,bounded_robust_variant,kept_fraction=0.8125
ag_news,8,0.3,symmetric,trimmed_softmax_logreg,505,32,800,4,0.25,0.35875,0.2539893260217001,0.035654306411743164,"{""0"": 8, ""1"": 8, ""2"": 8, ""3"": 8}",cached_setfit_jsonl,bounded_robust_variant,kept_fraction=0.8125
ag_news,16,0.0,class_conditional,linear_svm_hinge,101,64,800,4,0.0,0.5075,0.5047767881306707,0.056212663650512695,"{""0"": 16, ""1"": 16, ""2"": 16, ""3"": 16}",cached_setfit_jsonl,linear_margin,
ag_news,16,0.0,class_conditional,linear_svm_hinge,202,64,800,4,0.0,0.57125,0.5614585357020129,0.0575404167175293,"{""0"": 16, ""1"": 16, ""2"": 16, ""3"": 16}",cached_setfit_jsonl,linear_margin,
ag_news,16,0.0,class_conditional,linear_svm_hinge,303,64,800,4,0.0,0.53625,0.5309403553751785,0.047698974609375,"{""0"": 16, ""1"": 16, ""2"": 16, ""3"": 16}",cached_setfit_jsonl,linear_margin,
ag_news,16,0.0,class_conditional,linear_svm_hinge,404,64,800,4,0.0,0.5825,0.5832402514379118,0.05137062072753906,"{""0"": 16, ""1"": 16, ""2"": 16, ""3"": 16}",cached_setfit_jsonl,linear_margin,
ag_news,16,0.0,class_conditional,linear_svm_hinge,505,64,800,4,0.0,0.59,0.5778326502636039,0.05494832992553711,"{""0"": 16, ""1"": 16, ""2"": 16, ""3"": 16}",cached_setfit_jsonl,linear_margin,
ag_news,16,0.0,class_conditional,multinomial_nb,101,64,800,4,0.0,0.5875,0.5827409242302036,0.06318473815917969,"{""0"": 16, ""1"": 16, ""2"": 16, ""3"": 16}",cached_setfit_jsonl,generative_nb,
ag_news,16,0.0,class_conditional,multinomial_nb,202,64,800,4,0.0,0.61125,0.610361972322248,0.046875953674316406,"{""0"": 16, ""1"": 16, ""2"": 16, ""3"": 16}",cached_setfit_jsonl,generative_nb,
ag_news,16,0.0,class_conditional,multinomial_nb,303,64,800,4,0.0,0.6,0.5995941291188106,0.04813790321350098,"{""0"": 16, ""1"": 16, ""2"": 16, ""3"": 16}",cached_setfit_jsonl,generative_nb,
ag_news,16,0.0,class_conditional,multinomial_nb,404,64,800,4,0.0,0.6125,0.6100768833920577,0.049594879150390625,"{""0"": 16, ""1"": 16, ""2"": 16, ""3"": 16}",cached_setfit_jsonl,generative_nb,
ag_news,16,0.0,class_conditional,multinomial_nb,505,64,800,4,0.0,0.63375,0.6315948745504217,0.04944467544555664,"{""0"": 16, ""1"": 16, ""2"": 16, ""3"": 16}",cached_setfit_jsonl,generative_nb,
ag_news,16,0.0,class_conditional,softmax_logreg,101,64,800,4,0.0,0.56875,0.5665260976765029,0.06597638130187988,"{""0"": 16, ""1"": 16, ""2"": 16, ""3"": 16}",cached_setfit_jsonl,linear_probabilistic,
ag_news,16,0.0,class_conditional,softmax_logreg,202,64,800,4,0.0,0.58375,0.5800372201328583,0.0801396369934082,"{""0"": 16, ""1"": 16, ""2"": 16, ""3"": 16}",cached_setfit_jsonl,linear_probabilistic,
ag_news,16,0.0,class_conditional,softmax_logreg,303,64,800,4,0.0,0.58,0.5793914214448577,0.07673144340515137,"{""0"": 16, ""1"": 16, ""2"": 16, ""3"": 16}",cached_setfit_jsonl,linear_probabilistic,
ag_news,16,0.0,class_conditional,softmax_logreg,404,64,800,4,0.0,0.5875,0.5860947027937041,0.06345868110656738,"{""0"": 16, ""1"": 16, ""2"": 16, ""3"": 16}",cached_setfit_jsonl,linear_probabilistic,
ag_news,16,0.0,class_conditional,softmax_logreg,505,64,800,4,0.0,0.6075,0.602523819158226,0.0732731819152832,"{""0"": 16, ""1"": 16, ""2"": 16, ""3"": 16}",cached_setfit_jsonl,linear_probabilistic,
ag_news,16,0.0,class_conditional,trimmed_softmax_logreg,101,64,800,4,0.0,0.53875,0.5327894253927151,0.08171868324279785,"{""0"": 16, ""1"": 16, ""2"": 16, ""3"": 16}",cached_setfit_jsonl,bounded_robust_variant,kept_fraction=0.7969
ag_news,16,0.0,class_conditional,trimmed_softmax_logreg,202,64,800,4,0.0,0.545,0.5170523016458666,0.07589197158813477,"{""0"": 16, ""1"": 16, ""2"": 16, ""3"": 16}",cached_setfit_jsonl,bounded_robust_variant,kept_fraction=0.7969
ag_news,16,0.0,class_conditional,trimmed_softmax_logreg,303,64,800,4,0.0,0.5225,0.5088007851307208,0.08102130889892578,"{""0"": 16, ""1"": 16, ""2"": 16, ""3"": 16}",cached_setfit_jsonl,bounded_robust_variant,kept_fraction=0.7969
ag_news,16,0.0,class_conditional,trimmed_softmax_logreg,404,64,800,4,0.0,0.57125,0.5666103066099606,0.07339096069335938,"{""0"": 16, ""1"": 16, ""2"": 16, ""3"": 16}",cached_setfit_jsonl,bounded_robust_variant,kept_fraction=0.7969
ag_news,16,0.0,class_conditional,trimmed_softmax_logreg,505,64,800,4,0.0,0.5275,0.5139016901958081,0.06490421295166016,"{""0"": 16, ""1"": 16, ""2"": 16, ""3"": 16}",cached_setfit_jsonl,bounded_robust_variant,kept_fraction=0.7969
ag_news,16,0.0,symmetric,linear_svm_hinge,101,64,800,4,0.0,0.5075,0.5047767881306707,0.049225807189941406,"{""0"": 16, ""1"": 16, ""2"": 16, ""3"": 16}",cached_setfit_jsonl,linear_margin,
ag_news,16,0.0,symmetric,linear_svm_hinge,202,64,800,4,0.0,0.57125,0.5614585357020129,0.05619502067565918,"{""0"": 16, ""1"": 16, ""2"": 16, ""3"": 16}",cached_setfit_jsonl,linear_margin,
ag_news,16,0.0,symmetric,linear_svm_hinge,303,64,800,4,0.0,0.53625,0.5309403553751785,0.05000734329223633,"{""0"": 16, ""1"": 16, ""2"": 16, ""3"": 16}",cached_setfit_jsonl,linear_margin,
ag_news,16,0.0,symmetric,linear_svm_hinge,404,64,800,4,0.0,0.5825,0.5832402514379118,0.04809379577636719,"{""0"": 16, ""1"": 16, ""2"": 16, ""3"": 16}",cached_setfit_jsonl,linear_margin,
ag_news,16,0.0,symmetric,linear_svm_hinge,505,64,800,4,0.0,0.59,0.5778326502636039,0.04909110069274902,"{""0"": 16, ""1"": 16, ""2"": 16, ""3"": 16}",cached_setfit_jsonl,linear_margin,
ag_news,16,0.0,symmetric,multinomial_nb,101,64,800,4,0.0,0.5875,0.5827409242302036,0.051873207092285156,"{""0"": 16, ""1"": 16, ""2"": 16, ""3"": 16}",cached_setfit_jsonl,generative_nb,
ag_news,16,0.0,symmetric,multinomial_nb,202,64,800,4,0.0,0.61125,0.610361972322248,0.04814291000366211,"{""0"": 16, ""1"": 16, ""2"": 16, ""3"": 16}",cached_setfit_jsonl,generative_nb,
ag_news,16,0.0,symmetric,multinomial_nb,303,64,800,4,0.0,0.6,0.5995941291188106,0.04806017875671387,"{""0"": 16, ""1"": 16, ""2"": 16, ""3"": 16}",cached_setfit_jsonl,generative_nb,
ag_news,16,0.0,symmetric,multinomial_nb,404,64,800,4,0.0,0.6125,0.6100768833920577,0.04787755012512207,"{""0"": 16, ""1"": 16, ""2"": 16, ""3"": 16}",cached_setfit_jsonl,generative_nb,
ag_news,16,0.0,symmetric,multinomial_nb,505,64,800,4,0.0,0.63375,0.6315948745504217,0.046727895736694336,"{""0"": 16, ""1"": 16, ""2"": 16, ""3"": 16}",cached_setfit_jsonl,generative_nb,
ag_news,16,0.0,symmetric,softmax_logreg,101,64,800,4,0.0,0.56875,0.5665260976765029,0.050957441329956055,"{""0"": 16, ""1"": 16, ""2"": 16, ""3"": 16}",cached_setfit_jsonl,linear_probabilistic,
ag_news,16,0.0,symmetric,softmax_logreg,202,64,800,4,0.0,0.58375,0.5800372201328583,0.07365226745605469,"{""0"": 16, ""1"": 16, ""2"": 16, ""3"": 16}",cached_setfit_jsonl,linear_probabilistic,
ag_news,16,0.0,symmetric,softmax_logreg,303,64,800,4,0.0,0.58,0.5793914214448577,0.06415748596191406,"{""0"": 16, ""1"": 16, ""2"": 16, ""3"": 16}",cached_setfit_jsonl,linear_probabilistic,
ag_news,16,0.0,symmetric,softmax_logreg,404,64,800,4,0.0,0.5875,0.5860947027937041,0.06534194946289062,"{""0"": 16, ""1"": 16, ""2"": 16, ""3"": 16}",cached_setfit_jsonl,linear_probabilistic,
ag_news,16,0.0,symmetric,softmax_logreg,505,64,800,4,0.0,0.6075,0.602523819158226,0.07847476005554199,"{""0"": 16, ""1"": 16, ""2"": 16, ""3"": 16}",cached_setfit_jsonl,linear_probabilistic,
ag_news,16,0.0,symmetric,trimmed_softmax_logreg,101,64,800,4,0.0,0.53875,0.5327894253927151,0.06643867492675781,"{""0"": 16, ""1"": 16, ""2"": 16, ""3"": 16}",cached_setfit_jsonl,bounded_robust_variant,kept_fraction=0.7969
ag_news,16,0.0,symmetric,trimmed_softmax_logreg,202,64,800,4,0.0,0.545,0.5170523016458666,0.07038116455078125,"{""0"": 16, ""1"": 16, ""2"": 16, ""3"": 16}",cached_setfit_jsonl,bounded_robust_variant,kept_fraction=0.7969
ag_news,16,0.0,symmetric,trimmed_softmax_logreg,303,64,800,4,0.0,0.5225,0.5088007851307208,0.07194161415100098,"{""0"": 16, ""1"": 16, ""2"": 16, ""3"": 16}",cached_setfit_jsonl,bounded_robust_variant,kept_fraction=0.7969
ag_news,16,0.0,symmetric,trimmed_softmax_logreg,404,64,800,4,0.0,0.57125,0.5666103066099606,0.06811904907226562,"{""0"": 16, ""1"": 16, ""2"": 16, ""3"": 16}",cached_setfit_jsonl,bounded_robust_variant,kept_fraction=0.7969
ag_news,16,0.0,symmetric,trimmed_softmax_logreg,505,64,800,4,0.0,0.5275,0.5139016901958081,0.06895112991333008,"{""0"": 16, ""1"": 16, ""2"": 16, ""3"": 16}",cached_setfit_jsonl,bounded_robust_variant,kept_fraction=0.7969
ag_news,16,0.05,class_conditional,linear_svm_hinge,101,64,800,4,0.03125,0.5075,0.5058152355410119,0.05034494400024414,"{""0"": 16, ""1"": 16, ""2"": 16, ""3"": 16}",cached_setfit_jsonl,linear_margin,
ag_news,16,0.05,class_conditional,linear_svm_hinge,202,64,800,4,0.0625,0.545,0.5378469294818595,0.04991888999938965,"{""0"": 16, ""1"": 16, ""2"": 16, ""3"": 16}",cached_setfit_jsonl,linear_margin,
ag_news,16,0.05,class_conditional,linear_svm_hinge,303,64,800,4,0.0625,0.54125,0.5319638906814002,0.047884464263916016,"{""0"": 16, ""1"": 16, ""2"": 16, ""3"": 16}",cached_setfit_jsonl,linear_margin,
ag_news,16,0.05,class_conditional,linear_svm_hinge,404,64,800,4,0.078125,0.56,0.5638671059722453,0.04705619812011719,"{""0"": 16, ""1"": 16, ""2"": 16, ""3"": 16}",cached_setfit_jsonl,linear_margin,
ag_news,16,0.05,class_conditional,linear_svm_hinge,505,64,800,4,0.015625,0.5575,0.5480993491970115,0.051982879638671875,"{""0"": 16, ""1"": 16, ""2"": 16, ""3"": 16}",cached_setfit_jsonl,linear_margin,
ag_news,16,0.05,class_conditional,multinomial_nb,101,64,800,4,0.03125,0.565,0.5639449128720115,0.0427548885345459,"{""0"": 16, ""1"": 16, ""2"": 16, ""3"": 16}",cached_setfit_jsonl,generative_nb,
ag_news,16,0.05,class_conditional,multinomial_nb,202,64,800,4,0.0625,0.5875,0.5871482313111666,0.04398298263549805,"{""0"": 16, ""1"": 16, ""2"": 16, ""3"": 16}",cached_setfit_jsonl,generative_nb,
ag_news,16,0.05,class_conditional,multinomial_nb,303,64,800,4,0.0625,0.56625,0.5554109561914058,0.04146265983581543,"{""0"": 16, ""1"": 16, ""2"": 16, ""3"": 16}",cached_setfit_jsonl,generative_nb,
ag_news,16,0.05,class_conditional,multinomial_nb,404,64,800,4,0.078125,0.57,0.5727665420083121,0.049924612045288086,"{""0"": 16, ""1"": 16, ""2"": 16, ""3"": 16}",cached_setfit_jsonl,generative_nb,
ag_news,16,0.05,class_conditional,multinomial_nb,505,64,800,4,0.015625,0.6075,0.5990215279222594,0.0495147705078125,"{""0"": 16, ""1"": 16, ""2"": 16, ""3"": 16}",cached_setfit_jsonl,generative_nb,
ag_news,16,0.05,class_conditional,softmax_logreg,101,64,800,4,0.03125,0.55,0.5524919538345396,0.061554670333862305,"{""0"": 16, ""1"": 16, ""2"": 16, ""3"": 16}",cached_setfit_jsonl,linear_probabilistic,
ag_news,16,0.05,class_conditional,softmax_logreg,202,64,800,4,0.0625,0.55125,0.546753130215804,0.07012176513671875,"{""0"": 16, ""1"": 16, ""2"": 16, ""3"": 16}",cached_setfit_jsonl,linear_probabilistic,
ag_news,16,0.05,class_conditional,softmax_logreg,303,64,800,4,0.0625,0.5275,0.5167282820555222,0.06056976318359375,"{""0"": 16, ""1"": 16, ""2"": 16, ""3"": 16}",cached_setfit_jsonl,linear_probabilistic,
ag_news,16,0.05,class_conditional,softmax_logreg,404,64,800,4,0.078125,0.52,0.521424507809537,0.0518336296081543,"{""0"": 16, ""1"": 16, ""2"": 16, ""3"": 16}",cached_setfit_jsonl,linear_probabilistic,
ag_news,16,0.05,class_conditional,softmax_logreg,505,64,800,4,0.015625,0.56875,0.5561019829752183,0.06701087951660156,"{""0"": 16, ""1"": 16, ""2"": 16, ""3"": 16}",cached_setfit_jsonl,linear_probabilistic,
ag_news,16,0.05,class_conditional,trimmed_softmax_logreg,101,64,800,4,0.03125,0.435,0.3786172548607475,0.06332159042358398,"{""0"": 16, ""1"": 16, ""2"": 16, ""3"": 16}",cached_setfit_jsonl,bounded_robust_variant,kept_fraction=0.7969
ag_news,16,0.05,class_conditional,trimmed_softmax_logreg,202,64,800,4,0.0625,0.4125,0.34336236376525,0.08143067359924316,"{""0"": 16, ""1"": 16, ""2"": 16, ""3"": 16}",cached_setfit_jsonl,bounded_robust_variant,kept_fraction=0.7969
ag_news,16,0.05,class_conditional,trimmed_softmax_logreg,303,64,800,4,0.0625,0.39875,0.3223265814202913,0.07429313659667969,"{""0"": 16, ""1"": 16, ""2"": 16, ""3"": 16}",cached_setfit_jsonl,bounded_robust_variant,kept_fraction=0.7969
ag_news,16,0.05,class_conditional,trimmed_softmax_logreg,404,64,800,4,0.078125,0.4325,0.3830914164148907,0.06785273551940918,"{""0"": 16, ""1"": 16, ""2"": 16, ""3"": 16}",cached_setfit_jsonl,bounded_robust_variant,kept_fraction=0.7969
ag_news,16,0.05,class_conditional,trimmed_softmax_logreg,505,64,800,4,0.015625,0.4875,0.4353376483008921,0.06699275970458984,"{""0"": 16, ""1"": 16, ""2"": 16, ""3"": 16}",cached_setfit_jsonl,bounded_robust_variant,kept_fraction=0.7969
ag_news,16,0.05,symmetric,linear_svm_hinge,101,64,800,4,0.0625,0.5425,0.5287853264693805,0.049611806869506836,"{""0"": 16, ""1"": 16, ""2"": 16, ""3"": 16}",cached_setfit_jsonl,linear_margin,
ag_news,16,0.05,symmetric,linear_svm_hinge,202,64,800,4,0.0625,0.54625,0.5387752895298599,0.04798269271850586,"{""0"": 16, ""1"": 16, ""2"": 16, ""3"": 16}",cached_setfit_jsonl,linear_margin,
ag_news,16,0.05,symmetric,linear_svm_hinge,303,64,800,4,0.09375,0.54625,0.5329670318095749,0.046141624450683594,"{""0"": 16, ""1"": 16, ""2"": 16, ""3"": 16}",cached_setfit_jsonl,linear_margin,
ag_news,16,0.05,symmetric,linear_svm_hinge,404,64,800,4,0.03125,0.55625,0.540490827944417,0.04564404487609863,"{""0"": 16, ""1"": 16, ""2"": 16, ""3"": 16}",cached_setfit_jsonl,linear_margin,
ag_news,16,0.05,symmetric,linear_svm_hinge,505,64,800,4,0.03125,0.49625,0.48323502443389466,0.05171537399291992,"{""0"": 16, ""1"": 16, ""2"": 16, ""3"": 16}",cached_setfit_jsonl,linear_margin,
ag_news,16,0.05,symmetric,multinomial_nb,101,64,800,4,0.0625,0.5775,0.5740857544901685,0.0501558780670166,"{""0"": 16, ""1"": 16, ""2"": 16, ""3"": 16}",cached_setfit_jsonl,generative_nb,
ag_news,16,0.05,symmetric,multinomial_nb,202,64,800,4,0.0625,0.605,0.6057499110868806,0.04284858703613281,"{""0"": 16, ""1"": 16, ""2"": 16, ""3"": 16}",cached_setfit_jsonl,generative_nb,
ag_news,16,0.05,symmetric,multinomial_nb,303,64,800,4,0.09375,0.5725,0.5657616575612451,0.04868316650390625,"{""0"": 16, ""1"": 16, ""2"": 16, ""3"": 16}",cached_setfit_jsonl,generative_nb,
ag_news,16,0.05,symmetric,multinomial_nb,404,64,800,4,0.03125,0.59625,0.5907905700892762,0.039220333099365234,"{""0"": 16, ""1"": 16, ""2"": 16, ""3"": 16}",cached_setfit_jsonl,generative_nb,
ag_news,16,0.05,symmetric,multinomial_nb,505,64,800,4,0.03125,0.60625,0.5972055214073585,0.04154038429260254,"{""0"": 16, ""1"": 16, ""2"": 16, ""3"": 16}",cached_setfit_jsonl,generative_nb,
ag_news,16,0.05,symmetric,softmax_logreg,101,64,800,4,0.0625,0.56,0.5606160727013864,0.07702279090881348,"{""0"": 16, ""1"": 16, ""2"": 16, ""3"": 16}",cached_setfit_jsonl,linear_probabilistic,
ag_news,16,0.05,symmetric,softmax_logreg,202,64,800,4,0.0625,0.5625,0.5649116698738208,0.060350656509399414,"{""0"": 16, ""1"": 16, ""2"": 16, ""3"": 16}",cached_setfit_jsonl,linear_probabilistic,
ag_news,16,0.05,symmetric,softmax_logreg,303,64,800,4,0.09375,0.545,0.5329472610722611,0.054259538650512695,"{""0"": 16, ""1"": 16, ""2"": 16, ""3"": 16}",cached_setfit_jsonl,linear_probabilistic,
ag_news,16,0.05,symmetric,softmax_logreg,404,64,800,4,0.03125,0.58,0.5740475241444483,0.057908058166503906,"{""0"": 16, ""1"": 16, ""2"": 16, ""3"": 16}",cached_setfit_jsonl,linear_probabilistic,
ag_news,16,0.05,symmetric,softmax_logreg,505,64,800,4,0.03125,0.5625,0.5456673439418898,0.06541585922241211,"{""0"": 16, ""1"": 16, ""2"": 16, ""3"": 16}",cached_setfit_jsonl,linear_probabilistic,
ag_news,16,0.05,symmetric,trimmed_softmax_logreg,101,64,800,4,0.0625,0.4825,0.4696498841911984,0.07349085807800293,"{""0"": 16, ""1"": 16, ""2"": 16, ""3"": 16}",cached_setfit_jsonl,bounded_robust_variant,kept_fraction=0.7969
ag_news,16,0.05,symmetric,trimmed_softmax_logreg,202,64,800,4,0.0625,0.4425,0.42964329893481995,0.06973576545715332,"{""0"": 16, ""1"": 16, ""2"": 16, ""3"": 16}",cached_setfit_jsonl,bounded_robust_variant,kept_fraction=0.7969
ag_news,16,0.05,symmetric,trimmed_softmax_logreg,303,64,800,4,0.09375,0.46875,0.3904667466663391,0.07748150825500488,"{""0"": 16, ""1"": 16, ""2"": 16, ""3"": 16}",cached_setfit_jsonl,bounded_robust_variant,kept_fraction=0.7969
ag_news,16,0.05,symmetric,trimmed_softmax_logreg,404,64,800,4,0.03125,0.525,0.4931958451601532,0.07158708572387695,"{""0"": 16, ""1"": 16, ""2"": 16, ""3"": 16}",cached_setfit_jsonl,bounded_robust_variant,kept_fraction=0.7969
ag_news,16,0.05,symmetric,trimmed_softmax_logreg,505,64,800,4,0.03125,0.42875,0.33168897908029993,0.06981968879699707,"{""0"": 16, ""1"": 16, ""2"": 16, ""3"": 16}",cached_setfit_jsonl,bounded_robust_variant,kept_fraction=0.7969
ag_news,16,0.1,class_conditional,linear_svm_hinge,101,64,800,4,0.09375,0.485,0.48130506541897145,0.048514366149902344,"{""0"": 16, ""1"": 16, ""2"": 16, ""3"": 16}",cached_setfit_jsonl,linear_margin,
ag_news,16,0.1,class_conditional,linear_svm_hinge,202,64,800,4,0.09375,0.5425,0.5293546051060348,0.05501747131347656,"{""0"": 16, ""1"": 16, ""2"": 16, ""3"": 16}",cached_setfit_jsonl,linear_margin,
ag_news,16,0.1,class_conditional,linear_svm_hinge,303,64,800,4,0.125,0.555,0.549365738968504,0.04759526252746582,"{""0"": 16, ""1"": 16, ""2"": 16, ""3"": 16}",cached_setfit_jsonl,linear_margin,
ag_news,16,0.1,class_conditional,linear_svm_hinge,404,64,800,4,0.125,0.4975,0.4810557962917866,0.05383038520812988,"{""0"": 16, ""1"": 16, ""2"": 16, ""3"": 16}",cached_setfit_jsonl,linear_margin,
ag_news,16,0.1,class_conditional,linear_svm_hinge,505,64,800,4,0.09375,0.52875,0.5122813599552136,0.05024290084838867,"{""0"": 16, ""1"": 16, ""2"": 16, ""3"": 16}",cached_setfit_jsonl,linear_margin,
ag_news,16,0.1,class_conditional,multinomial_nb,101,64,800,4,0.09375,0.53,0.5303130782346857,0.058669090270996094,"{""0"": 16, ""1"": 16, ""2"": 16, ""3"": 16}",cached_setfit_jsonl,generative_nb,
ag_news,16,0.1,class_conditional,multinomial_nb,202,64,800,4,0.09375,0.59125,0.5885764161433804,0.04420328140258789,"{""0"": 16, ""1"": 16, ""2"": 16, ""3"": 16}",cached_setfit_jsonl,generative_nb,
ag_news,16,0.1,class_conditional,multinomial_nb,303,64,800,4,0.125,0.5525,0.5478388681643795,0.04677557945251465,"{""0"": 16, ""1"": 16, ""2"": 16, ""3"": 16}",cached_setfit_jsonl,generative_nb,
ag_news,16,0.1,class_conditional,multinomial_nb,404,64,800,4,0.125,0.5775,0.5781167172572242,0.04424118995666504,"{""0"": 16, ""1"": 16, ""2"": 16, ""3"": 16}",cached_setfit_jsonl,generative_nb,
ag_news,16,0.1,class_conditional,multinomial_nb,505,64,800,4,0.09375,0.5725,0.5607330571663659,0.0496373176574707,"{""0"": 16, ""1"": 16, ""2"": 16, ""3"": 16}",cached_setfit_jsonl,generative_nb,
ag_news,16,0.1,class_conditional,softmax_logreg,101,64,800,4,0.09375,0.5175,0.5203725003067109,0.06864118576049805,"{""0"": 16, ""1"": 16, ""2"": 16, ""3"": 16}",cached_setfit_jsonl,linear_probabilistic,
ag_news,16,0.1,class_conditional,softmax_logreg,202,64,800,4,0.09375,0.54,0.5315797821371874,0.0683751106262207,"{""0"": 16, ""1"": 16, ""2"": 16, ""3"": 16}",cached_setfit_jsonl,linear_probabilistic,
ag_news,16,0.1,class_conditional,softmax_logreg,303,64,800,4,0.125,0.54125,0.5338841362205846,0.06736373901367188,"{""0"": 16, ""1"": 16, ""2"": 16, ""3"": 16}",cached_setfit_jsonl,linear_probabilistic,
ag_news,16,0.1,class_conditional,softmax_logreg,404,64,800,4,0.125,0.53375,0.5385959850839935,0.072906494140625,"{""0"": 16, ""1"": 16, ""2"": 16, ""3"": 16}",cached_setfit_jsonl,linear_probabilistic,
ag_news,16,0.1,class_conditional,softmax_logreg,505,64,800,4,0.09375,0.5425,0.5177696961199225,0.0710897445678711,"{""0"": 16, ""1"": 16, ""2"": 16, ""3"": 16}",cached_setfit_jsonl,linear_probabilistic,
ag_news,16,0.1,class_conditional,trimmed_softmax_logreg,101,64,800,4,0.09375,0.415,0.35731959654384204,0.06446623802185059,"{""0"": 16, ""1"": 16, ""2"": 16, ""3"": 16}",cached_setfit_jsonl,bounded_robust_variant,kept_fraction=0.7969
ag_news,16,0.1,class_conditional,trimmed_softmax_logreg,202,64,800,4,0.09375,0.4025,0.3565362124397233,0.07349562644958496,"{""0"": 16, ""1"": 16, ""2"": 16, ""3"": 16}",cached_setfit_jsonl,bounded_robust_variant,kept_fraction=0.7969
ag_news,16,0.1,class_conditional,trimmed_softmax_logreg,303,64,800,4,0.125,0.4575,0.40070642668171574,0.06155204772949219,"{""0"": 16, ""1"": 16, ""2"": 16, ""3"": 16}",cached_setfit_jsonl,bounded_robust_variant,kept_fraction=0.7969
ag_news,16,0.1,class_conditional,trimmed_softmax_logreg,404,64,800,4,0.125,0.43375,0.39873379697710953,0.07502603530883789,"{""0"": 16, ""1"": 16, ""2"": 16, ""3"": 16}",cached_setfit_jsonl,bounded_robust_variant,kept_fraction=0.7969
ag_news,16,0.1,class_conditional,trimmed_softmax_logreg,505,64,800,4,0.09375,0.415,0.35138112068250515,0.0756378173828125,"{""0"": 16, ""1"": 16, ""2"": 16, ""3"": 16}",cached_setfit_jsonl,bounded_robust_variant,kept_fraction=0.7969
ag_news,16,0.1,symmetric,linear_svm_hinge,101,64,800,4,0.140625,0.4625,0.4393562898971412,0.04952216148376465,"{""0"": 16, ""1"": 16, ""2"": 16, ""3"": 16}",cached_setfit_jsonl,linear_margin,
ag_news,16,0.1,symmetric,linear_svm_hinge,202,64,800,4,0.140625,0.5425,0.5402780889088012,0.04867410659790039,"{""0"": 16, ""1"": 16, ""2"": 16, ""3"": 16}",cached_setfit_jsonl,linear_margin,
ag_news,16,0.1,symmetric,linear_svm_hinge,303,64,800,4,0.1875,0.43875,0.37716520645290574,0.0469515323638916,"{""0"": 16, ""1"": 16, ""2"": 16, ""3"": 16}",cached_setfit_jsonl,linear_margin,
ag_news,16,0.1,symmetric,linear_svm_hinge,404,64,800,4,0.15625,0.4925,0.48778503454247424,0.048113107681274414,"{""0"": 16, ""1"": 16, ""2"": 16, ""3"": 16}",cached_setfit_jsonl,linear_margin,
ag_news,16,0.1,symmetric,linear_svm_hinge,505,64,800,4,0.125,0.55,0.5403325135731178,0.049596309661865234,"{""0"": 16, ""1"": 16, ""2"": 16, ""3"": 16}",cached_setfit_jsonl,linear_margin,
ag_news,16,0.1,symmetric,multinomial_nb,101,64,800,4,0.140625,0.53875,0.5395519662159683,0.0528411865234375,"{""0"": 16, ""1"": 16, ""2"": 16, ""3"": 16}",cached_setfit_jsonl,generative_nb,
ag_news,16,0.1,symmetric,multinomial_nb,202,64,800,4,0.140625,0.56625,0.5684665919840945,0.05996227264404297,"{""0"": 16, ""1"": 16, ""2"": 16, ""3"": 16}",cached_setfit_jsonl,generative_nb,
ag_news,16,0.1,symmetric,multinomial_nb,303,64,800,4,0.1875,0.48875,0.4557772883477117,0.04905581474304199,"{""0"": 16, ""1"": 16, ""2"": 16, ""3"": 16}",cached_setfit_jsonl,generative_nb,
ag_news,16,0.1,symmetric,multinomial_nb,404,64,800,4,0.15625,0.5425,0.5415858976721333,0.05460810661315918,"{""0"": 16, ""1"": 16, ""2"": 16, ""3"": 16}",cached_setfit_jsonl,generative_nb,
ag_news,16,0.1,symmetric,multinomial_nb,505,64,800,4,0.125,0.5675,0.5618460450266637,0.05176043510437012,"{""0"": 16, ""1"": 16, ""2"": 16, ""3"": 16}",cached_setfit_jsonl,generative_nb,
ag_news,16,0.1,symmetric,softmax_logreg,101,64,800,4,0.140625,0.48,0.4695099252301932,0.0604395866394043,"{""0"": 16, ""1"": 16, ""2"": 16, ""3"": 16}",cached_setfit_jsonl,linear_probabilistic,
ag_news,16,0.1,symmetric,softmax_logreg,202,64,800,4,0.140625,0.53125,0.5333800128648346,0.06059861183166504,"{""0"": 16, ""1"": 16, ""2"": 16, ""3"": 16}",cached_setfit_jsonl,linear_probabilistic,
ag_news,16,0.1,symmetric,softmax_logreg,303,64,800,4,0.1875,0.44875,0.38768092890118766,0.05977225303649902,"{""0"": 16, ""1"": 16, ""2"": 16, ""3"": 16}",cached_setfit_jsonl,linear_probabilistic,
ag_news,16,0.1,symmetric,softmax_logreg,404,64,800,4,0.15625,0.5075,0.5059978417831942,0.05881166458129883,"{""0"": 16, ""1"": 16, ""2"": 16, ""3"": 16}",cached_setfit_jsonl,linear_probabilistic,
ag_news,16,0.1,symmetric,softmax_logreg,505,64,800,4,0.125,0.5475,0.5317702757477386,0.06689023971557617,"{""0"": 16, ""1"": 16, ""2"": 16, ""3"": 16}",cached_setfit_jsonl,linear_probabilistic,
ag_news,16,0.1,symmetric,trimmed_softmax_logreg,101,64,800,4,0.140625,0.39875,0.3103786119487482,0.0735626220703125,"{""0"": 16, ""1"": 16, ""2"": 16, ""3"": 16}",cached_setfit_jsonl,bounded_robust_variant,kept_fraction=0.7969
ag_news,16,0.1,symmetric,trimmed_softmax_logreg,202,64,800,4,0.140625,0.40125,0.36613532990942915,0.07459592819213867,"{""0"": 16, ""1"": 16, ""2"": 16, ""3"": 16}",cached_setfit_jsonl,bounded_robust_variant,kept_fraction=0.7969
ag_news,16,0.1,symmetric,trimmed_softmax_logreg,303,64,800,4,0.1875,0.41375,0.31892712315433047,0.08205580711364746,"{""0"": 16, ""1"": 16, ""2"": 16, ""3"": 16}",cached_setfit_jsonl,bounded_robust_variant,kept_fraction=0.7969
ag_news,16,0.1,symmetric,trimmed_softmax_logreg,404,64,800,4,0.15625,0.36125,0.3005349686560354,0.0727393627166748,"{""0"": 16, ""1"": 16, ""2"": 16, ""3"": 16}",cached_setfit_jsonl,bounded_robust_variant,kept_fraction=0.7969
ag_news,16,0.1,symmetric,trimmed_softmax_logreg,505,64,800,4,0.125,0.4475,0.3588028160676965,0.07260966300964355,"{""0"": 16, ""1"": 16, ""2"": 16, ""3"": 16}",cached_setfit_jsonl,bounded_robust_variant,kept_fraction=0.7969
ag_news,16,0.2,class_conditional,linear_svm_hinge,101,64,800,4,0.140625,0.46125,0.4484676561884092,0.04740571975708008,"{""0"": 16, ""1"": 16, ""2"": 16, ""3"": 16}",cached_setfit_jsonl,linear_margin,
ag_news,16,0.2,class_conditional,linear_svm_hinge,202,64,800,4,0.1875,0.4625,0.43778195983565094,0.05089616775512695,"{""0"": 16, ""1"": 16, ""2"": 16, ""3"": 16}",cached_setfit_jsonl,linear_margin,
ag_news,16,0.2,class_conditional,linear_svm_hinge,303,64,800,4,0.203125,0.50375,0.48580277015003276,0.047471046447753906,"{""0"": 16, ""1"": 16, ""2"": 16, ""3"": 16}",cached_setfit_jsonl,linear_margin,
ag_news,16,0.2,class_conditional,linear_svm_hinge,404,64,800,4,0.1875,0.43125,0.4256744757215985,0.0504307746887207,"{""0"": 16, ""1"": 16, ""2"": 16, ""3"": 16}",cached_setfit_jsonl,linear_margin,
ag_news,16,0.2,class_conditional,linear_svm_hinge,505,64,800,4,0.203125,0.4275,0.3832613326410277,0.049457550048828125,"{""0"": 16, ""1"": 16, ""2"": 16, ""3"": 16}",cached_setfit_jsonl,linear_margin,
ag_news,16,0.2,class_conditional,multinomial_nb,101,64,800,4,0.140625,0.505,0.5034137697152741,0.057016849517822266,"{""0"": 16, ""1"": 16, ""2"": 16, ""3"": 16}",cached_setfit_jsonl,generative_nb,
ag_news,16,0.2,class_conditional,multinomial_nb,202,64,800,4,0.1875,0.55375,0.5409753991514198,0.04968690872192383,"{""0"": 16, ""1"": 16, ""2"": 16, ""3"": 16}",cached_setfit_jsonl,generative_nb,
ag_news,16,0.2,class_conditional,multinomial_nb,303,64,800,4,0.203125,0.525,0.5203965027550654,0.03941822052001953,"{""0"": 16, ""1"": 16, ""2"": 16, ""3"": 16}",cached_setfit_jsonl,generative_nb,
ag_news,16,0.2,class_conditional,multinomial_nb,404,64,800,4,0.1875,0.51125,0.5057248868241294,0.045674800872802734,"{""0"": 16, ""1"": 16, ""2"": 16, ""3"": 16}",cached_setfit_jsonl,generative_nb,
ag_news,16,0.2,class_conditional,multinomial_nb,505,64,800,4,0.203125,0.53875,0.5253331468705327,0.04900097846984863,"{""0"": 16, ""1"": 16, ""2"": 16, ""3"": 16}",cached_setfit_jsonl,generative_nb,
ag_news,16,0.2,class_conditional,softmax_logreg,101,64,800,4,0.140625,0.45,0.4366923280352383,0.05634593963623047,"{""0"": 16, ""1"": 16, ""2"": 16, ""3"": 16}",cached_setfit_jsonl,linear_probabilistic,
ag_news,16,0.2,class_conditional,softmax_logreg,202,64,800,4,0.1875,0.485,0.4557569077912797,0.06991386413574219,"{""0"": 16, ""1"": 16, ""2"": 16, ""3"": 16}",cached_setfit_jsonl,linear_probabilistic,
ag_news,16,0.2,class_conditional,softmax_logreg,303,64,800,4,0.203125,0.53875,0.5320326715675554,0.0635993480682373,"{""0"": 16, ""1"": 16, ""2"": 16, ""3"": 16}",cached_setfit_jsonl,linear_probabilistic,
ag_news,16,0.2,class_conditional,softmax_logreg,404,64,800,4,0.1875,0.44375,0.4305222383260674,0.06567001342773438,"{""0"": 16, ""1"": 16, ""2"": 16, ""3"": 16}",cached_setfit_jsonl,linear_probabilistic,
ag_news,16,0.2,class_conditional,softmax_logreg,505,64,800,4,0.203125,0.47375,0.44861704776144695,0.06865406036376953,"{""0"": 16, ""1"": 16, ""2"": 16, ""3"": 16}",cached_setfit_jsonl,linear_probabilistic,
ag_news,16,0.2,class_conditional,trimmed_softmax_logreg,101,64,800,4,0.140625,0.37625,0.29639594542688763,0.06911206245422363,"{""0"": 16, ""1"": 16, ""2"": 16, ""3"": 16}",cached_setfit_jsonl,bounded_robust_variant,kept_fraction=0.7969
ag_news,16,0.2,class_conditional,trimmed_softmax_logreg,202,64,800,4,0.1875,0.4125,0.30571570159441086,0.07217025756835938,"{""0"": 16, ""1"": 16, ""2"": 16, ""3"": 16}",cached_setfit_jsonl,bounded_robust_variant,kept_fraction=0.7969
ag_news,16,0.2,class_conditional,trimmed_softmax_logreg,303,64,800,4,0.203125,0.4425,0.38300058746045396,0.05549192428588867,"{""0"": 16, ""1"": 16, ""2"": 16, ""3"": 16}",cached_setfit_jsonl,bounded_robust_variant,kept_fraction=0.7969
ag_news,16,0.2,class_conditional,trimmed_softmax_logreg,404,64,800,4,0.1875,0.365,0.31363855720690414,0.07236671447753906,"{""0"": 16, ""1"": 16, ""2"": 16, ""3"": 16}",cached_setfit_jsonl,bounded_robust_variant,kept_fraction=0.7969
ag_news,16,0.2,class_conditional,trimmed_softmax_logreg,505,64,800,4,0.203125,0.3775,0.3019554409483947,0.07870769500732422,"{""0"": 16, ""1"": 16, ""2"": 16, ""3"": 16}",cached_setfit_jsonl,bounded_robust_variant,kept_fraction=0.7969
ag_news,16,0.2,symmetric,linear_svm_hinge,101,64,800,4,0.1875,0.39875,0.37003988143045047,0.049043893814086914,"{""0"": 16, ""1"": 16, ""2"": 16, ""3"": 16}",cached_setfit_jsonl,linear_margin,
ag_news,16,0.2,symmetric,linear_svm_hinge,202,64,800,4,0.296875,0.43375,0.3855181131511647,0.0503077507019043,"{""0"": 16, ""1"": 16, ""2"": 16, ""3"": 16}",cached_setfit_jsonl,linear_margin,
ag_news,16,0.2,symmetric,linear_svm_hinge,303,64,800,4,0.21875,0.51,0.5002658656016187,0.04932880401611328,"{""0"": 16, ""1"": 16, ""2"": 16, ""3"": 16}",cached_setfit_jsonl,linear_margin,
ag_news,16,0.2,symmetric,linear_svm_hinge,404,64,800,4,0.203125,0.4575,0.4416128692998119,0.05122089385986328,"{""0"": 16, ""1"": 16, ""2"": 16, ""3"": 16}",cached_setfit_jsonl,linear_margin,
ag_news,16,0.2,symmetric,linear_svm_hinge,505,64,800,4,0.15625,0.455,0.41141639521736323,0.04916071891784668,"{""0"": 16, ""1"": 16, ""2"": 16, ""3"": 16}",cached_setfit_jsonl,linear_margin,
ag_news,16,0.2,symmetric,multinomial_nb,101,64,800,4,0.1875,0.48,0.47461300906561854,0.048906803131103516,"{""0"": 16, ""1"": 16, ""2"": 16, ""3"": 16}",cached_setfit_jsonl,generative_nb,
ag_news,16,0.2,symmetric,multinomial_nb,202,64,800,4,0.296875,0.4625,0.44100478190187536,0.04596900939941406,"{""0"": 16, ""1"": 16, ""2"": 16, ""3"": 16}",cached_setfit_jsonl,generative_nb,
ag_news,16,0.2,symmetric,multinomial_nb,303,64,800,4,0.21875,0.50375,0.48006321666245744,0.050675153732299805,"{""0"": 16, ""1"": 16, ""2"": 16, ""3"": 16}",cached_setfit_jsonl,generative_nb,
ag_news,16,0.2,symmetric,multinomial_nb,404,64,800,4,0.203125,0.53125,0.5301966309255641,0.0400235652923584,"{""0"": 16, ""1"": 16, ""2"": 16, ""3"": 16}",cached_setfit_jsonl,generative_nb,
ag_news,16,0.2,symmetric,multinomial_nb,505,64,800,4,0.15625,0.52375,0.5207139410642183,0.05014920234680176,"{""0"": 16, ""1"": 16, ""2"": 16, ""3"": 16}",cached_setfit_jsonl,generative_nb,
ag_news,16,0.2,symmetric,softmax_logreg,101,64,800,4,0.1875,0.405,0.36788107840379064,0.07178330421447754,"{""0"": 16, ""1"": 16, ""2"": 16, ""3"": 16}",cached_setfit_jsonl,linear_probabilistic,
ag_news,16,0.2,symmetric,softmax_logreg,202,64,800,4,0.296875,0.38875,0.32798059632549803,0.06739115715026855,"{""0"": 16, ""1"": 16, ""2"": 16, ""3"": 16}",cached_setfit_jsonl,linear_probabilistic,
ag_news,16,0.2,symmetric,softmax_logreg,303,64,800,4,0.21875,0.495,0.44661120566093904,0.06726741790771484,"{""0"": 16, ""1"": 16, ""2"": 16, ""3"": 16}",cached_setfit_jsonl,linear_probabilistic,
ag_news,16,0.2,symmetric,softmax_logreg,404,64,800,4,0.203125,0.49375,0.49076723643442993,0.06656408309936523,"{""0"": 16, ""1"": 16, ""2"": 16, ""3"": 16}",cached_setfit_jsonl,linear_probabilistic,
ag_news,16,0.2,symmetric,softmax_logreg,505,64,800,4,0.15625,0.4825,0.47071447939857225,0.06944704055786133,"{""0"": 16, ""1"": 16, ""2"": 16, ""3"": 16}",cached_setfit_jsonl,linear_probabilistic,
ag_news,16,0.2,symmetric,trimmed_softmax_logreg,101,64,800,4,0.1875,0.36,0.26844359033740695,0.07007122039794922,"{""0"": 16, ""1"": 16, ""2"": 16, ""3"": 16}",cached_setfit_jsonl,bounded_robust_variant,kept_fraction=0.7969
ag_news,16,0.2,symmetric,trimmed_softmax_logreg,202,64,800,4,0.296875,0.34625,0.2641350076491586,0.06643843650817871,"{""0"": 16, ""1"": 16, ""2"": 16, ""3"": 16}",cached_setfit_jsonl,bounded_robust_variant,kept_fraction=0.8125
ag_news,16,0.2,symmetric,trimmed_softmax_logreg,303,64,800,4,0.21875,0.47625,0.4034799710002417,0.06276226043701172,"{""0"": 16, ""1"": 16, ""2"": 16, ""3"": 16}",cached_setfit_jsonl,bounded_robust_variant,kept_fraction=0.8125
ag_news,16,0.2,symmetric,trimmed_softmax_logreg,404,64,800,4,0.203125,0.4175,0.3349909998893109,0.07422351837158203,"{""0"": 16, ""1"": 16, ""2"": 16, ""3"": 16}",cached_setfit_jsonl,bounded_robust_variant,kept_fraction=0.7969
ag_news,16,0.2,symmetric,trimmed_softmax_logreg,505,64,800,4,0.15625,0.385,0.3074106671466707,0.07455110549926758,"{""0"": 16, ""1"": 16, ""2"": 16, ""3"": 16}",cached_setfit_jsonl,bounded_robust_variant,kept_fraction=0.7969
ag_news,16,0.3,class_conditional,linear_svm_hinge,101,64,800,4,0.234375,0.4125,0.3893497812999365,0.04816412925720215,"{""0"": 16, ""1"": 16, ""2"": 16, ""3"": 16}",cached_setfit_jsonl,linear_margin,
ag_news,16,0.3,class_conditional,linear_svm_hinge,202,64,800,4,0.296875,0.4425,0.42350477978767265,0.05271482467651367,"{""0"": 16, ""1"": 16, ""2"": 16, ""3"": 16}",cached_setfit_jsonl,linear_margin,
ag_news,16,0.3,class_conditional,linear_svm_hinge,303,64,800,4,0.28125,0.48375,0.4743606029621543,0.05047726631164551,"{""0"": 16, ""1"": 16, ""2"": 16, ""3"": 16}",cached_setfit_jsonl,linear_margin,
ag_news,16,0.3,class_conditional,linear_svm_hinge,404,64,800,4,0.390625,0.3425,0.31534189579104377,0.0504908561706543,"{""0"": 16, ""1"": 16, ""2"": 16, ""3"": 16}",cached_setfit_jsonl,linear_margin,
ag_news,16,0.3,class_conditional,linear_svm_hinge,505,64,800,4,0.28125,0.44375,0.42077433885466464,0.051995038986206055,"{""0"": 16, ""1"": 16, ""2"": 16, ""3"": 16}",cached_setfit_jsonl,linear_margin,
ag_news,16,0.3,class_conditional,multinomial_nb,101,64,800,4,0.234375,0.4925,0.48920876584188777,0.05235886573791504,"{""0"": 16, ""1"": 16, ""2"": 16, ""3"": 16}",cached_setfit_jsonl,generative_nb,
ag_news,16,0.3,class_conditional,multinomial_nb,202,64,800,4,0.296875,0.4825,0.4745294951761194,0.042165517807006836,"{""0"": 16, ""1"": 16, ""2"": 16, ""3"": 16}",cached_setfit_jsonl,generative_nb,
ag_news,16,0.3,class_conditional,multinomial_nb,303,64,800,4,0.28125,0.495,0.4930092566857638,0.048510074615478516,"{""0"": 16, ""1"": 16, ""2"": 16, ""3"": 16}",cached_setfit_jsonl,generative_nb,
ag_news,16,0.3,class_conditional,multinomial_nb,404,64,800,4,0.390625,0.3775,0.3648648284280626,0.04529833793640137,"{""0"": 16, ""1"": 16, ""2"": 16, ""3"": 16}",cached_setfit_jsonl,generative_nb,
ag_news,16,0.3,class_conditional,multinomial_nb,505,64,800,4,0.28125,0.48375,0.46141636773817124,3.1891531944274902,"{""0"": 16, ""1"": 16, ""2"": 16, ""3"": 16}",cached_setfit_jsonl,generative_nb,
ag_news,16,0.3,class_conditional,softmax_logreg,101,64,800,4,0.234375,0.41875,0.4049835277335617,0.06955814361572266,"{""0"": 16, ""1"": 16, ""2"": 16, ""3"": 16}",cached_setfit_jsonl,linear_probabilistic,
ag_news,16,0.3,class_conditional,softmax_logreg,202,64,800,4,0.296875,0.4525,0.4311889267825426,0.07179999351501465,"{""0"": 16, ""1"": 16, ""2"": 16, ""3"": 16}",cached_setfit_jsonl,linear_probabilistic,
ag_news,16,0.3,class_conditional,softmax_logreg,303,64,800,4,0.28125,0.48,0.47495562362473415,0.06439661979675293,"{""0"": 16, ""1"": 16, ""2"": 16, ""3"": 16}",cached_setfit_jsonl,linear_probabilistic,
ag_news,16,0.3,class_conditional,softmax_logreg,404,64,800,4,0.390625,0.35125,0.32617372002617906,0.06488180160522461,"{""0"": 16, ""1"": 16, ""2"": 16, ""3"": 16}",cached_setfit_jsonl,linear_probabilistic,
ag_news,16,0.3,class_conditional,softmax_logreg,505,64,800,4,0.28125,0.42625,0.3788959591145947,0.06917238235473633,"{""0"": 16, ""1"": 16, ""2"": 16, ""3"": 16}",cached_setfit_jsonl,linear_probabilistic,
ag_news,16,0.3,class_conditional,trimmed_softmax_logreg,101,64,800,4,0.234375,0.34,0.24595100728270122,0.07273459434509277,"{""0"": 16, ""1"": 16, ""2"": 16, ""3"": 16}",cached_setfit_jsonl,bounded_robust_variant,kept_fraction=0.7969
ag_news,16,0.3,class_conditional,trimmed_softmax_logreg,202,64,800,4,0.296875,0.35375,0.26453857065984065,0.05751490592956543,"{""0"": 16, ""1"": 16, ""2"": 16, ""3"": 16}",cached_setfit_jsonl,bounded_robust_variant,kept_fraction=0.7969
ag_news,16,0.3,class_conditional,trimmed_softmax_logreg,303,64,800,4,0.28125,0.37375,0.30624679987343845,0.08201956748962402,"{""0"": 16, ""1"": 16, ""2"": 16, ""3"": 16}",cached_setfit_jsonl,bounded_robust_variant,kept_fraction=0.7969
ag_news,16,0.3,class_conditional,trimmed_softmax_logreg,404,64,800,4,0.390625,0.36,0.2979976275552085,0.058565378189086914,"{""0"": 16, ""1"": 16, ""2"": 16, ""3"": 16}",cached_setfit_jsonl,bounded_robust_variant,kept_fraction=0.8125
ag_news,16,0.3,class_conditional,trimmed_softmax_logreg,505,64,800,4,0.28125,0.3975,0.3137366931891013,0.07612943649291992,"{""0"": 16, ""1"": 16, ""2"": 16, ""3"": 16}",cached_setfit_jsonl,bounded_robust_variant,kept_fraction=0.8125
ag_news,16,0.3,symmetric,linear_svm_hinge,101,64,800,4,0.296875,0.4125,0.4160065442847054,0.04630899429321289,"{""0"": 16, ""1"": 16, ""2"": 16, ""3"": 16}",cached_setfit_jsonl,linear_margin,
ag_news,16,0.3,symmetric,linear_svm_hinge,202,64,800,4,0.3125,0.36375,0.31902947377739066,0.05466437339782715,"{""0"": 16, ""1"": 16, ""2"": 16, ""3"": 16}",cached_setfit_jsonl,linear_margin,
ag_news,16,0.3,symmetric,linear_svm_hinge,303,64,800,4,0.28125,0.445,0.437852472606696,0.048232316970825195,"{""0"": 16, ""1"": 16, ""2"": 16, ""3"": 16}",cached_setfit_jsonl,linear_margin,
ag_news,16,0.3,symmetric,linear_svm_hinge,404,64,800,4,0.3125,0.39125,0.3378724399167018,0.04987192153930664,"{""0"": 16, ""1"": 16, ""2"": 16, ""3"": 16}",cached_setfit_jsonl,linear_margin,
ag_news,16,0.3,symmetric,linear_svm_hinge,505,64,800,4,0.265625,0.4325,0.3760989793445901,0.05108046531677246,"{""0"": 16, ""1"": 16, ""2"": 16, ""3"": 16}",cached_setfit_jsonl,linear_margin,
ag_news,16,0.3,symmetric,multinomial_nb,101,64,800,4,0.296875,0.44125,0.43792595256859884,0.04653477668762207,"{""0"": 16, ""1"": 16, ""2"": 16, ""3"": 16}",cached_setfit_jsonl,generative_nb,
ag_news,16,0.3,symmetric,multinomial_nb,202,64,800,4,0.3125,0.48125,0.4673559141216875,0.05377340316772461,"{""0"": 16, ""1"": 16, ""2"": 16, ""3"": 16}",cached_setfit_jsonl,generative_nb,
ag_news,16,0.3,symmetric,multinomial_nb,303,64,800,4,0.28125,0.45,0.4443996328604989,0.05337023735046387,"{""0"": 16, ""1"": 16, ""2"": 16, ""3"": 16}",cached_setfit_jsonl,generative_nb,
ag_news,16,0.3,symmetric,multinomial_nb,404,64,800,4,0.3125,0.4475,0.41258331922716973,0.052594900131225586,"{""0"": 16, ""1"": 16, ""2"": 16, ""3"": 16}",cached_setfit_jsonl,generative_nb,
ag_news,16,0.3,symmetric,multinomial_nb,505,64,800,4,0.265625,0.52125,0.5184035876222429,0.0498347282409668,"{""0"": 16, ""1"": 16, ""2"": 16, ""3"": 16}",cached_setfit_jsonl,generative_nb,
ag_news,16,0.3,symmetric,softmax_logreg,101,64,800,4,0.296875,0.39625,0.38972366494643407,0.07505083084106445,"{""0"": 16, ""1"": 16, ""2"": 16, ""3"": 16}",cached_setfit_jsonl,linear_probabilistic,
ag_news,16,0.3,symmetric,softmax_logreg,202,64,800,4,0.3125,0.4225,0.3872460077958003,0.06904911994934082,"{""0"": 16, ""1"": 16, ""2"": 16, ""3"": 16}",cached_setfit_jsonl,linear_probabilistic,
ag_news,16,0.3,symmetric,softmax_logreg,303,64,800,4,0.28125,0.44,0.428303203439073,0.0677785873413086,"{""0"": 16, ""1"": 16, ""2"": 16, ""3"": 16}",cached_setfit_jsonl,linear_probabilistic,
ag_news,16,0.3,symmetric,softmax_logreg,404,64,800,4,0.3125,0.41,0.3466350910216187,0.06737089157104492,"{""0"": 16, ""1"": 16, ""2"": 16, ""3"": 16}",cached_setfit_jsonl,linear_probabilistic,
ag_news,16,0.3,symmetric,softmax_logreg,505,64,800,4,0.265625,0.49875,0.4895135131871081,0.0722665786743164,"{""0"": 16, ""1"": 16, ""2"": 16, ""3"": 16}",cached_setfit_jsonl,linear_probabilistic,
ag_news,16,0.3,symmetric,trimmed_softmax_logreg,101,64,800,4,0.296875,0.335,0.28505401234567906,0.08020424842834473,"{""0"": 16, ""1"": 16, ""2"": 16, ""3"": 16}",cached_setfit_jsonl,bounded_robust_variant,kept_fraction=0.7969
ag_news,16,0.3,symmetric,trimmed_softmax_logreg,202,64,800,4,0.3125,0.39875,0.3324699554177166,0.07453155517578125,"{""0"": 16, ""1"": 16, ""2"": 16, ""3"": 16}",cached_setfit_jsonl,bounded_robust_variant,kept_fraction=0.8125
ag_news,16,0.3,symmetric,trimmed_softmax_logreg,303,64,800,4,0.28125,0.39625,0.34123508284092224,0.0671389102935791,"{""0"": 16, ""1"": 16, ""2"": 16, ""3"": 16}",cached_setfit_jsonl,bounded_robust_variant,kept_fraction=0.8125
ag_news,16,0.3,symmetric,trimmed_softmax_logreg,404,64,800,4,0.3125,0.3925,0.3017490270101036,0.07081222534179688,"{""0"": 16, ""1"": 16, ""2"": 16, ""3"": 16}",cached_setfit_jsonl,bounded_robust_variant,kept_fraction=0.8125
ag_news,16,0.3,symmetric,trimmed_softmax_logreg,505,64,800,4,0.265625,0.365,0.2629713860128607,0.08188223838806152,"{""0"": 16, ""1"": 16, ""2"": 16, ""3"": 16}",cached_setfit_jsonl,bounded_robust_variant,kept_fraction=0.7969
ag_news,64,0.0,class_conditional,linear_svm_hinge,101,256,800,4,0.0,0.62625,0.6030543793174115,0.28121280670166016,"{""0"": 64, ""1"": 64, ""2"": 64, ""3"": 64}",cached_setfit_jsonl,linear_margin,
ag_news,64,0.0,class_conditional,linear_svm_hinge,202,256,800,4,0.0,0.73,0.7326482359359089,0.2524290084838867,"{""0"": 64, ""1"": 64, ""2"": 64, ""3"": 64}",cached_setfit_jsonl,linear_margin,
ag_news,64,0.0,class_conditional,linear_svm_hinge,303,256,800,4,0.0,0.66125,0.6346585667888679,0.23512697219848633,"{""0"": 64, ""1"": 64, ""2"": 64, ""3"": 64}",cached_setfit_jsonl,linear_margin,
ag_news,64,0.0,class_conditional,linear_svm_hinge,404,256,800,4,0.0,0.6975,0.6827568976053121,0.21280455589294434,"{""0"": 64, ""1"": 64, ""2"": 64, ""3"": 64}",cached_setfit_jsonl,linear_margin,
ag_news,64,0.0,class_conditional,linear_svm_hinge,505,256,800,4,0.0,0.72875,0.726647406568987,0.25884246826171875,"{""0"": 64, ""1"": 64, ""2"": 64, ""3"": 64}",cached_setfit_jsonl,linear_margin,
ag_news,64,0.0,class_conditional,multinomial_nb,101,256,800,4,0.0,0.75625,0.7541157052159497,0.06729531288146973,"{""0"": 64, ""1"": 64, ""2"": 64, ""3"": 64}",cached_setfit_jsonl,generative_nb,
ag_news,64,0.0,class_conditional,multinomial_nb,202,256,800,4,0.0,0.7725,0.7731223256706813,0.07048463821411133,"{""0"": 64, ""1"": 64, ""2"": 64, ""3"": 64}",cached_setfit_jsonl,generative_nb,
ag_news,64,0.0,class_conditional,multinomial_nb,303,256,800,4,0.0,0.7525,0.7512105393901775,0.07055044174194336,"{""0"": 64, ""1"": 64, ""2"": 64, ""3"": 64}",cached_setfit_jsonl,generative_nb,
ag_news,64,0.0,class_conditional,multinomial_nb,404,256,800,4,0.0,0.75375,0.7516672073481798,0.07012462615966797,"{""0"": 64, ""1"": 64, ""2"": 64, ""3"": 64}",cached_setfit_jsonl,generative_nb,
ag_news,64,0.0,class_conditional,multinomial_nb,505,256,800,4,0.0,0.76125,0.7606614972721761,0.06787753105163574,"{""0"": 64, ""1"": 64, ""2"": 64, ""3"": 64}",cached_setfit_jsonl,generative_nb,
ag_news,64,0.0,class_conditional,softmax_logreg,101,256,800,4,0.0,0.73,0.7266847883017593,0.1279618740081787,"{""0"": 64, ""1"": 64, ""2"": 64, ""3"": 64}",cached_setfit_jsonl,linear_probabilistic,
ag_news,64,0.0,class_conditional,softmax_logreg,202,256,800,4,0.0,0.7325,0.7311186471441073,0.10810613632202148,"{""0"": 64, ""1"": 64, ""2"": 64, ""3"": 64}",cached_setfit_jsonl,linear_probabilistic,
ag_news,64,0.0,class_conditional,softmax_logreg,303,256,800,4,0.0,0.735,0.733201383072906,0.10834217071533203,"{""0"": 64, ""1"": 64, ""2"": 64, ""3"": 64}",cached_setfit_jsonl,linear_probabilistic,
ag_news,64,0.0,class_conditional,softmax_logreg,404,256,800,4,0.0,0.74625,0.7422874579124579,0.12250757217407227,"{""0"": 64, ""1"": 64, ""2"": 64, ""3"": 64}",cached_setfit_jsonl,linear_probabilistic,
ag_news,64,0.0,class_conditional,softmax_logreg,505,256,800,4,0.0,0.7575,0.7563021124106989,0.12595820426940918,"{""0"": 64, ""1"": 64, ""2"": 64, ""3"": 64}",cached_setfit_jsonl,linear_probabilistic,
ag_news,64,0.0,class_conditional,trimmed_softmax_logreg,101,256,800,4,0.0,0.70625,0.7001179010353042,0.1382594108581543,"{""0"": 64, ""1"": 64, ""2"": 64, ""3"": 64}",cached_setfit_jsonl,bounded_robust_variant,kept_fraction=0.8008
ag_news,64,0.0,class_conditional,trimmed_softmax_logreg,202,256,800,4,0.0,0.6675,0.6589040240558806,0.12694573402404785,"{""0"": 64, ""1"": 64, ""2"": 64, ""3"": 64}",cached_setfit_jsonl,bounded_robust_variant,kept_fraction=0.8008
ag_news,64,0.0,class_conditional,trimmed_softmax_logreg,303,256,800,4,0.0,0.6575,0.6503561406975564,0.1271674633026123,"{""0"": 64, ""1"": 64, ""2"": 64, ""3"": 64}",cached_setfit_jsonl,bounded_robust_variant,kept_fraction=0.8008
ag_news,64,0.0,class_conditional,trimmed_softmax_logreg,404,256,800,4,0.0,0.71375,0.7044342847679562,0.13321518898010254,"{""0"": 64, ""1"": 64, ""2"": 64, ""3"": 64}",cached_setfit_jsonl,bounded_robust_variant,kept_fraction=0.8008
ag_news,64,0.0,class_conditional,trimmed_softmax_logreg,505,256,800,4,0.0,0.72875,0.7273041473268252,0.12908935546875,"{""0"": 64, ""1"": 64, ""2"": 64, ""3"": 64}",cached_setfit_jsonl,bounded_robust_variant,kept_fraction=0.8008
ag_news,64,0.0,symmetric,linear_svm_hinge,101,256,800,4,0.0,0.62625,0.6030543793174115,0.2321643829345703,"{""0"": 64, ""1"": 64, ""2"": 64, ""3"": 64}",cached_setfit_jsonl,linear_margin,
ag_news,64,0.0,symmetric,linear_svm_hinge,202,256,800,4,0.0,0.73,0.7326482359359089,0.24647045135498047,"{""0"": 64, ""1"": 64, ""2"": 64, ""3"": 64}",cached_setfit_jsonl,linear_margin,
ag_news,64,0.0,symmetric,linear_svm_hinge,303,256,800,4,0.0,0.66125,0.6346585667888679,0.21410703659057617,"{""0"": 64, ""1"": 64, ""2"": 64, ""3"": 64}",cached_setfit_jsonl,linear_margin,
ag_news,64,0.0,symmetric,linear_svm_hinge,404,256,800,4,0.0,0.6975,0.6827568976053121,0.24276971817016602,"{""0"": 64, ""1"": 64, ""2"": 64, ""3"": 64}",cached_setfit_jsonl,linear_margin,
ag_news,64,0.0,symmetric,linear_svm_hinge,505,256,800,4,0.0,0.72875,0.726647406568987,0.28767967224121094,"{""0"": 64, ""1"": 64, ""2"": 64, ""3"": 64}",cached_setfit_jsonl,linear_margin,
ag_news,64,0.0,symmetric,multinomial_nb,101,256,800,4,0.0,0.75625,0.7541157052159497,0.07325363159179688,"{""0"": 64, ""1"": 64, ""2"": 64, ""3"": 64}",cached_setfit_jsonl,generative_nb,
ag_news,64,0.0,symmetric,multinomial_nb,202,256,800,4,0.0,0.7725,0.7731223256706813,0.0688629150390625,"{""0"": 64, ""1"": 64, ""2"": 64, ""3"": 64}",cached_setfit_jsonl,generative_nb,
ag_news,64,0.0,symmetric,multinomial_nb,303,256,800,4,0.0,0.7525,0.7512105393901775,0.06996726989746094,"{""0"": 64, ""1"": 64, ""2"": 64, ""3"": 64}",cached_setfit_jsonl,generative_nb,
ag_news,64,0.0,symmetric,multinomial_nb,404,256,800,4,0.0,0.75375,0.7516672073481798,0.07100343704223633,"{""0"": 64, ""1"": 64, ""2"": 64, ""3"": 64}",cached_setfit_jsonl,generative_nb,
ag_news,64,0.0,symmetric,multinomial_nb,505,256,800,4,0.0,0.76125,0.7606614972721761,0.06771302223205566,"{""0"": 64, ""1"": 64, ""2"": 64, ""3"": 64}",cached_setfit_jsonl,generative_nb,
ag_news,64,0.0,symmetric,softmax_logreg,101,256,800,4,0.0,0.73,0.7266847883017593,0.11687660217285156,"{""0"": 64, ""1"": 64, ""2"": 64, ""3"": 64}",cached_setfit_jsonl,linear_probabilistic,
ag_news,64,0.0,symmetric,softmax_logreg,202,256,800,4,0.0,0.7325,0.7311186471441073,0.11005854606628418,"{""0"": 64, ""1"": 64, ""2"": 64, ""3"": 64}",cached_setfit_jsonl,linear_probabilistic,
ag_news,64,0.0,symmetric,softmax_logreg,303,256,800,4,0.0,0.735,0.733201383072906,0.11438155174255371,"{""0"": 64, ""1"": 64, ""2"": 64, ""3"": 64}",cached_setfit_jsonl,linear_probabilistic,
ag_news,64,0.0,symmetric,softmax_logreg,404,256,800,4,0.0,0.74625,0.7422874579124579,0.1343090534210205,"{""0"": 64, ""1"": 64, ""2"": 64, ""3"": 64}",cached_setfit_jsonl,linear_probabilistic,
ag_news,64,0.0,symmetric,softmax_logreg,505,256,800,4,0.0,0.7575,0.7563021124106989,0.10934066772460938,"{""0"": 64, ""1"": 64, ""2"": 64, ""3"": 64}",cached_setfit_jsonl,linear_probabilistic,
ag_news,64,0.0,symmetric,trimmed_softmax_logreg,101,256,800,4,0.0,0.70625,0.7001179010353042,0.12769365310668945,"{""0"": 64, ""1"": 64, ""2"": 64, ""3"": 64}",cached_setfit_jsonl,bounded_robust_variant,kept_fraction=0.8008
ag_news,64,0.0,symmetric,trimmed_softmax_logreg,202,256,800,4,0.0,0.6675,0.6589040240558806,0.12498903274536133,"{""0"": 64, ""1"": 64, ""2"": 64, ""3"": 64}",cached_setfit_jsonl,bounded_robust_variant,kept_fraction=0.8008
ag_news,64,0.0,symmetric,trimmed_softmax_logreg,303,256,800,4,0.0,0.6575,0.6503561406975564,0.1481008529663086,"{""0"": 64, ""1"": 64, ""2"": 64, ""3"": 64}",cached_setfit_jsonl,bounded_robust_variant,kept_fraction=0.8008
ag_news,64,0.0,symmetric,trimmed_softmax_logreg,404,256,800,4,0.0,0.71375,0.7044342847679562,0.13451743125915527,"{""0"": 64, ""1"": 64, ""2"": 64, ""3"": 64}",cached_setfit_jsonl,bounded_robust_variant,kept_fraction=0.8008
ag_news,64,0.0,symmetric,trimmed_softmax_logreg,505,256,800,4,0.0,0.72875,0.7273041473268252,0.1390995979309082,"{""0"": 64, ""1"": 64, ""2"": 64, ""3"": 64}",cached_setfit_jsonl,bounded_robust_variant,kept_fraction=0.8008
ag_news,64,0.05,class_conditional,linear_svm_hinge,101,256,800,4,0.0546875,0.7225,0.7176440228193781,0.24236440658569336,"{""0"": 64, ""1"": 64, ""2"": 64, ""3"": 64}",cached_setfit_jsonl,linear_margin,
ag_news,64,0.05,class_conditional,linear_svm_hinge,202,256,800,4,0.03515625,0.67125,0.6449834711535108,0.21796369552612305,"{""0"": 64, ""1"": 64, ""2"": 64, ""3"": 64}",cached_setfit_jsonl,linear_margin,
ag_news,64,0.05,class_conditional,linear_svm_hinge,303,256,800,4,0.0234375,0.67,0.6550164136778875,0.2751433849334717,"{""0"": 64, ""1"": 64, ""2"": 64, ""3"": 64}",cached_setfit_jsonl,linear_margin,
ag_news,64,0.05,class_conditional,linear_svm_hinge,404,256,800,4,0.06640625,0.6775,0.6731980775069031,0.25758790969848633,"{""0"": 64, ""1"": 64, ""2"": 64, ""3"": 64}",cached_setfit_jsonl,linear_margin,
ag_news,64,0.05,class_conditional,linear_svm_hinge,505,256,800,4,0.03125,0.67375,0.6700733942107578,0.23677921295166016,"{""0"": 64, ""1"": 64, ""2"": 64, ""3"": 64}",cached_setfit_jsonl,linear_margin,
ag_news,64,0.05,class_conditional,multinomial_nb,101,256,800,4,0.0546875,0.75,0.7466615825019736,0.07244753837585449,"{""0"": 64, ""1"": 64, ""2"": 64, ""3"": 64}",cached_setfit_jsonl,generative_nb,
ag_news,64,0.05,class_conditional,multinomial_nb,202,256,800,4,0.03515625,0.75875,0.7588459923433539,0.06657981872558594,"{""0"": 64, ""1"": 64, ""2"": 64, ""3"": 64}",cached_setfit_jsonl,generative_nb,
ag_news,64,0.05,class_conditional,multinomial_nb,303,256,800,4,0.0234375,0.7425,0.7405351853879156,0.0703730583190918,"{""0"": 64, ""1"": 64, ""2"": 64, ""3"": 64}",cached_setfit_jsonl,generative_nb,
ag_news,64,0.05,class_conditional,multinomial_nb,404,256,800,4,0.06640625,0.735,0.7320421657305223,0.08083105087280273,"{""0"": 64, ""1"": 64, ""2"": 64, ""3"": 64}",cached_setfit_jsonl,generative_nb,
ag_news,64,0.05,class_conditional,multinomial_nb,505,256,800,4,0.03125,0.75125,0.7518700567763713,0.06871318817138672,"{""0"": 64, ""1"": 64, ""2"": 64, ""3"": 64}",cached_setfit_jsonl,generative_nb,
ag_news,64,0.05,class_conditional,softmax_logreg,101,256,800,4,0.0546875,0.72875,0.722396232845718,0.11043596267700195,"{""0"": 64, ""1"": 64, ""2"": 64, ""3"": 64}",cached_setfit_jsonl,linear_probabilistic,
ag_news,64,0.05,class_conditional,softmax_logreg,202,256,800,4,0.03515625,0.72375,0.7207916613626615,0.10941720008850098,"{""0"": 64, ""1"": 64, ""2"": 64, ""3"": 64}",cached_setfit_jsonl,linear_probabilistic,
ag_news,64,0.05,class_conditional,softmax_logreg,303,256,800,4,0.0234375,0.72375,0.720572691312364,0.11108589172363281,"{""0"": 64, ""1"": 64, ""2"": 64, ""3"": 64}",cached_setfit_jsonl,linear_probabilistic,
ag_news,64,0.05,class_conditional,softmax_logreg,404,256,800,4,0.06640625,0.7075,0.6986115042076787,0.1181640625,"{""0"": 64, ""1"": 64, ""2"": 64, ""3"": 64}",cached_setfit_jsonl,linear_probabilistic,
ag_news,64,0.05,class_conditional,softmax_logreg,505,256,800,4,0.03125,0.7425,0.7429214590324764,0.1275920867919922,"{""0"": 64, ""1"": 64, ""2"": 64, ""3"": 64}",cached_setfit_jsonl,linear_probabilistic,
ag_news,64,0.05,class_conditional,trimmed_softmax_logreg,101,256,800,4,0.0546875,0.58875,0.525953629880789,0.12834429740905762,"{""0"": 64, ""1"": 64, ""2"": 64, ""3"": 64}",cached_setfit_jsonl,bounded_robust_variant,kept_fraction=0.8008
ag_news,64,0.05,class_conditional,trimmed_softmax_logreg,202,256,800,4,0.03515625,0.625,0.5876797802888207,0.12717080116271973,"{""0"": 64, ""1"": 64, ""2"": 64, ""3"": 64}",cached_setfit_jsonl,bounded_robust_variant,kept_fraction=0.8008
ag_news,64,0.05,class_conditional,trimmed_softmax_logreg,303,256,800,4,0.0234375,0.60375,0.5637055252204208,0.1501154899597168,"{""0"": 64, ""1"": 64, ""2"": 64, ""3"": 64}",cached_setfit_jsonl,bounded_robust_variant,kept_fraction=0.8008
ag_news,64,0.05,class_conditional,trimmed_softmax_logreg,404,256,800,4,0.06640625,0.55375,0.4970835399039621,0.12893056869506836,"{""0"": 64, ""1"": 64, ""2"": 64, ""3"": 64}",cached_setfit_jsonl,bounded_robust_variant,kept_fraction=0.8008
ag_news,64,0.05,class_conditional,trimmed_softmax_logreg,505,256,800,4,0.03125,0.685,0.6793251030203203,0.1312868595123291,"{""0"": 64, ""1"": 64, ""2"": 64, ""3"": 64}",cached_setfit_jsonl,bounded_robust_variant,kept_fraction=0.8008
ag_news,64,0.05,symmetric,linear_svm_hinge,101,256,800,4,0.0625,0.64375,0.6279519267290117,0.2207643985748291,"{""0"": 64, ""1"": 64, ""2"": 64, ""3"": 64}",cached_setfit_jsonl,linear_margin,
ag_news,64,0.05,symmetric,linear_svm_hinge,202,256,800,4,0.05859375,0.6375,0.604120779858465,0.2179241180419922,"{""0"": 64, ""1"": 64, ""2"": 64, ""3"": 64}",cached_setfit_jsonl,linear_margin,
ag_news,64,0.05,symmetric,linear_svm_hinge,303,256,800,4,0.0390625,0.68875,0.6805521697606911,0.24902868270874023,"{""0"": 64, ""1"": 64, ""2"": 64, ""3"": 64}",cached_setfit_jsonl,linear_margin,
ag_news,64,0.05,symmetric,linear_svm_hinge,404,256,800,4,0.0546875,0.59625,0.5791847001799983,0.2766115665435791,"{""0"": 64, ""1"": 64, ""2"": 64, ""3"": 64}",cached_setfit_jsonl,linear_margin,
ag_news,64,0.05,symmetric,linear_svm_hinge,505,256,800,4,0.0390625,0.66875,0.661228381621062,0.24301862716674805,"{""0"": 64, ""1"": 64, ""2"": 64, ""3"": 64}",cached_setfit_jsonl,linear_margin,
ag_news,64,0.05,symmetric,multinomial_nb,101,256,800,4,0.0625,0.7325,0.7304895332682697,0.07028365135192871,"{""0"": 64, ""1"": 64, ""2"": 64, ""3"": 64}",cached_setfit_jsonl,generative_nb,
ag_news,64,0.05,symmetric,multinomial_nb,202,256,800,4,0.05859375,0.75,0.7502715964996667,0.07210469245910645,"{""0"": 64, ""1"": 64, ""2"": 64, ""3"": 64}",cached_setfit_jsonl,generative_nb,
ag_news,64,0.05,symmetric,multinomial_nb,303,256,800,4,0.0390625,0.74875,0.7477032113724859,0.07089757919311523,"{""0"": 64, ""1"": 64, ""2"": 64, ""3"": 64}",cached_setfit_jsonl,generative_nb,
ag_news,64,0.05,symmetric,multinomial_nb,404,256,800,4,0.0546875,0.75625,0.75390977535886,0.07820534706115723,"{""0"": 64, ""1"": 64, ""2"": 64, ""3"": 64}",cached_setfit_jsonl,generative_nb,
ag_news,64,0.05,symmetric,multinomial_nb,505,256,800,4,0.0390625,0.7525,0.752077936430283,0.08290719985961914,"{""0"": 64, ""1"": 64, ""2"": 64, ""3"": 64}",cached_setfit_jsonl,generative_nb,
ag_news,64,0.05,symmetric,softmax_logreg,101,256,800,4,0.0625,0.70125,0.697309466136875,0.11172223091125488,"{""0"": 64, ""1"": 64, ""2"": 64, ""3"": 64}",cached_setfit_jsonl,linear_probabilistic,
ag_news,64,0.05,symmetric,softmax_logreg,202,256,800,4,0.05859375,0.7125,0.7080143398810785,0.10782289505004883,"{""0"": 64, ""1"": 64, ""2"": 64, ""3"": 64}",cached_setfit_jsonl,linear_probabilistic,
ag_news,64,0.05,symmetric,softmax_logreg,303,256,800,4,0.0390625,0.73625,0.7348628821825298,0.10853433609008789,"{""0"": 64, ""1"": 64, ""2"": 64, ""3"": 64}",cached_setfit_jsonl,linear_probabilistic,
ag_news,64,0.05,symmetric,softmax_logreg,404,256,800,4,0.0546875,0.71125,0.7028425989012179,0.10769820213317871,"{""0"": 64, ""1"": 64, ""2"": 64, ""3"": 64}",cached_setfit_jsonl,linear_probabilistic,
ag_news,64,0.05,symmetric,softmax_logreg,505,256,800,4,0.0390625,0.73875,0.736181174879991,0.11270523071289062,"{""0"": 64, ""1"": 64, ""2"": 64, ""3"": 64}",cached_setfit_jsonl,linear_probabilistic,
ag_news,64,0.05,symmetric,trimmed_softmax_logreg,101,256,800,4,0.0625,0.64125,0.6241035555705768,0.12127852439880371,"{""0"": 64, ""1"": 64, ""2"": 64, ""3"": 64}",cached_setfit_jsonl,bounded_robust_variant,kept_fraction=0.8008
ag_news,64,0.05,symmetric,trimmed_softmax_logreg,202,256,800,4,0.05859375,0.57875,0.5206601488115711,0.12151193618774414,"{""0"": 64, ""1"": 64, ""2"": 64, ""3"": 64}",cached_setfit_jsonl,bounded_robust_variant,kept_fraction=0.8008
ag_news,64,0.05,symmetric,trimmed_softmax_logreg,303,256,800,4,0.0390625,0.60375,0.5759010385192872,0.12828469276428223,"{""0"": 64, ""1"": 64, ""2"": 64, ""3"": 64}",cached_setfit_jsonl,bounded_robust_variant,kept_fraction=0.8008
ag_news,64,0.05,symmetric,trimmed_softmax_logreg,404,256,800,4,0.0546875,0.6125,0.5863051847019248,0.12415695190429688,"{""0"": 64, ""1"": 64, ""2"": 64, ""3"": 64}",cached_setfit_jsonl,bounded_robust_variant,kept_fraction=0.8008
ag_news,64,0.05,symmetric,trimmed_softmax_logreg,505,256,800,4,0.0390625,0.6475,0.6363492802051509,0.13358378410339355,"{""0"": 64, ""1"": 64, ""2"": 64, ""3"": 64}",cached_setfit_jsonl,bounded_robust_variant,kept_fraction=0.8008
ag_news,64,0.1,class_conditional,linear_svm_hinge,101,256,800,4,0.11328125,0.60625,0.5900260855593407,0.2578921318054199,"{""0"": 64, ""1"": 64, ""2"": 64, ""3"": 64}",cached_setfit_jsonl,linear_margin,
ag_news,64,0.1,class_conditional,linear_svm_hinge,202,256,800,4,0.06640625,0.57625,0.564565099077813,0.2328794002532959,"{""0"": 64, ""1"": 64, ""2"": 64, ""3"": 64}",cached_setfit_jsonl,linear_margin,
ag_news,64,0.1,class_conditional,linear_svm_hinge,303,256,800,4,0.08984375,0.71375,0.7092706098162463,0.3124401569366455,"{""0"": 64, ""1"": 64, ""2"": 64, ""3"": 64}",cached_setfit_jsonl,linear_margin,
ag_news,64,0.1,class_conditional,linear_svm_hinge,404,256,800,4,0.12109375,0.6125,0.592783701168763,0.20591020584106445,"{""0"": 64, ""1"": 64, ""2"": 64, ""3"": 64}",cached_setfit_jsonl,linear_margin,
ag_news,64,0.1,class_conditional,linear_svm_hinge,505,256,800,4,0.078125,0.65,0.6285514782137901,0.29190850257873535,"{""0"": 64, ""1"": 64, ""2"": 64, ""3"": 64}",cached_setfit_jsonl,linear_margin,
ag_news,64,0.1,class_conditional,multinomial_nb,101,256,800,4,0.11328125,0.72625,0.7219922990057597,0.0662527084350586,"{""0"": 64, ""1"": 64, ""2"": 64, ""3"": 64}",cached_setfit_jsonl,generative_nb,
ag_news,64,0.1,class_conditional,multinomial_nb,202,256,800,4,0.06640625,0.7425,0.7432870227599482,0.07041645050048828,"{""0"": 64, ""1"": 64, ""2"": 64, ""3"": 64}",cached_setfit_jsonl,generative_nb,
ag_news,64,0.1,class_conditional,multinomial_nb,303,256,800,4,0.08984375,0.69875,0.691431822245957,0.06884145736694336,"{""0"": 64, ""1"": 64, ""2"": 64, ""3"": 64}",cached_setfit_jsonl,generative_nb,
ag_news,64,0.1,class_conditional,multinomial_nb,404,256,800,4,0.12109375,0.72125,0.7204125435714455,0.06586503982543945,"{""0"": 64, ""1"": 64, ""2"": 64, ""3"": 64}",cached_setfit_jsonl,generative_nb,
ag_news,64,0.1,class_conditional,multinomial_nb,505,256,800,4,0.078125,0.745,0.744427124020069,0.06798148155212402,"{""0"": 64, ""1"": 64, ""2"": 64, ""3"": 64}",cached_setfit_jsonl,generative_nb,
ag_news,64,0.1,class_conditional,softmax_logreg,101,256,800,4,0.11328125,0.70125,0.6956972320008802,0.1049802303314209,"{""0"": 64, ""1"": 64, ""2"": 64, ""3"": 64}",cached_setfit_jsonl,linear_probabilistic,
ag_news,64,0.1,class_conditional,softmax_logreg,202,256,800,4,0.06640625,0.72,0.7172574866113172,0.10827469825744629,"{""0"": 64, ""1"": 64, ""2"": 64, ""3"": 64}",cached_setfit_jsonl,linear_probabilistic,
ag_news,64,0.1,class_conditional,softmax_logreg,303,256,800,4,0.08984375,0.67,0.6566252091598956,0.1179807186126709,"{""0"": 64, ""1"": 64, ""2"": 64, ""3"": 64}",cached_setfit_jsonl,linear_probabilistic,
ag_news,64,0.1,class_conditional,softmax_logreg,404,256,800,4,0.12109375,0.7125,0.707711964164208,0.12344002723693848,"{""0"": 64, ""1"": 64, ""2"": 64, ""3"": 64}",cached_setfit_jsonl,linear_probabilistic,
ag_news,64,0.1,class_conditional,softmax_logreg,505,256,800,4,0.078125,0.70125,0.6991336919361182,0.10611772537231445,"{""0"": 64, ""1"": 64, ""2"": 64, ""3"": 64}",cached_setfit_jsonl,linear_probabilistic,
ag_news,64,0.1,class_conditional,trimmed_softmax_logreg,101,256,800,4,0.11328125,0.53375,0.49300363496689564,0.12220072746276855,"{""0"": 64, ""1"": 64, ""2"": 64, ""3"": 64}",cached_setfit_jsonl,bounded_robust_variant,kept_fraction=0.8008
ag_news,64,0.1,class_conditional,trimmed_softmax_logreg,202,256,800,4,0.06640625,0.585,0.5697576937702672,0.13936161994934082,"{""0"": 64, ""1"": 64, ""2"": 64, ""3"": 64}",cached_setfit_jsonl,bounded_robust_variant,kept_fraction=0.8008
ag_news,64,0.1,class_conditional,trimmed_softmax_logreg,303,256,800,4,0.08984375,0.55,0.4775268658255474,0.12746930122375488,"{""0"": 64, ""1"": 64, ""2"": 64, ""3"": 64}",cached_setfit_jsonl,bounded_robust_variant,kept_fraction=0.8008
ag_news,64,0.1,class_conditional,trimmed_softmax_logreg,404,256,800,4,0.12109375,0.64125,0.6068863545791521,0.12184786796569824,"{""0"": 64, ""1"": 64, ""2"": 64, ""3"": 64}",cached_setfit_jsonl,bounded_robust_variant,kept_fraction=0.8008
ag_news,64,0.1,class_conditional,trimmed_softmax_logreg,505,256,800,4,0.078125,0.55875,0.5075289129174552,0.12246346473693848,"{""0"": 64, ""1"": 64, ""2"": 64, ""3"": 64}",cached_setfit_jsonl,bounded_robust_variant,kept_fraction=0.8008
ag_news,64,0.1,symmetric,linear_svm_hinge,101,256,800,4,0.13671875,0.6625,0.6453744467005684,0.22400212287902832,"{""0"": 64, ""1"": 64, ""2"": 64, ""3"": 64}",cached_setfit_jsonl,linear_margin,
ag_news,64,0.1,symmetric,linear_svm_hinge,202,256,800,4,0.08984375,0.70375,0.6972742960530317,0.2353804111480713,"{""0"": 64, ""1"": 64, ""2"": 64, ""3"": 64}",cached_setfit_jsonl,linear_margin,
ag_news,64,0.1,symmetric,linear_svm_hinge,303,256,800,4,0.12890625,0.58625,0.5923336947557323,0.2695639133453369,"{""0"": 64, ""1"": 64, ""2"": 64, ""3"": 64}",cached_setfit_jsonl,linear_margin,
ag_news,64,0.1,symmetric,linear_svm_hinge,404,256,800,4,0.12890625,0.64,0.6121238616305186,0.221574068069458,"{""0"": 64, ""1"": 64, ""2"": 64, ""3"": 64}",cached_setfit_jsonl,linear_margin,
ag_news,64,0.1,symmetric,linear_svm_hinge,505,256,800,4,0.078125,0.69875,0.6931721899438908,0.3249208927154541,"{""0"": 64, ""1"": 64, ""2"": 64, ""3"": 64}",cached_setfit_jsonl,linear_margin,
ag_news,64,0.1,symmetric,multinomial_nb,101,256,800,4,0.13671875,0.73,0.7282633231121131,0.07751011848449707,"{""0"": 64, ""1"": 64, ""2"": 64, ""3"": 64}",cached_setfit_jsonl,generative_nb,
ag_news,64,0.1,symmetric,multinomial_nb,202,256,800,4,0.08984375,0.735,0.7354184701231308,0.07211899757385254,"{""0"": 64, ""1"": 64, ""2"": 64, ""3"": 64}",cached_setfit_jsonl,generative_nb,
ag_news,64,0.1,symmetric,multinomial_nb,303,256,800,4,0.12890625,0.715,0.7140725875780716,0.06937789916992188,"{""0"": 64, ""1"": 64, ""2"": 64, ""3"": 64}",cached_setfit_jsonl,generative_nb,
ag_news,64,0.1,symmetric,multinomial_nb,404,256,800,4,0.12890625,0.71375,0.7109890643388552,0.06763529777526855,"{""0"": 64, ""1"": 64, ""2"": 64, ""3"": 64}",cached_setfit_jsonl,generative_nb,
ag_news,64,0.1,symmetric,multinomial_nb,505,256,800,4,0.078125,0.73375,0.7323570722999846,0.07190275192260742,"{""0"": 64, ""1"": 64, ""2"": 64, ""3"": 64}",cached_setfit_jsonl,generative_nb,
ag_news,64,0.1,symmetric,softmax_logreg,101,256,800,4,0.13671875,0.6975,0.693662905692147,0.11255550384521484,"{""0"": 64, ""1"": 64, ""2"": 64, ""3"": 64}",cached_setfit_jsonl,linear_probabilistic,
ag_news,64,0.1,symmetric,softmax_logreg,202,256,800,4,0.08984375,0.7225,0.7184255240845581,0.11077332496643066,"{""0"": 64, ""1"": 64, ""2"": 64, ""3"": 64}",cached_setfit_jsonl,linear_probabilistic,
ag_news,64,0.1,symmetric,softmax_logreg,303,256,800,4,0.12890625,0.67875,0.6758210423339763,0.10554289817810059,"{""0"": 64, ""1"": 64, ""2"": 64, ""3"": 64}",cached_setfit_jsonl,linear_probabilistic,
ag_news,64,0.1,symmetric,softmax_logreg,404,256,800,4,0.12890625,0.70875,0.7026751851878685,0.10899519920349121,"{""0"": 64, ""1"": 64, ""2"": 64, ""3"": 64}",cached_setfit_jsonl,linear_probabilistic,
ag_news,64,0.1,symmetric,softmax_logreg,505,256,800,4,0.078125,0.6875,0.6817889274947097,0.1386098861694336,"{""0"": 64, ""1"": 64, ""2"": 64, ""3"": 64}",cached_setfit_jsonl,linear_probabilistic,
ag_news,64,0.1,symmetric,trimmed_softmax_logreg,101,256,800,4,0.13671875,0.525,0.4833152595957807,0.12653779983520508,"{""0"": 64, ""1"": 64, ""2"": 64, ""3"": 64}",cached_setfit_jsonl,bounded_robust_variant,kept_fraction=0.8008
ag_news,64,0.1,symmetric,trimmed_softmax_logreg,202,256,800,4,0.08984375,0.6475,0.6026775278503633,0.1385185718536377,"{""0"": 64, ""1"": 64, ""2"": 64, ""3"": 64}",cached_setfit_jsonl,bounded_robust_variant,kept_fraction=0.8008
ag_news,64,0.1,symmetric,trimmed_softmax_logreg,303,256,800,4,0.12890625,0.585,0.5422541809724933,0.1335453987121582,"{""0"": 64, ""1"": 64, ""2"": 64, ""3"": 64}",cached_setfit_jsonl,bounded_robust_variant,kept_fraction=0.8008
ag_news,64,0.1,symmetric,trimmed_softmax_logreg,404,256,800,4,0.12890625,0.59625,0.5841425658424291,0.14728617668151855,"{""0"": 64, ""1"": 64, ""2"": 64, ""3"": 64}",cached_setfit_jsonl,bounded_robust_variant,kept_fraction=0.8008
ag_news,64,0.1,symmetric,trimmed_softmax_logreg,505,256,800,4,0.078125,0.55125,0.47425473799786716,0.12805867195129395,"{""0"": 64, ""1"": 64, ""2"": 64, ""3"": 64}",cached_setfit_jsonl,bounded_robust_variant,kept_fraction=0.8008
ag_news,64,0.2,class_conditional,linear_svm_hinge,101,256,800,4,0.1953125,0.66125,0.6547586596588325,0.3004109859466553,"{""0"": 64, ""1"": 64, ""2"": 64, ""3"": 64}",cached_setfit_jsonl,linear_margin,
ag_news,64,0.2,class_conditional,linear_svm_hinge,202,256,800,4,0.171875,0.615,0.5908948916542939,0.31917643547058105,"{""0"": 64, ""1"": 64, ""2"": 64, ""3"": 64}",cached_setfit_jsonl,linear_margin,
ag_news,64,0.2,class_conditional,linear_svm_hinge,303,256,800,4,0.2109375,0.58875,0.5611513013356141,0.23881244659423828,"{""0"": 64, ""1"": 64, ""2"": 64, ""3"": 64}",cached_setfit_jsonl,linear_margin,
ag_news,64,0.2,class_conditional,linear_svm_hinge,404,256,800,4,0.22265625,0.6575,0.6439921190352393,0.3065359592437744,"{""0"": 64, ""1"": 64, ""2"": 64, ""3"": 64}",cached_setfit_jsonl,linear_margin,
ag_news,64,0.2,class_conditional,linear_svm_hinge,505,256,800,4,0.1796875,0.63375,0.6278478854476855,0.3045234680175781,"{""0"": 64, ""1"": 64, ""2"": 64, ""3"": 64}",cached_setfit_jsonl,linear_margin,
ag_news,64,0.2,class_conditional,multinomial_nb,101,256,800,4,0.1953125,0.68,0.6753473966670756,0.0687105655670166,"{""0"": 64, ""1"": 64, ""2"": 64, ""3"": 64}",cached_setfit_jsonl,generative_nb,
ag_news,64,0.2,class_conditional,multinomial_nb,202,256,800,4,0.171875,0.7,0.7000218406915089,0.06982636451721191,"{""0"": 64, ""1"": 64, ""2"": 64, ""3"": 64}",cached_setfit_jsonl,generative_nb,
ag_news,64,0.2,class_conditional,multinomial_nb,303,256,800,4,0.2109375,0.6675,0.6629326406204139,0.07267117500305176,"{""0"": 64, ""1"": 64, ""2"": 64, ""3"": 64}",cached_setfit_jsonl,generative_nb,
ag_news,64,0.2,class_conditional,multinomial_nb,404,256,800,4,0.22265625,0.6825,0.6795866620659631,0.09255528450012207,"{""0"": 64, ""1"": 64, ""2"": 64, ""3"": 64}",cached_setfit_jsonl,generative_nb,
ag_news,64,0.2,class_conditional,multinomial_nb,505,256,800,4,0.1796875,0.69625,0.6937090901504216,0.07435750961303711,"{""0"": 64, ""1"": 64, ""2"": 64, ""3"": 64}",cached_setfit_jsonl,generative_nb,
ag_news,64,0.2,class_conditional,softmax_logreg,101,256,800,4,0.1953125,0.65625,0.6453965956567065,0.11746549606323242,"{""0"": 64, ""1"": 64, ""2"": 64, ""3"": 64}",cached_setfit_jsonl,linear_probabilistic,
ag_news,64,0.2,class_conditional,softmax_logreg,202,256,800,4,0.171875,0.655,0.6432608834667906,0.10687112808227539,"{""0"": 64, ""1"": 64, ""2"": 64, ""3"": 64}",cached_setfit_jsonl,linear_probabilistic,
ag_news,64,0.2,class_conditional,softmax_logreg,303,256,800,4,0.2109375,0.63,0.6167200900377137,0.1049957275390625,"{""0"": 64, ""1"": 64, ""2"": 64, ""3"": 64}",cached_setfit_jsonl,linear_probabilistic,
ag_news,64,0.2,class_conditional,softmax_logreg,404,256,800,4,0.22265625,0.67625,0.6710783460283123,0.10853409767150879,"{""0"": 64, ""1"": 64, ""2"": 64, ""3"": 64}",cached_setfit_jsonl,linear_probabilistic,
ag_news,64,0.2,class_conditional,softmax_logreg,505,256,800,4,0.1796875,0.68375,0.6798032807924773,0.11749649047851562,"{""0"": 64, ""1"": 64, ""2"": 64, ""3"": 64}",cached_setfit_jsonl,linear_probabilistic,
ag_news,64,0.2,class_conditional,trimmed_softmax_logreg,101,256,800,4,0.1953125,0.525,0.44592797021493763,0.12360668182373047,"{""0"": 64, ""1"": 64, ""2"": 64, ""3"": 64}",cached_setfit_jsonl,bounded_robust_variant,kept_fraction=0.8008
ag_news,64,0.2,class_conditional,trimmed_softmax_logreg,202,256,800,4,0.171875,0.56,0.4861441406045083,0.12068390846252441,"{""0"": 64, ""1"": 64, ""2"": 64, ""3"": 64}",cached_setfit_jsonl,bounded_robust_variant,kept_fraction=0.8008
ag_news,64,0.2,class_conditional,trimmed_softmax_logreg,303,256,800,4,0.2109375,0.565,0.49266206056498946,0.13140130043029785,"{""0"": 64, ""1"": 64, ""2"": 64, ""3"": 64}",cached_setfit_jsonl,bounded_robust_variant,kept_fraction=0.8008
ag_news,64,0.2,class_conditional,trimmed_softmax_logreg,404,256,800,4,0.22265625,0.59375,0.577489816487693,0.12772226333618164,"{""0"": 64, ""1"": 64, ""2"": 64, ""3"": 64}",cached_setfit_jsonl,bounded_robust_variant,kept_fraction=0.8008
ag_news,64,0.2,class_conditional,trimmed_softmax_logreg,505,256,800,4,0.1796875,0.5925,0.5602182256606048,0.139878511428833,"{""0"": 64, ""1"": 64, ""2"": 64, ""3"": 64}",cached_setfit_jsonl,bounded_robust_variant,kept_fraction=0.8008
ag_news,64,0.2,symmetric,linear_svm_hinge,101,256,800,4,0.22265625,0.6,0.5985269292048239,0.2524716854095459,"{""0"": 64, ""1"": 64, ""2"": 64, ""3"": 64}",cached_setfit_jsonl,linear_margin,
ag_news,64,0.2,symmetric,linear_svm_hinge,202,256,800,4,0.22265625,0.58375,0.5747092367128273,0.3187086582183838,"{""0"": 64, ""1"": 64, ""2"": 64, ""3"": 64}",cached_setfit_jsonl,linear_margin,
ag_news,64,0.2,symmetric,linear_svm_hinge,303,256,800,4,0.21484375,0.6175,0.619934642276517,0.2773165702819824,"{""0"": 64, ""1"": 64, ""2"": 64, ""3"": 64}",cached_setfit_jsonl,linear_margin,
ag_news,64,0.2,symmetric,linear_svm_hinge,404,256,800,4,0.1953125,0.60375,0.5797750330700507,0.25213193893432617,"{""0"": 64, ""1"": 64, ""2"": 64, ""3"": 64}",cached_setfit_jsonl,linear_margin,
ag_news,64,0.2,symmetric,linear_svm_hinge,505,256,800,4,0.19140625,0.58625,0.5522951156142178,0.22613906860351562,"{""0"": 64, ""1"": 64, ""2"": 64, ""3"": 64}",cached_setfit_jsonl,linear_margin,
ag_news,64,0.2,symmetric,multinomial_nb,101,256,800,4,0.22265625,0.66375,0.6571185946345331,0.06800198554992676,"{""0"": 64, ""1"": 64, ""2"": 64, ""3"": 64}",cached_setfit_jsonl,generative_nb,
ag_news,64,0.2,symmetric,multinomial_nb,202,256,800,4,0.22265625,0.68,0.681403469301942,0.06866216659545898,"{""0"": 64, ""1"": 64, ""2"": 64, ""3"": 64}",cached_setfit_jsonl,generative_nb,
ag_news,64,0.2,symmetric,multinomial_nb,303,256,800,4,0.21484375,0.655,0.6533703948627424,0.07651972770690918,"{""0"": 64, ""1"": 64, ""2"": 64, ""3"": 64}",cached_setfit_jsonl,generative_nb,
ag_news,64,0.2,symmetric,multinomial_nb,404,256,800,4,0.1953125,0.66875,0.6698507624311879,0.06629371643066406,"{""0"": 64, ""1"": 64, ""2"": 64, ""3"": 64}",cached_setfit_jsonl,generative_nb,
ag_news,64,0.2,symmetric,multinomial_nb,505,256,800,4,0.19140625,0.6975,0.6985844316113072,0.06794023513793945,"{""0"": 64, ""1"": 64, ""2"": 64, ""3"": 64}",cached_setfit_jsonl,generative_nb,
ag_news,64,0.2,symmetric,softmax_logreg,101,256,800,4,0.22265625,0.575,0.5567963751398588,0.11360883712768555,"{""0"": 64, ""1"": 64, ""2"": 64, ""3"": 64}",cached_setfit_jsonl,linear_probabilistic,
ag_news,64,0.2,symmetric,softmax_logreg,202,256,800,4,0.22265625,0.65125,0.6498853367290258,0.1291050910949707,"{""0"": 64, ""1"": 64, ""2"": 64, ""3"": 64}",cached_setfit_jsonl,linear_probabilistic,
ag_news,64,0.2,symmetric,softmax_logreg,303,256,800,4,0.21484375,0.62125,0.6024486803154699,0.10674905776977539,"{""0"": 64, ""1"": 64, ""2"": 64, ""3"": 64}",cached_setfit_jsonl,linear_probabilistic,
ag_news,64,0.2,symmetric,softmax_logreg,404,256,800,4,0.1953125,0.67,0.667634488647513,0.10485458374023438,"{""0"": 64, ""1"": 64, ""2"": 64, ""3"": 64}",cached_setfit_jsonl,linear_probabilistic,
ag_news,64,0.2,symmetric,softmax_logreg,505,256,800,4,0.19140625,0.68375,0.684856412382806,0.10633635520935059,"{""0"": 64, ""1"": 64, ""2"": 64, ""3"": 64}",cached_setfit_jsonl,linear_probabilistic,
ag_news,64,0.2,symmetric,trimmed_softmax_logreg,101,256,800,4,0.22265625,0.43875,0.3247129854038589,0.13512206077575684,"{""0"": 64, ""1"": 64, ""2"": 64, ""3"": 64}",cached_setfit_jsonl,bounded_robust_variant,kept_fraction=0.8008
ag_news,64,0.2,symmetric,trimmed_softmax_logreg,202,256,800,4,0.22265625,0.52625,0.4524880333363741,0.13305306434631348,"{""0"": 64, ""1"": 64, ""2"": 64, ""3"": 64}",cached_setfit_jsonl,bounded_robust_variant,kept_fraction=0.8008
ag_news,64,0.2,symmetric,trimmed_softmax_logreg,303,256,800,4,0.21484375,0.55875,0.48109296811577834,0.13287711143493652,"{""0"": 64, ""1"": 64, ""2"": 64, ""3"": 64}",cached_setfit_jsonl,bounded_robust_variant,kept_fraction=0.8008
ag_news,64,0.2,symmetric,trimmed_softmax_logreg,404,256,800,4,0.1953125,0.45625,0.42371127316990687,0.13567090034484863,"{""0"": 64, ""1"": 64, ""2"": 64, ""3"": 64}",cached_setfit_jsonl,bounded_robust_variant,kept_fraction=0.8008
ag_news,64,0.2,symmetric,trimmed_softmax_logreg,505,256,800,4,0.19140625,0.48125,0.4134437765906024,0.13961100578308105,"{""0"": 64, ""1"": 64, ""2"": 64, ""3"": 64}",cached_setfit_jsonl,bounded_robust_variant,kept_fraction=0.8008
ag_news,64,0.3,class_conditional,linear_svm_hinge,101,256,800,4,0.27734375,0.55625,0.5598772688509934,0.25072669982910156,"{""0"": 64, ""1"": 64, ""2"": 64, ""3"": 64}",cached_setfit_jsonl,linear_margin,
ag_news,64,0.3,class_conditional,linear_svm_hinge,202,256,800,4,0.265625,0.55,0.5282673504488753,0.3062117099761963,"{""0"": 64, ""1"": 64, ""2"": 64, ""3"": 64}",cached_setfit_jsonl,linear_margin,
ag_news,64,0.3,class_conditional,linear_svm_hinge,303,256,800,4,0.3125,0.5375,0.511978804769914,0.2281947135925293,"{""0"": 64, ""1"": 64, ""2"": 64, ""3"": 64}",cached_setfit_jsonl,linear_margin,
ag_news,64,0.3,class_conditional,linear_svm_hinge,404,256,800,4,0.328125,0.51875,0.48687330329685097,0.3021106719970703,"{""0"": 64, ""1"": 64, ""2"": 64, ""3"": 64}",cached_setfit_jsonl,linear_margin,
ag_news,64,0.3,class_conditional,linear_svm_hinge,505,256,800,4,0.265625,0.5325,0.5134677338187706,0.28192973136901855,"{""0"": 64, ""1"": 64, ""2"": 64, ""3"": 64}",cached_setfit_jsonl,linear_margin,
ag_news,64,0.3,class_conditional,multinomial_nb,101,256,800,4,0.27734375,0.62875,0.6248678832434618,0.07952570915222168,"{""0"": 64, ""1"": 64, ""2"": 64, ""3"": 64}",cached_setfit_jsonl,generative_nb,
ag_news,64,0.3,class_conditional,multinomial_nb,202,256,800,4,0.265625,0.66,0.6597265109549613,0.08473849296569824,"{""0"": 64, ""1"": 64, ""2"": 64, ""3"": 64}",cached_setfit_jsonl,generative_nb,
ag_news,64,0.3,class_conditional,multinomial_nb,303,256,800,4,0.3125,0.575,0.5688728505814954,0.08549714088439941,"{""0"": 64, ""1"": 64, ""2"": 64, ""3"": 64}",cached_setfit_jsonl,generative_nb,
ag_news,64,0.3,class_conditional,multinomial_nb,404,256,800,4,0.328125,0.61625,0.6092389496317983,0.06774473190307617,"{""0"": 64, ""1"": 64, ""2"": 64, ""3"": 64}",cached_setfit_jsonl,generative_nb,
ag_news,64,0.3,class_conditional,multinomial_nb,505,256,800,4,0.265625,0.6575,0.6529688261414438,0.07274413108825684,"{""0"": 64, ""1"": 64, ""2"": 64, ""3"": 64}",cached_setfit_jsonl,generative_nb,
ag_news,64,0.3,class_conditional,softmax_logreg,101,256,800,4,0.27734375,0.63125,0.6191869883565801,0.13238239288330078,"{""0"": 64, ""1"": 64, ""2"": 64, ""3"": 64}",cached_setfit_jsonl,linear_probabilistic,
ag_news,64,0.3,class_conditional,softmax_logreg,202,256,800,4,0.265625,0.645,0.6378620854220868,0.13356924057006836,"{""0"": 64, ""1"": 64, ""2"": 64, ""3"": 64}",cached_setfit_jsonl,linear_probabilistic,
ag_news,64,0.3,class_conditional,softmax_logreg,303,256,800,4,0.3125,0.525,0.5059493744495189,0.11400079727172852,"{""0"": 64, ""1"": 64, ""2"": 64, ""3"": 64}",cached_setfit_jsonl,linear_probabilistic,
ag_news,64,0.3,class_conditional,softmax_logreg,404,256,800,4,0.328125,0.58,0.5563003135630822,0.12857747077941895,"{""0"": 64, ""1"": 64, ""2"": 64, ""3"": 64}",cached_setfit_jsonl,linear_probabilistic,
ag_news,64,0.3,class_conditional,softmax_logreg,505,256,800,4,0.265625,0.6275,0.6197791369826301,0.11256098747253418,"{""0"": 64, ""1"": 64, ""2"": 64, ""3"": 64}",cached_setfit_jsonl,linear_probabilistic,
ag_news,64,0.3,class_conditional,trimmed_softmax_logreg,101,256,800,4,0.27734375,0.55375,0.49244976109501337,0.1279284954071045,"{""0"": 64, ""1"": 64, ""2"": 64, ""3"": 64}",cached_setfit_jsonl,bounded_robust_variant,kept_fraction=0.8008
ag_news,64,0.3,class_conditional,trimmed_softmax_logreg,202,256,800,4,0.265625,0.5025,0.42501999262213797,0.1348578929901123,"{""0"": 64, ""1"": 64, ""2"": 64, ""3"": 64}",cached_setfit_jsonl,bounded_robust_variant,kept_fraction=0.8008
ag_news,64,0.3,class_conditional,trimmed_softmax_logreg,303,256,800,4,0.3125,0.44125,0.3256627450424985,0.12651658058166504,"{""0"": 64, ""1"": 64, ""2"": 64, ""3"": 64}",cached_setfit_jsonl,bounded_robust_variant,kept_fraction=0.8008
ag_news,64,0.3,class_conditional,trimmed_softmax_logreg,404,256,800,4,0.328125,0.44375,0.3070554395560401,0.16129183769226074,"{""0"": 64, ""1"": 64, ""2"": 64, ""3"": 64}",cached_setfit_jsonl,bounded_robust_variant,kept_fraction=0.8008
ag_news,64,0.3,class_conditional,trimmed_softmax_logreg,505,256,800,4,0.265625,0.535,0.47813881900642863,0.1326279640197754,"{""0"": 64, ""1"": 64, ""2"": 64, ""3"": 64}",cached_setfit_jsonl,bounded_robust_variant,kept_fraction=0.8008
ag_news,64,0.3,symmetric,linear_svm_hinge,101,256,800,4,0.32421875,0.45375,0.41567178788437165,0.263561487197876,"{""0"": 64, ""1"": 64, ""2"": 64, ""3"": 64}",cached_setfit_jsonl,linear_margin,
ag_news,64,0.3,symmetric,linear_svm_hinge,202,256,800,4,0.296875,0.43875,0.4067681534071123,0.28775644302368164,"{""0"": 64, ""1"": 64, ""2"": 64, ""3"": 64}",cached_setfit_jsonl,linear_margin,
ag_news,64,0.3,symmetric,linear_svm_hinge,303,256,800,4,0.31640625,0.485,0.44660917069421957,0.3356006145477295,"{""0"": 64, ""1"": 64, ""2"": 64, ""3"": 64}",cached_setfit_jsonl,linear_margin,
ag_news,64,0.3,symmetric,linear_svm_hinge,404,256,800,4,0.2890625,0.5675,0.5100968278491729,0.23468613624572754,"{""0"": 64, ""1"": 64, ""2"": 64, ""3"": 64}",cached_setfit_jsonl,linear_margin,
ag_news,64,0.3,symmetric,linear_svm_hinge,505,256,800,4,0.32421875,0.5375,0.4748902681327932,3.309617280960083,"{""0"": 64, ""1"": 64, ""2"": 64, ""3"": 64}",cached_setfit_jsonl,linear_margin,
ag_news,64,0.3,symmetric,multinomial_nb,101,256,800,4,0.32421875,0.59,0.5900763348745104,0.07027363777160645,"{""0"": 64, ""1"": 64, ""2"": 64, ""3"": 64}",cached_setfit_jsonl,generative_nb,
ag_news,64,0.3,symmetric,multinomial_nb,202,256,800,4,0.296875,0.63,0.6281935890530087,0.07645797729492188,"{""0"": 64, ""1"": 64, ""2"": 64, ""3"": 64}",cached_setfit_jsonl,generative_nb,
ag_news,64,0.3,symmetric,multinomial_nb,303,256,800,4,0.31640625,0.59875,0.6002426625767449,0.08168816566467285,"{""0"": 64, ""1"": 64, ""2"": 64, ""3"": 64}",cached_setfit_jsonl,generative_nb,
ag_news,64,0.3,symmetric,multinomial_nb,404,256,800,4,0.2890625,0.67,0.6722914153934639,0.08071041107177734,"{""0"": 64, ""1"": 64, ""2"": 64, ""3"": 64}",cached_setfit_jsonl,generative_nb,
ag_news,64,0.3,symmetric,multinomial_nb,505,256,800,4,0.32421875,0.6075,0.6063776768337179,0.08228778839111328,"{""0"": 64, ""1"": 64, ""2"": 64, ""3"": 64}",cached_setfit_jsonl,generative_nb,
ag_news,64,0.3,symmetric,softmax_logreg,101,256,800,4,0.32421875,0.57375,0.5693831091685477,0.11184096336364746,"{""0"": 64, ""1"": 64, ""2"": 64, ""3"": 64}",cached_setfit_jsonl,linear_probabilistic,
ag_news,64,0.3,symmetric,softmax_logreg,202,256,800,4,0.296875,0.63125,0.6264426974608427,0.12408709526062012,"{""0"": 64, ""1"": 64, ""2"": 64, ""3"": 64}",cached_setfit_jsonl,linear_probabilistic,
ag_news,64,0.3,symmetric,softmax_logreg,303,256,800,4,0.31640625,0.54,0.5339321196403176,0.11948752403259277,"{""0"": 64, ""1"": 64, ""2"": 64, ""3"": 64}",cached_setfit_jsonl,linear_probabilistic,
ag_news,64,0.3,symmetric,softmax_logreg,404,256,800,4,0.2890625,0.635,0.6354896085352404,0.11459779739379883,"{""0"": 64, ""1"": 64, ""2"": 64, ""3"": 64}",cached_setfit_jsonl,linear_probabilistic,
ag_news,64,0.3,symmetric,softmax_logreg,505,256,800,4,0.32421875,0.565,0.5579922443119201,0.12065839767456055,"{""0"": 64, ""1"": 64, ""2"": 64, ""3"": 64}",cached_setfit_jsonl,linear_probabilistic,
ag_news,64,0.3,symmetric,trimmed_softmax_logreg,101,256,800,4,0.32421875,0.4225,0.34766272669473625,0.12802338600158691,"{""0"": 64, ""1"": 64, ""2"": 64, ""3"": 64}",cached_setfit_jsonl,bounded_robust_variant,kept_fraction=0.8008
ag_news,64,0.3,symmetric,trimmed_softmax_logreg,202,256,800,4,0.296875,0.54375,0.47958952620614403,0.13104915618896484,"{""0"": 64, ""1"": 64, ""2"": 64, ""3"": 64}",cached_setfit_jsonl,bounded_robust_variant,kept_fraction=0.8008
ag_news,64,0.3,symmetric,trimmed_softmax_logreg,303,256,800,4,0.31640625,0.45375,0.39526090180537293,0.1401214599609375,"{""0"": 64, ""1"": 64, ""2"": 64, ""3"": 64}",cached_setfit_jsonl,bounded_robust_variant,kept_fraction=0.8008
ag_news,64,0.3,symmetric,trimmed_softmax_logreg,404,256,800,4,0.2890625,0.47625,0.4273592651962105,0.1222221851348877,"{""0"": 64, ""1"": 64, ""2"": 64, ""3"": 64}",cached_setfit_jsonl,bounded_robust_variant,kept_fraction=0.8008
ag_news,64,0.3,symmetric,trimmed_softmax_logreg,505,256,800,4,0.32421875,0.43625,0.34138847120399607,0.15004587173461914,"{""0"": 64, ""1"": 64, ""2"": 64, ""3"": 64}",cached_setfit_jsonl,bounded_robust_variant,kept_fraction=0.8008
ag_news,128,0.0,class_conditional,linear_svm_hinge,101,512,800,4,0.0,0.76125,0.7530681217480879,0.4498872756958008,"{""0"": 128, ""1"": 128, ""2"": 128, ""3"": 128}",cached_setfit_jsonl,linear_margin,
ag_news,128,0.0,class_conditional,linear_svm_hinge,202,512,800,4,0.0,0.715,0.7034418478860747,0.45771336555480957,"{""0"": 128, ""1"": 128, ""2"": 128, ""3"": 128}",cached_setfit_jsonl,linear_margin,
ag_news,128,0.0,class_conditional,linear_svm_hinge,303,512,800,4,0.0,0.75375,0.7511025423604892,0.5809838771820068,"{""0"": 128, ""1"": 128, ""2"": 128, ""3"": 128}",cached_setfit_jsonl,linear_margin,
ag_news,128,0.0,class_conditional,linear_svm_hinge,404,512,800,4,0.0,0.7575,0.752356129410924,0.5396127700805664,"{""0"": 128, ""1"": 128, ""2"": 128, ""3"": 128}",cached_setfit_jsonl,linear_margin,
ag_news,128,0.0,class_conditional,linear_svm_hinge,505,512,800,4,0.0,0.7475,0.7487155595438545,0.5339658260345459,"{""0"": 128, ""1"": 128, ""2"": 128, ""3"": 128}",cached_setfit_jsonl,linear_margin,
ag_news,128,0.0,class_conditional,multinomial_nb,101,512,800,4,0.0,0.795,0.7932805619907708,0.08040046691894531,"{""0"": 128, ""1"": 128, ""2"": 128, ""3"": 128}",cached_setfit_jsonl,generative_nb,
ag_news,128,0.0,class_conditional,multinomial_nb,202,512,800,4,0.0,0.7975,0.7980253618238528,0.08630847930908203,"{""0"": 128, ""1"": 128, ""2"": 128, ""3"": 128}",cached_setfit_jsonl,generative_nb,
ag_news,128,0.0,class_conditional,multinomial_nb,303,512,800,4,0.0,0.82,0.8189866246384399,0.08967447280883789,"{""0"": 128, ""1"": 128, ""2"": 128, ""3"": 128}",cached_setfit_jsonl,generative_nb,
ag_news,128,0.0,class_conditional,multinomial_nb,404,512,800,4,0.0,0.78625,0.7835966921370582,0.08460450172424316,"{""0"": 128, ""1"": 128, ""2"": 128, ""3"": 128}",cached_setfit_jsonl,generative_nb,
ag_news,128,0.0,class_conditional,multinomial_nb,505,512,800,4,0.0,0.79625,0.7942635881801497,0.09013628959655762,"{""0"": 128, ""1"": 128, ""2"": 128, ""3"": 128}",cached_setfit_jsonl,generative_nb,
ag_news,128,0.0,class_conditional,softmax_logreg,101,512,800,4,0.0,0.7775,0.7745647890164975,0.18112492561340332,"{""0"": 128, ""1"": 128, ""2"": 128, ""3"": 128}",cached_setfit_jsonl,linear_probabilistic,
ag_news,128,0.0,class_conditional,softmax_logreg,202,512,800,4,0.0,0.7725,0.7702553809997452,0.1611483097076416,"{""0"": 128, ""1"": 128, ""2"": 128, ""3"": 128}",cached_setfit_jsonl,linear_probabilistic,
ag_news,128,0.0,class_conditional,softmax_logreg,303,512,800,4,0.0,0.795,0.7924881512997021,0.21184492111206055,"{""0"": 128, ""1"": 128, ""2"": 128, ""3"": 128}",cached_setfit_jsonl,linear_probabilistic,
ag_news,128,0.0,class_conditional,softmax_logreg,404,512,800,4,0.0,0.76125,0.7555256116165766,0.17848539352416992,"{""0"": 128, ""1"": 128, ""2"": 128, ""3"": 128}",cached_setfit_jsonl,linear_probabilistic,
ag_news,128,0.0,class_conditional,softmax_logreg,505,512,800,4,0.0,0.785,0.7829655644493569,0.18667149543762207,"{""0"": 128, ""1"": 128, ""2"": 128, ""3"": 128}",cached_setfit_jsonl,linear_probabilistic,
ag_news,128,0.0,class_conditional,trimmed_softmax_logreg,101,512,800,4,0.0,0.7175,0.7125882234184562,0.18494057655334473,"{""0"": 128, ""1"": 128, ""2"": 128, ""3"": 128}",cached_setfit_jsonl,bounded_robust_variant,kept_fraction=0.8008
ag_news,128,0.0,class_conditional,trimmed_softmax_logreg,202,512,800,4,0.0,0.6875,0.6728218199241435,0.21582651138305664,"{""0"": 128, ""1"": 128, ""2"": 128, ""3"": 128}",cached_setfit_jsonl,bounded_robust_variant,kept_fraction=0.8008
ag_news,128,0.0,class_conditional,trimmed_softmax_logreg,303,512,800,4,0.0,0.695,0.6908150289312229,0.19319915771484375,"{""0"": 128, ""1"": 128, ""2"": 128, ""3"": 128}",cached_setfit_jsonl,bounded_robust_variant,kept_fraction=0.8008
ag_news,128,0.0,class_conditional,trimmed_softmax_logreg,404,512,800,4,0.0,0.67125,0.6444336131157152,0.1881115436553955,"{""0"": 128, ""1"": 128, ""2"": 128, ""3"": 128}",cached_setfit_jsonl,bounded_robust_variant,kept_fraction=0.8008
ag_news,128,0.0,class_conditional,trimmed_softmax_logreg,505,512,800,4,0.0,0.7125,0.7081119188940614,0.20372271537780762,"{""0"": 128, ""1"": 128, ""2"": 128, ""3"": 128}",cached_setfit_jsonl,bounded_robust_variant,kept_fraction=0.8008
ag_news,128,0.0,symmetric,linear_svm_hinge,101,512,800,4,0.0,0.76125,0.7530681217480879,0.4886903762817383,"{""0"": 128, ""1"": 128, ""2"": 128, ""3"": 128}",cached_setfit_jsonl,linear_margin,
ag_news,128,0.0,symmetric,linear_svm_hinge,202,512,800,4,0.0,0.715,0.7034418478860747,0.5639228820800781,"{""0"": 128, ""1"": 128, ""2"": 128, ""3"": 128}",cached_setfit_jsonl,linear_margin,
ag_news,128,0.0,symmetric,linear_svm_hinge,303,512,800,4,0.0,0.75375,0.7511025423604892,0.5936810970306396,"{""0"": 128, ""1"": 128, ""2"": 128, ""3"": 128}",cached_setfit_jsonl,linear_margin,
ag_news,128,0.0,symmetric,linear_svm_hinge,404,512,800,4,0.0,0.7575,0.752356129410924,0.5028278827667236,"{""0"": 128, ""1"": 128, ""2"": 128, ""3"": 128}",cached_setfit_jsonl,linear_margin,
ag_news,128,0.0,symmetric,linear_svm_hinge,505,512,800,4,0.0,0.7475,0.7487155595438545,0.5679895877838135,"{""0"": 128, ""1"": 128, ""2"": 128, ""3"": 128}",cached_setfit_jsonl,linear_margin,
ag_news,128,0.0,symmetric,multinomial_nb,101,512,800,4,0.0,0.795,0.7932805619907708,0.0803365707397461,"{""0"": 128, ""1"": 128, ""2"": 128, ""3"": 128}",cached_setfit_jsonl,generative_nb,
ag_news,128,0.0,symmetric,multinomial_nb,202,512,800,4,0.0,0.7975,0.7980253618238528,0.09063243865966797,"{""0"": 128, ""1"": 128, ""2"": 128, ""3"": 128}",cached_setfit_jsonl,generative_nb,
ag_news,128,0.0,symmetric,multinomial_nb,303,512,800,4,0.0,0.82,0.8189866246384399,0.08179926872253418,"{""0"": 128, ""1"": 128, ""2"": 128, ""3"": 128}",cached_setfit_jsonl,generative_nb,
ag_news,128,0.0,symmetric,multinomial_nb,404,512,800,4,0.0,0.78625,0.7835966921370582,0.08182215690612793,"{""0"": 128, ""1"": 128, ""2"": 128, ""3"": 128}",cached_setfit_jsonl,generative_nb,
ag_news,128,0.0,symmetric,multinomial_nb,505,512,800,4,0.0,0.79625,0.7942635881801497,0.08251452445983887,"{""0"": 128, ""1"": 128, ""2"": 128, ""3"": 128}",cached_setfit_jsonl,generative_nb,
ag_news,128,0.0,symmetric,softmax_logreg,101,512,800,4,0.0,0.7775,0.7745647890164975,0.17473268508911133,"{""0"": 128, ""1"": 128, ""2"": 128, ""3"": 128}",cached_setfit_jsonl,linear_probabilistic,
ag_news,128,0.0,symmetric,softmax_logreg,202,512,800,4,0.0,0.7725,0.7702553809997452,0.16887235641479492,"{""0"": 128, ""1"": 128, ""2"": 128, ""3"": 128}",cached_setfit_jsonl,linear_probabilistic,
ag_news,128,0.0,symmetric,softmax_logreg,303,512,800,4,0.0,0.795,0.7924881512997021,0.17214131355285645,"{""0"": 128, ""1"": 128, ""2"": 128, ""3"": 128}",cached_setfit_jsonl,linear_probabilistic,
ag_news,128,0.0,symmetric,softmax_logreg,404,512,800,4,0.0,0.76125,0.7555256116165766,0.1857590675354004,"{""0"": 128, ""1"": 128, ""2"": 128, ""3"": 128}",cached_setfit_jsonl,linear_probabilistic,
ag_news,128,0.0,symmetric,softmax_logreg,505,512,800,4,0.0,0.785,0.7829655644493569,0.17791342735290527,"{""0"": 128, ""1"": 128, ""2"": 128, ""3"": 128}",cached_setfit_jsonl,linear_probabilistic,
ag_news,128,0.0,symmetric,trimmed_softmax_logreg,101,512,800,4,0.0,0.7175,0.7125882234184562,0.1907978057861328,"{""0"": 128, ""1"": 128, ""2"": 128, ""3"": 128}",cached_setfit_jsonl,bounded_robust_variant,kept_fraction=0.8008
ag_news,128,0.0,symmetric,trimmed_softmax_logreg,202,512,800,4,0.0,0.6875,0.6728218199241435,0.18602657318115234,"{""0"": 128, ""1"": 128, ""2"": 128, ""3"": 128}",cached_setfit_jsonl,bounded_robust_variant,kept_fraction=0.8008
ag_news,128,0.0,symmetric,trimmed_softmax_logreg,303,512,800,4,0.0,0.695,0.6908150289312229,0.20589518547058105,"{""0"": 128, ""1"": 128, ""2"": 128, ""3"": 128}",cached_setfit_jsonl,bounded_robust_variant,kept_fraction=0.8008
ag_news,128,0.0,symmetric,trimmed_softmax_logreg,404,512,800,4,0.0,0.67125,0.6444336131157152,0.262531042098999,"{""0"": 128, ""1"": 128, ""2"": 128, ""3"": 128}",cached_setfit_jsonl,bounded_robust_variant,kept_fraction=0.8008
ag_news,128,0.0,symmetric,trimmed_softmax_logreg,505,512,800,4,0.0,0.7125,0.7081119188940614,0.20992755889892578,"{""0"": 128, ""1"": 128, ""2"": 128, ""3"": 128}",cached_setfit_jsonl,bounded_robust_variant,kept_fraction=0.8008
ag_news,128,0.05,class_conditional,linear_svm_hinge,101,512,800,4,0.044921875,0.605,0.5909723197334694,0.494403600692749,"{""0"": 128, ""1"": 128, ""2"": 128, ""3"": 128}",cached_setfit_jsonl,linear_margin,
ag_news,128,0.05,class_conditional,linear_svm_hinge,202,512,800,4,0.041015625,0.68125,0.6450563458939838,0.5534529685974121,"{""0"": 128, ""1"": 128, ""2"": 128, ""3"": 128}",cached_setfit_jsonl,linear_margin,
ag_news,128,0.05,class_conditional,linear_svm_hinge,303,512,800,4,0.0390625,0.77,0.7663199580673845,0.4556446075439453,"{""0"": 128, ""1"": 128, ""2"": 128, ""3"": 128}",cached_setfit_jsonl,linear_margin,
ag_news,128,0.05,class_conditional,linear_svm_hinge,404,512,800,4,0.056640625,0.69375,0.6788242460021383,0.5741779804229736,"{""0"": 128, ""1"": 128, ""2"": 128, ""3"": 128}",cached_setfit_jsonl,linear_margin,
ag_news,128,0.05,class_conditional,linear_svm_hinge,505,512,800,4,0.033203125,0.7125,0.6919831583466607,0.508847713470459,"{""0"": 128, ""1"": 128, ""2"": 128, ""3"": 128}",cached_setfit_jsonl,linear_margin,
ag_news,128,0.05,class_conditional,multinomial_nb,101,512,800,4,0.044921875,0.77125,0.7689772354171578,0.08489441871643066,"{""0"": 128, ""1"": 128, ""2"": 128, ""3"": 128}",cached_setfit_jsonl,generative_nb,
ag_news,128,0.05,class_conditional,multinomial_nb,202,512,800,4,0.041015625,0.7925,0.7933530309909815,0.08880114555358887,"{""0"": 128, ""1"": 128, ""2"": 128, ""3"": 128}",cached_setfit_jsonl,generative_nb,
ag_news,128,0.05,class_conditional,multinomial_nb,303,512,800,4,0.0390625,0.8175,0.8158452258292284,0.08494281768798828,"{""0"": 128, ""1"": 128, ""2"": 128, ""3"": 128}",cached_setfit_jsonl,generative_nb,
ag_news,128,0.05,class_conditional,multinomial_nb,404,512,800,4,0.056640625,0.7725,0.7690601984912756,0.08658862113952637,"{""0"": 128, ""1"": 128, ""2"": 128, ""3"": 128}",cached_setfit_jsonl,generative_nb,
ag_news,128,0.05,class_conditional,multinomial_nb,505,512,800,4,0.033203125,0.7925,0.7914017972905665,0.07744073867797852,"{""0"": 128, ""1"": 128, ""2"": 128, ""3"": 128}",cached_setfit_jsonl,generative_nb,
ag_news,128,0.05,class_conditional,softmax_logreg,101,512,800,4,0.044921875,0.7575,0.7547624076650878,0.1695268154144287,"{""0"": 128, ""1"": 128, ""2"": 128, ""3"": 128}",cached_setfit_jsonl,linear_probabilistic,
ag_news,128,0.05,class_conditional,softmax_logreg,202,512,800,4,0.041015625,0.7625,0.7594433398739616,0.21921467781066895,"{""0"": 128, ""1"": 128, ""2"": 128, ""3"": 128}",cached_setfit_jsonl,linear_probabilistic,
ag_news,128,0.05,class_conditional,softmax_logreg,303,512,800,4,0.0390625,0.7875,0.7845434668908566,0.20113897323608398,"{""0"": 128, ""1"": 128, ""2"": 128, ""3"": 128}",cached_setfit_jsonl,linear_probabilistic,
ag_news,128,0.05,class_conditional,softmax_logreg,404,512,800,4,0.056640625,0.7525,0.7454499730505891,0.17025208473205566,"{""0"": 128, ""1"": 128, ""2"": 128, ""3"": 128}",cached_setfit_jsonl,linear_probabilistic,
ag_news,128,0.05,class_conditional,softmax_logreg,505,512,800,4,0.033203125,0.79,0.7886869035975502,0.1678626537322998,"{""0"": 128, ""1"": 128, ""2"": 128, ""3"": 128}",cached_setfit_jsonl,linear_probabilistic,
ag_news,128,0.05,class_conditional,trimmed_softmax_logreg,101,512,800,4,0.044921875,0.59,0.5821926917429845,0.19470000267028809,"{""0"": 128, ""1"": 128, ""2"": 128, ""3"": 128}",cached_setfit_jsonl,bounded_robust_variant,kept_fraction=0.8008
ag_news,128,0.05,class_conditional,trimmed_softmax_logreg,202,512,800,4,0.041015625,0.67375,0.637787423832019,0.21828532218933105,"{""0"": 128, ""1"": 128, ""2"": 128, ""3"": 128}",cached_setfit_jsonl,bounded_robust_variant,kept_fraction=0.8008
ag_news,128,0.05,class_conditional,trimmed_softmax_logreg,303,512,800,4,0.0390625,0.67125,0.6389149524973358,0.18610477447509766,"{""0"": 128, ""1"": 128, ""2"": 128, ""3"": 128}",cached_setfit_jsonl,bounded_robust_variant,kept_fraction=0.8008
ag_news,128,0.05,class_conditional,trimmed_softmax_logreg,404,512,800,4,0.056640625,0.66,0.6071724229334483,0.20681262016296387,"{""0"": 128, ""1"": 128, ""2"": 128, ""3"": 128}",cached_setfit_jsonl,bounded_robust_variant,kept_fraction=0.8008
ag_news,128,0.05,class_conditional,trimmed_softmax_logreg,505,512,800,4,0.033203125,0.7525,0.7447671748433333,0.1826953887939453,"{""0"": 128, ""1"": 128, ""2"": 128, ""3"": 128}",cached_setfit_jsonl,bounded_robust_variant,kept_fraction=0.8008
ag_news,128,0.05,symmetric,linear_svm_hinge,101,512,800,4,0.052734375,0.625,0.5996625084752704,0.5930187702178955,"{""0"": 128, ""1"": 128, ""2"": 128, ""3"": 128}",cached_setfit_jsonl,linear_margin,
ag_news,128,0.05,symmetric,linear_svm_hinge,202,512,800,4,0.05859375,0.68,0.6624371887212707,0.507359504699707,"{""0"": 128, ""1"": 128, ""2"": 128, ""3"": 128}",cached_setfit_jsonl,linear_margin,
ag_news,128,0.05,symmetric,linear_svm_hinge,303,512,800,4,0.05078125,0.78,0.7800896087346654,0.4734983444213867,"{""0"": 128, ""1"": 128, ""2"": 128, ""3"": 128}",cached_setfit_jsonl,linear_margin,
ag_news,128,0.05,symmetric,linear_svm_hinge,404,512,800,4,0.046875,0.6475,0.6302335425626471,0.532496452331543,"{""0"": 128, ""1"": 128, ""2"": 128, ""3"": 128}",cached_setfit_jsonl,linear_margin,
ag_news,128,0.05,symmetric,linear_svm_hinge,505,512,800,4,0.037109375,0.7825,0.7806328372070782,0.5882136821746826,"{""0"": 128, ""1"": 128, ""2"": 128, ""3"": 128}",cached_setfit_jsonl,linear_margin,
ag_news,128,0.05,symmetric,multinomial_nb,101,512,800,4,0.052734375,0.77875,0.7763839115664768,0.08002090454101562,"{""0"": 128, ""1"": 128, ""2"": 128, ""3"": 128}",cached_setfit_jsonl,generative_nb,
ag_news,128,0.05,symmetric,multinomial_nb,202,512,800,4,0.05859375,0.78375,0.7834377211610994,0.07750201225280762,"{""0"": 128, ""1"": 128, ""2"": 128, ""3"": 128}",cached_setfit_jsonl,generative_nb,
ag_news,128,0.05,symmetric,multinomial_nb,303,512,800,4,0.05078125,0.80375,0.8024272324939823,0.08626031875610352,"{""0"": 128, ""1"": 128, ""2"": 128, ""3"": 128}",cached_setfit_jsonl,generative_nb,
ag_news,128,0.05,symmetric,multinomial_nb,404,512,800,4,0.046875,0.785,0.7825120223561683,0.0792684555053711,"{""0"": 128, ""1"": 128, ""2"": 128, ""3"": 128}",cached_setfit_jsonl,generative_nb,
ag_news,128,0.05,symmetric,multinomial_nb,505,512,800,4,0.037109375,0.79125,0.7898734980387918,0.08951163291931152,"{""0"": 128, ""1"": 128, ""2"": 128, ""3"": 128}",cached_setfit_jsonl,generative_nb,
ag_news,128,0.05,symmetric,softmax_logreg,101,512,800,4,0.052734375,0.76625,0.7631231705136674,0.18405580520629883,"{""0"": 128, ""1"": 128, ""2"": 128, ""3"": 128}",cached_setfit_jsonl,linear_probabilistic,
ag_news,128,0.05,symmetric,softmax_logreg,202,512,800,4,0.05859375,0.74875,0.7440791148339654,0.18823003768920898,"{""0"": 128, ""1"": 128, ""2"": 128, ""3"": 128}",cached_setfit_jsonl,linear_probabilistic,
ag_news,128,0.05,symmetric,softmax_logreg,303,512,800,4,0.05078125,0.78125,0.7781567274705712,0.21439766883850098,"{""0"": 128, ""1"": 128, ""2"": 128, ""3"": 128}",cached_setfit_jsonl,linear_probabilistic,
ag_news,128,0.05,symmetric,softmax_logreg,404,512,800,4,0.046875,0.75375,0.747080459917695,0.1896674633026123,"{""0"": 128, ""1"": 128, ""2"": 128, ""3"": 128}",cached_setfit_jsonl,linear_probabilistic,
ag_news,128,0.05,symmetric,softmax_logreg,505,512,800,4,0.037109375,0.7825,0.7810017882980917,0.1703627109527588,"{""0"": 128, ""1"": 128, ""2"": 128, ""3"": 128}",cached_setfit_jsonl,linear_probabilistic,
ag_news,128,0.05,symmetric,trimmed_softmax_logreg,101,512,800,4,0.052734375,0.66125,0.6621536361989835,0.18519926071166992,"{""0"": 128, ""1"": 128, ""2"": 128, ""3"": 128}",cached_setfit_jsonl,bounded_robust_variant,kept_fraction=0.8008
ag_news,128,0.05,symmetric,trimmed_softmax_logreg,202,512,800,4,0.05859375,0.60625,0.575844315626485,0.2304694652557373,"{""0"": 128, ""1"": 128, ""2"": 128, ""3"": 128}",cached_setfit_jsonl,bounded_robust_variant,kept_fraction=0.8008
ag_news,128,0.05,symmetric,trimmed_softmax_logreg,303,512,800,4,0.05078125,0.6775,0.6597411916076086,0.21811914443969727,"{""0"": 128, ""1"": 128, ""2"": 128, ""3"": 128}",cached_setfit_jsonl,bounded_robust_variant,kept_fraction=0.8008
ag_news,128,0.05,symmetric,trimmed_softmax_logreg,404,512,800,4,0.046875,0.655,0.6172863525685891,0.19030523300170898,"{""0"": 128, ""1"": 128, ""2"": 128, ""3"": 128}",cached_setfit_jsonl,bounded_robust_variant,kept_fraction=0.8008
ag_news,128,0.05,symmetric,trimmed_softmax_logreg,505,512,800,4,0.037109375,0.72875,0.7206815123865895,0.23278188705444336,"{""0"": 128, ""1"": 128, ""2"": 128, ""3"": 128}",cached_setfit_jsonl,bounded_robust_variant,kept_fraction=0.8008
ag_news,128,0.1,class_conditional,linear_svm_hinge,101,512,800,4,0.091796875,0.7575,0.7559270526450622,0.5379724502563477,"{""0"": 128, ""1"": 128, ""2"": 128, ""3"": 128}",cached_setfit_jsonl,linear_margin,
ag_news,128,0.1,class_conditional,linear_svm_hinge,202,512,800,4,0.0859375,0.62875,0.5967176858294831,0.5100846290588379,"{""0"": 128, ""1"": 128, ""2"": 128, ""3"": 128}",cached_setfit_jsonl,linear_margin,
ag_news,128,0.1,class_conditional,linear_svm_hinge,303,512,800,4,0.109375,0.7125,0.7082920943389729,0.6627936363220215,"{""0"": 128, ""1"": 128, ""2"": 128, ""3"": 128}",cached_setfit_jsonl,linear_margin,
ag_news,128,0.1,class_conditional,linear_svm_hinge,404,512,800,4,0.107421875,0.715,0.7039579479814141,0.5076963901519775,"{""0"": 128, ""1"": 128, ""2"": 128, ""3"": 128}",cached_setfit_jsonl,linear_margin,
ag_news,128,0.1,class_conditional,linear_svm_hinge,505,512,800,4,0.087890625,0.7775,0.7773746809512045,0.6569209098815918,"{""0"": 128, ""1"": 128, ""2"": 128, ""3"": 128}",cached_setfit_jsonl,linear_margin,
ag_news,128,0.1,class_conditional,multinomial_nb,101,512,800,4,0.091796875,0.76875,0.766402686513715,0.08442354202270508,"{""0"": 128, ""1"": 128, ""2"": 128, ""3"": 128}",cached_setfit_jsonl,generative_nb,
ag_news,128,0.1,class_conditional,multinomial_nb,202,512,800,4,0.0859375,0.79,0.7899361101891802,0.08574342727661133,"{""0"": 128, ""1"": 128, ""2"": 128, ""3"": 128}",cached_setfit_jsonl,generative_nb,
ag_news,128,0.1,class_conditional,multinomial_nb,303,512,800,4,0.109375,0.79875,0.796862151454483,0.0908811092376709,"{""0"": 128, ""1"": 128, ""2"": 128, ""3"": 128}",cached_setfit_jsonl,generative_nb,
ag_news,128,0.1,class_conditional,multinomial_nb,404,512,800,4,0.107421875,0.7575,0.7537884918481103,0.07871127128601074,"{""0"": 128, ""1"": 128, ""2"": 128, ""3"": 128}",cached_setfit_jsonl,generative_nb,
ag_news,128,0.1,class_conditional,multinomial_nb,505,512,800,4,0.087890625,0.79,0.7888247830117213,0.08204770088195801,"{""0"": 128, ""1"": 128, ""2"": 128, ""3"": 128}",cached_setfit_jsonl,generative_nb,
ag_news,128,0.1,class_conditional,softmax_logreg,101,512,800,4,0.091796875,0.7575,0.7549724209763609,0.1769256591796875,"{""0"": 128, ""1"": 128, ""2"": 128, ""3"": 128}",cached_setfit_jsonl,linear_probabilistic,
ag_news,128,0.1,class_conditional,softmax_logreg,202,512,800,4,0.0859375,0.72125,0.7137782596762124,0.16521787643432617,"{""0"": 128, ""1"": 128, ""2"": 128, ""3"": 128}",cached_setfit_jsonl,linear_probabilistic,
ag_news,128,0.1,class_conditional,softmax_logreg,303,512,800,4,0.109375,0.74375,0.7380590965849647,0.1589822769165039,"{""0"": 128, ""1"": 128, ""2"": 128, ""3"": 128}",cached_setfit_jsonl,linear_probabilistic,
ag_news,128,0.1,class_conditional,softmax_logreg,404,512,800,4,0.107421875,0.72375,0.7167445841970892,0.15779852867126465,"{""0"": 128, ""1"": 128, ""2"": 128, ""3"": 128}",cached_setfit_jsonl,linear_probabilistic,
ag_news,128,0.1,class_conditional,softmax_logreg,505,512,800,4,0.087890625,0.78875,0.7877915989864411,0.2304229736328125,"{""0"": 128, ""1"": 128, ""2"": 128, ""3"": 128}",cached_setfit_jsonl,linear_probabilistic,
ag_news,128,0.1,class_conditional,trimmed_softmax_logreg,101,512,800,4,0.091796875,0.56375,0.5477766145403304,0.20985984802246094,"{""0"": 128, ""1"": 128, ""2"": 128, ""3"": 128}",cached_setfit_jsonl,bounded_robust_variant,kept_fraction=0.8008
ag_news,128,0.1,class_conditional,trimmed_softmax_logreg,202,512,800,4,0.0859375,0.53625,0.4506396406043668,0.2115616798400879,"{""0"": 128, ""1"": 128, ""2"": 128, ""3"": 128}",cached_setfit_jsonl,bounded_robust_variant,kept_fraction=0.8008
ag_news,128,0.1,class_conditional,trimmed_softmax_logreg,303,512,800,4,0.109375,0.56375,0.5152803356152555,0.20038676261901855,"{""0"": 128, ""1"": 128, ""2"": 128, ""3"": 128}",cached_setfit_jsonl,bounded_robust_variant,kept_fraction=0.8008
ag_news,128,0.1,class_conditional,trimmed_softmax_logreg,404,512,800,4,0.107421875,0.64,0.6194451090966875,0.2259070873260498,"{""0"": 128, ""1"": 128, ""2"": 128, ""3"": 128}",cached_setfit_jsonl,bounded_robust_variant,kept_fraction=0.8008
ag_news,128,0.1,class_conditional,trimmed_softmax_logreg,505,512,800,4,0.087890625,0.63375,0.5909595487701185,0.22334980964660645,"{""0"": 128, ""1"": 128, ""2"": 128, ""3"": 128}",cached_setfit_jsonl,bounded_robust_variant,kept_fraction=0.8008
ag_news,128,0.1,symmetric,linear_svm_hinge,101,512,800,4,0.09375,0.72625,0.730079196620379,0.5739288330078125,"{""0"": 128, ""1"": 128, ""2"": 128, ""3"": 128}",cached_setfit_jsonl,linear_margin,
ag_news,128,0.1,symmetric,linear_svm_hinge,202,512,800,4,0.09765625,0.62125,0.6251273574476671,0.5413494110107422,"{""0"": 128, ""1"": 128, ""2"": 128, ""3"": 128}",cached_setfit_jsonl,linear_margin,
ag_news,128,0.1,symmetric,linear_svm_hinge,303,512,800,4,0.1015625,0.6475,0.6449004543494605,0.6159255504608154,"{""0"": 128, ""1"": 128, ""2"": 128, ""3"": 128}",cached_setfit_jsonl,linear_margin,
ag_news,128,0.1,symmetric,linear_svm_hinge,404,512,800,4,0.10546875,0.73625,0.7225292608826176,0.5364871025085449,"{""0"": 128, ""1"": 128, ""2"": 128, ""3"": 128}",cached_setfit_jsonl,linear_margin,
ag_news,128,0.1,symmetric,linear_svm_hinge,505,512,800,4,0.076171875,0.7075,0.6836894805455311,0.529930830001831,"{""0"": 128, ""1"": 128, ""2"": 128, ""3"": 128}",cached_setfit_jsonl,linear_margin,
ag_news,128,0.1,symmetric,multinomial_nb,101,512,800,4,0.09375,0.7675,0.7652484952027045,0.09103035926818848,"{""0"": 128, ""1"": 128, ""2"": 128, ""3"": 128}",cached_setfit_jsonl,generative_nb,
ag_news,128,0.1,symmetric,multinomial_nb,202,512,800,4,0.09765625,0.78875,0.7888370994919978,0.08400535583496094,"{""0"": 128, ""1"": 128, ""2"": 128, ""3"": 128}",cached_setfit_jsonl,generative_nb,
ag_news,128,0.1,symmetric,multinomial_nb,303,512,800,4,0.1015625,0.7875,0.7870635285336032,0.08073139190673828,"{""0"": 128, ""1"": 128, ""2"": 128, ""3"": 128}",cached_setfit_jsonl,generative_nb,
ag_news,128,0.1,symmetric,multinomial_nb,404,512,800,4,0.10546875,0.77375,0.7698923951371585,0.08661437034606934,"{""0"": 128, ""1"": 128, ""2"": 128, ""3"": 128}",cached_setfit_jsonl,generative_nb,
ag_news,128,0.1,symmetric,multinomial_nb,505,512,800,4,0.076171875,0.78875,0.7870996403302268,0.07650017738342285,"{""0"": 128, ""1"": 128, ""2"": 128, ""3"": 128}",cached_setfit_jsonl,generative_nb,
ag_news,128,0.1,symmetric,softmax_logreg,101,512,800,4,0.09375,0.735,0.732420814405365,0.2151947021484375,"{""0"": 128, ""1"": 128, ""2"": 128, ""3"": 128}",cached_setfit_jsonl,linear_probabilistic,
ag_news,128,0.1,symmetric,softmax_logreg,202,512,800,4,0.09765625,0.775,0.7730454278706912,0.1842043399810791,"{""0"": 128, ""1"": 128, ""2"": 128, ""3"": 128}",cached_setfit_jsonl,linear_probabilistic,
ag_news,128,0.1,symmetric,softmax_logreg,303,512,800,4,0.1015625,0.76125,0.7592712009380829,0.18673920631408691,"{""0"": 128, ""1"": 128, ""2"": 128, ""3"": 128}",cached_setfit_jsonl,linear_probabilistic,
ag_news,128,0.1,symmetric,softmax_logreg,404,512,800,4,0.10546875,0.7425,0.733119628820314,0.16611361503601074,"{""0"": 128, ""1"": 128, ""2"": 128, ""3"": 128}",cached_setfit_jsonl,linear_probabilistic,
ag_news,128,0.1,symmetric,softmax_logreg,505,512,800,4,0.076171875,0.75,0.7465923513783583,0.18519854545593262,"{""0"": 128, ""1"": 128, ""2"": 128, ""3"": 128}",cached_setfit_jsonl,linear_probabilistic,
ag_news,128,0.1,symmetric,trimmed_softmax_logreg,101,512,800,4,0.09375,0.56375,0.479919122379873,0.21093249320983887,"{""0"": 128, ""1"": 128, ""2"": 128, ""3"": 128}",cached_setfit_jsonl,bounded_robust_variant,kept_fraction=0.8008
ag_news,128,0.1,symmetric,trimmed_softmax_logreg,202,512,800,4,0.09765625,0.63875,0.5951193138579571,0.19373631477355957,"{""0"": 128, ""1"": 128, ""2"": 128, ""3"": 128}",cached_setfit_jsonl,bounded_robust_variant,kept_fraction=0.8008
ag_news,128,0.1,symmetric,trimmed_softmax_logreg,303,512,800,4,0.1015625,0.7275,0.7193564137248781,0.19908714294433594,"{""0"": 128, ""1"": 128, ""2"": 128, ""3"": 128}",cached_setfit_jsonl,bounded_robust_variant,kept_fraction=0.8008
ag_news,128,0.1,symmetric,trimmed_softmax_logreg,404,512,800,4,0.10546875,0.6075,0.5551786736839247,0.19637489318847656,"{""0"": 128, ""1"": 128, ""2"": 128, ""3"": 128}",cached_setfit_jsonl,bounded_robust_variant,kept_fraction=0.8008
ag_news,128,0.1,symmetric,trimmed_softmax_logreg,505,512,800,4,0.076171875,0.66375,0.6285959883318857,0.23453760147094727,"{""0"": 128, ""1"": 128, ""2"": 128, ""3"": 128}",cached_setfit_jsonl,bounded_robust_variant,kept_fraction=0.8008
ag_news,128,0.2,class_conditional,linear_svm_hinge,101,512,800,4,0.185546875,0.65125,0.6392895876858713,0.4873185157775879,"{""0"": 128, ""1"": 128, ""2"": 128, ""3"": 128}",cached_setfit_jsonl,linear_margin,
ag_news,128,0.2,class_conditional,linear_svm_hinge,202,512,800,4,0.181640625,0.68875,0.6790363887056305,0.9369044303894043,"{""0"": 128, ""1"": 128, ""2"": 128, ""3"": 128}",cached_setfit_jsonl,linear_margin,
ag_news,128,0.2,class_conditional,linear_svm_hinge,303,512,800,4,0.21875,0.6625,0.6425457696657233,0.9440948963165283,"{""0"": 128, ""1"": 128, ""2"": 128, ""3"": 128}",cached_setfit_jsonl,linear_margin,
ag_news,128,0.2,class_conditional,linear_svm_hinge,404,512,800,4,0.224609375,0.55625,0.5031603045155779,0.786261796951294,"{""0"": 128, ""1"": 128, ""2"": 128, ""3"": 128}",cached_setfit_jsonl,linear_margin,
ag_news,128,0.2,class_conditional,linear_svm_hinge,505,512,800,4,0.189453125,0.68375,0.6676447638212344,0.7781596183776855,"{""0"": 128, ""1"": 128, ""2"": 128, ""3"": 128}",cached_setfit_jsonl,linear_margin,
ag_news,128,0.2,class_conditional,multinomial_nb,101,512,800,4,0.185546875,0.735,0.7328517551312808,0.08182120323181152,"{""0"": 128, ""1"": 128, ""2"": 128, ""3"": 128}",cached_setfit_jsonl,generative_nb,
ag_news,128,0.2,class_conditional,multinomial_nb,202,512,800,4,0.181640625,0.74625,0.744633277146804,0.07917118072509766,"{""0"": 128, ""1"": 128, ""2"": 128, ""3"": 128}",cached_setfit_jsonl,generative_nb,
ag_news,128,0.2,class_conditional,multinomial_nb,303,512,800,4,0.21875,0.74125,0.7374204235388839,0.08189010620117188,"{""0"": 128, ""1"": 128, ""2"": 128, ""3"": 128}",cached_setfit_jsonl,generative_nb,
ag_news,128,0.2,class_conditional,multinomial_nb,404,512,800,4,0.224609375,0.6925,0.6881546282141668,0.09250259399414062,"{""0"": 128, ""1"": 128, ""2"": 128, ""3"": 128}",cached_setfit_jsonl,generative_nb,
ag_news,128,0.2,class_conditional,multinomial_nb,505,512,800,4,0.189453125,0.73375,0.7324516247771641,0.08656668663024902,"{""0"": 128, ""1"": 128, ""2"": 128, ""3"": 128}",cached_setfit_jsonl,generative_nb,
ag_news,128,0.2,class_conditional,softmax_logreg,101,512,800,4,0.185546875,0.7225,0.7160967029337795,0.16855835914611816,"{""0"": 128, ""1"": 128, ""2"": 128, ""3"": 128}",cached_setfit_jsonl,linear_probabilistic,
ag_news,128,0.2,class_conditional,softmax_logreg,202,512,800,4,0.181640625,0.6825,0.6668784416853762,0.23176860809326172,"{""0"": 128, ""1"": 128, ""2"": 128, ""3"": 128}",cached_setfit_jsonl,linear_probabilistic,
ag_news,128,0.2,class_conditional,softmax_logreg,303,512,800,4,0.21875,0.71125,0.6956951616296602,0.16541647911071777,"{""0"": 128, ""1"": 128, ""2"": 128, ""3"": 128}",cached_setfit_jsonl,linear_probabilistic,
ag_news,128,0.2,class_conditional,softmax_logreg,404,512,800,4,0.224609375,0.6725,0.6657919011856956,0.1861879825592041,"{""0"": 128, ""1"": 128, ""2"": 128, ""3"": 128}",cached_setfit_jsonl,linear_probabilistic,
ag_news,128,0.2,class_conditional,softmax_logreg,505,512,800,4,0.189453125,0.74,0.7411146740463369,0.17805767059326172,"{""0"": 128, ""1"": 128, ""2"": 128, ""3"": 128}",cached_setfit_jsonl,linear_probabilistic,
ag_news,128,0.2,class_conditional,trimmed_softmax_logreg,101,512,800,4,0.185546875,0.6025,0.516858868443346,0.21743535995483398,"{""0"": 128, ""1"": 128, ""2"": 128, ""3"": 128}",cached_setfit_jsonl,bounded_robust_variant,kept_fraction=0.8008
ag_news,128,0.2,class_conditional,trimmed_softmax_logreg,202,512,800,4,0.181640625,0.525,0.41723516410783723,0.19286131858825684,"{""0"": 128, ""1"": 128, ""2"": 128, ""3"": 128}",cached_setfit_jsonl,bounded_robust_variant,kept_fraction=0.8008
ag_news,128,0.2,class_conditional,trimmed_softmax_logreg,303,512,800,4,0.21875,0.60875,0.531245786478215,0.21481108665466309,"{""0"": 128, ""1"": 128, ""2"": 128, ""3"": 128}",cached_setfit_jsonl,bounded_robust_variant,kept_fraction=0.8008
ag_news,128,0.2,class_conditional,trimmed_softmax_logreg,404,512,800,4,0.224609375,0.645,0.6335016220468297,0.19769597053527832,"{""0"": 128, ""1"": 128, ""2"": 128, ""3"": 128}",cached_setfit_jsonl,bounded_robust_variant,kept_fraction=0.8008
ag_news,128,0.2,class_conditional,trimmed_softmax_logreg,505,512,800,4,0.189453125,0.50875,0.4490330705926815,0.21933531761169434,"{""0"": 128, ""1"": 128, ""2"": 128, ""3"": 128}",cached_setfit_jsonl,bounded_robust_variant,kept_fraction=0.8008
ag_news,128,0.2,symmetric,linear_svm_hinge,101,512,800,4,0.1796875,0.6225,0.5761453318090867,0.8121311664581299,"{""0"": 128, ""1"": 128, ""2"": 128, ""3"": 128}",cached_setfit_jsonl,linear_margin,
ag_news,128,0.2,symmetric,linear_svm_hinge,202,512,800,4,0.212890625,0.695,0.688931103907862,0.7605376243591309,"{""0"": 128, ""1"": 128, ""2"": 128, ""3"": 128}",cached_setfit_jsonl,linear_margin,
ag_news,128,0.2,symmetric,linear_svm_hinge,303,512,800,4,0.171875,0.6875,0.689896953447271,0.7720692157745361,"{""0"": 128, ""1"": 128, ""2"": 128, ""3"": 128}",cached_setfit_jsonl,linear_margin,
ag_news,128,0.2,symmetric,linear_svm_hinge,404,512,800,4,0.20703125,0.56625,0.5016546781331732,0.8268969058990479,"{""0"": 128, ""1"": 128, ""2"": 128, ""3"": 128}",cached_setfit_jsonl,linear_margin,
ag_news,128,0.2,symmetric,linear_svm_hinge,505,512,800,4,0.220703125,0.6675,0.6570878790698211,0.774634838104248,"{""0"": 128, ""1"": 128, ""2"": 128, ""3"": 128}",cached_setfit_jsonl,linear_margin,
ag_news,128,0.2,symmetric,multinomial_nb,101,512,800,4,0.1796875,0.7575,0.7555732635581005,0.08616518974304199,"{""0"": 128, ""1"": 128, ""2"": 128, ""3"": 128}",cached_setfit_jsonl,generative_nb,
ag_news,128,0.2,symmetric,multinomial_nb,202,512,800,4,0.212890625,0.7475,0.7475252175386322,0.08778119087219238,"{""0"": 128, ""1"": 128, ""2"": 128, ""3"": 128}",cached_setfit_jsonl,generative_nb,
ag_news,128,0.2,symmetric,multinomial_nb,303,512,800,4,0.171875,0.76625,0.7663522767299347,0.08932828903198242,"{""0"": 128, ""1"": 128, ""2"": 128, ""3"": 128}",cached_setfit_jsonl,generative_nb,
ag_news,128,0.2,symmetric,multinomial_nb,404,512,800,4,0.20703125,0.75125,0.7465184485457177,0.08434343338012695,"{""0"": 128, ""1"": 128, ""2"": 128, ""3"": 128}",cached_setfit_jsonl,generative_nb,
ag_news,128,0.2,symmetric,multinomial_nb,505,512,800,4,0.220703125,0.7,0.6982900528800988,0.08492040634155273,"{""0"": 128, ""1"": 128, ""2"": 128, ""3"": 128}",cached_setfit_jsonl,generative_nb,
ag_news,128,0.2,symmetric,softmax_logreg,101,512,800,4,0.1796875,0.7375,0.7265686944640046,0.16991591453552246,"{""0"": 128, ""1"": 128, ""2"": 128, ""3"": 128}",cached_setfit_jsonl,linear_probabilistic,
ag_news,128,0.2,symmetric,softmax_logreg,202,512,800,4,0.212890625,0.7025,0.6953361666729292,0.19860482215881348,"{""0"": 128, ""1"": 128, ""2"": 128, ""3"": 128}",cached_setfit_jsonl,linear_probabilistic,
ag_news,128,0.2,symmetric,softmax_logreg,303,512,800,4,0.171875,0.74625,0.7480252945658376,0.21057629585266113,"{""0"": 128, ""1"": 128, ""2"": 128, ""3"": 128}",cached_setfit_jsonl,linear_probabilistic,
ag_news,128,0.2,symmetric,softmax_logreg,404,512,800,4,0.20703125,0.69,0.6723326001429333,0.17189931869506836,"{""0"": 128, ""1"": 128, ""2"": 128, ""3"": 128}",cached_setfit_jsonl,linear_probabilistic,
ag_news,128,0.2,symmetric,softmax_logreg,505,512,800,4,0.220703125,0.69375,0.6854533981962561,0.1851499080657959,"{""0"": 128, ""1"": 128, ""2"": 128, ""3"": 128}",cached_setfit_jsonl,linear_probabilistic,
ag_news,128,0.2,symmetric,trimmed_softmax_logreg,101,512,800,4,0.1796875,0.61875,0.542199057638219,0.20202040672302246,"{""0"": 128, ""1"": 128, ""2"": 128, ""3"": 128}",cached_setfit_jsonl,bounded_robust_variant,kept_fraction=0.8008
ag_news,128,0.2,symmetric,trimmed_softmax_logreg,202,512,800,4,0.212890625,0.53375,0.4478993611967441,0.2055070400238037,"{""0"": 128, ""1"": 128, ""2"": 128, ""3"": 128}",cached_setfit_jsonl,bounded_robust_variant,kept_fraction=0.8008
ag_news,128,0.2,symmetric,trimmed_softmax_logreg,303,512,800,4,0.171875,0.5625,0.5532084696641303,0.26134347915649414,"{""0"": 128, ""1"": 128, ""2"": 128, ""3"": 128}",cached_setfit_jsonl,bounded_robust_variant,kept_fraction=0.8008
ag_news,128,0.2,symmetric,trimmed_softmax_logreg,404,512,800,4,0.20703125,0.59,0.5119948125677448,0.20998620986938477,"{""0"": 128, ""1"": 128, ""2"": 128, ""3"": 128}",cached_setfit_jsonl,bounded_robust_variant,kept_fraction=0.8008
ag_news,128,0.2,symmetric,trimmed_softmax_logreg,505,512,800,4,0.220703125,0.5175,0.44839470746405446,0.2236161231994629,"{""0"": 128, ""1"": 128, ""2"": 128, ""3"": 128}",cached_setfit_jsonl,bounded_robust_variant,kept_fraction=0.8008
ag_news,128,0.3,class_conditional,linear_svm_hinge,101,512,800,4,0.28125,0.53875,0.5240835823604212,0.8289422988891602,"{""0"": 128, ""1"": 128, ""2"": 128, ""3"": 128}",cached_setfit_jsonl,linear_margin,
ag_news,128,0.3,class_conditional,linear_svm_hinge,202,512,800,4,0.2890625,0.6525,0.6369837809987877,3.5496113300323486,"{""0"": 128, ""1"": 128, ""2"": 128, ""3"": 128}",cached_setfit_jsonl,linear_margin,
ag_news,128,0.3,class_conditional,linear_svm_hinge,303,512,800,4,0.30859375,0.58125,0.5878314210146662,0.48641109466552734,"{""0"": 128, ""1"": 128, ""2"": 128, ""3"": 128}",cached_setfit_jsonl,linear_margin,
ag_news,128,0.3,class_conditional,linear_svm_hinge,404,512,800,4,0.328125,0.5,0.4431013646089433,0.4957559108734131,"{""0"": 128, ""1"": 128, ""2"": 128, ""3"": 128}",cached_setfit_jsonl,linear_margin,
ag_news,128,0.3,class_conditional,linear_svm_hinge,505,512,800,4,0.275390625,0.62875,0.6397248518878746,0.4864063262939453,"{""0"": 128, ""1"": 128, ""2"": 128, ""3"": 128}",cached_setfit_jsonl,linear_margin,
ag_news,128,0.3,class_conditional,multinomial_nb,101,512,800,4,0.28125,0.67875,0.6759439878146928,0.08428835868835449,"{""0"": 128, ""1"": 128, ""2"": 128, ""3"": 128}",cached_setfit_jsonl,generative_nb,
ag_news,128,0.3,class_conditional,multinomial_nb,202,512,800,4,0.2890625,0.675,0.6717773015702003,0.08007073402404785,"{""0"": 128, ""1"": 128, ""2"": 128, ""3"": 128}",cached_setfit_jsonl,generative_nb,
ag_news,128,0.3,class_conditional,multinomial_nb,303,512,800,4,0.30859375,0.67375,0.6689183263757724,0.09579777717590332,"{""0"": 128, ""1"": 128, ""2"": 128, ""3"": 128}",cached_setfit_jsonl,generative_nb,
ag_news,128,0.3,class_conditional,multinomial_nb,404,512,800,4,0.328125,0.60875,0.6019417533920868,0.08018708229064941,"{""0"": 128, ""1"": 128, ""2"": 128, ""3"": 128}",cached_setfit_jsonl,generative_nb,
ag_news,128,0.3,class_conditional,multinomial_nb,505,512,800,4,0.275390625,0.68125,0.6793787582540678,0.08823776245117188,"{""0"": 128, ""1"": 128, ""2"": 128, ""3"": 128}",cached_setfit_jsonl,generative_nb,
ag_news,128,0.3,class_conditional,softmax_logreg,101,512,800,4,0.28125,0.695,0.6924202266665787,0.1742560863494873,"{""0"": 128, ""1"": 128, ""2"": 128, ""3"": 128}",cached_setfit_jsonl,linear_probabilistic,
ag_news,128,0.3,class_conditional,softmax_logreg,202,512,800,4,0.2890625,0.59375,0.5769538950020938,0.17600440979003906,"{""0"": 128, ""1"": 128, ""2"": 128, ""3"": 128}",cached_setfit_jsonl,linear_probabilistic,
ag_news,128,0.3,class_conditional,softmax_logreg,303,512,800,4,0.30859375,0.6325,0.6131168936209657,0.16419219970703125,"{""0"": 128, ""1"": 128, ""2"": 128, ""3"": 128}",cached_setfit_jsonl,linear_probabilistic,
ag_news,128,0.3,class_conditional,softmax_logreg,404,512,800,4,0.328125,0.5975,0.5888280004099486,0.16141319274902344,"{""0"": 128, ""1"": 128, ""2"": 128, ""3"": 128}",cached_setfit_jsonl,linear_probabilistic,
ag_news,128,0.3,class_conditional,softmax_logreg,505,512,800,4,0.275390625,0.63375,0.6323124325328722,0.20170164108276367,"{""0"": 128, ""1"": 128, ""2"": 128, ""3"": 128}",cached_setfit_jsonl,linear_probabilistic,
ag_news,128,0.3,class_conditional,trimmed_softmax_logreg,101,512,800,4,0.28125,0.5475,0.4805608112145046,0.20755243301391602,"{""0"": 128, ""1"": 128, ""2"": 128, ""3"": 128}",cached_setfit_jsonl,bounded_robust_variant,kept_fraction=0.8008
ag_news,128,0.3,class_conditional,trimmed_softmax_logreg,202,512,800,4,0.2890625,0.46125,0.3603420443583998,0.21398639678955078,"{""0"": 128, ""1"": 128, ""2"": 128, ""3"": 128}",cached_setfit_jsonl,bounded_robust_variant,kept_fraction=0.8008
ag_news,128,0.3,class_conditional,trimmed_softmax_logreg,303,512,800,4,0.30859375,0.4825,0.3844491352521479,0.2156963348388672,"{""0"": 128, ""1"": 128, ""2"": 128, ""3"": 128}",cached_setfit_jsonl,bounded_robust_variant,kept_fraction=0.8008
ag_news,128,0.3,class_conditional,trimmed_softmax_logreg,404,512,800,4,0.328125,0.4825,0.42493478455587474,0.2003793716430664,"{""0"": 128, ""1"": 128, ""2"": 128, ""3"": 128}",cached_setfit_jsonl,bounded_robust_variant,kept_fraction=0.8008
ag_news,128,0.3,class_conditional,trimmed_softmax_logreg,505,512,800,4,0.275390625,0.40625,0.29595513137446683,0.26270031929016113,"{""0"": 128, ""1"": 128, ""2"": 128, ""3"": 128}",cached_setfit_jsonl,bounded_robust_variant,kept_fraction=0.8008
ag_news,128,0.3,symmetric,linear_svm_hinge,101,512,800,4,0.279296875,0.555,0.49545714242074534,0.490372896194458,"{""0"": 128, ""1"": 128, ""2"": 128, ""3"": 128}",cached_setfit_jsonl,linear_margin,
ag_news,128,0.3,symmetric,linear_svm_hinge,202,512,800,4,0.30078125,0.61625,0.6205281028116832,0.4910719394683838,"{""0"": 128, ""1"": 128, ""2"": 128, ""3"": 128}",cached_setfit_jsonl,linear_margin,
ag_news,128,0.3,symmetric,linear_svm_hinge,303,512,800,4,0.291015625,0.565,0.5549020468661956,0.47782182693481445,"{""0"": 128, ""1"": 128, ""2"": 128, ""3"": 128}",cached_setfit_jsonl,linear_margin,
ag_news,128,0.3,symmetric,linear_svm_hinge,404,512,800,4,0.298828125,0.59375,0.5769243686642215,0.4601767063140869,"{""0"": 128, ""1"": 128, ""2"": 128, ""3"": 128}",cached_setfit_jsonl,linear_margin,
ag_news,128,0.3,symmetric,linear_svm_hinge,505,512,800,4,0.330078125,0.59,0.5757896636532278,0.4810633659362793,"{""0"": 128, ""1"": 128, ""2"": 128, ""3"": 128}",cached_setfit_jsonl,linear_margin,
ag_news,128,0.3,symmetric,multinomial_nb,101,512,800,4,0.279296875,0.735,0.7331621554953309,0.09254288673400879,"{""0"": 128, ""1"": 128, ""2"": 128, ""3"": 128}",cached_setfit_jsonl,generative_nb,
ag_news,128,0.3,symmetric,multinomial_nb,202,512,800,4,0.30078125,0.68625,0.688937948353397,0.07963395118713379,"{""0"": 128, ""1"": 128, ""2"": 128, ""3"": 128}",cached_setfit_jsonl,generative_nb,
ag_news,128,0.3,symmetric,multinomial_nb,303,512,800,4,0.291015625,0.73,0.7265065587530791,0.0791175365447998,"{""0"": 128, ""1"": 128, ""2"": 128, ""3"": 128}",cached_setfit_jsonl,generative_nb,
ag_news,128,0.3,symmetric,multinomial_nb,404,512,800,4,0.298828125,0.71375,0.7077514654226781,0.08548712730407715,"{""0"": 128, ""1"": 128, ""2"": 128, ""3"": 128}",cached_setfit_jsonl,generative_nb,
ag_news,128,0.3,symmetric,multinomial_nb,505,512,800,4,0.330078125,0.6625,0.6612296173771584,0.08109259605407715,"{""0"": 128, ""1"": 128, ""2"": 128, ""3"": 128}",cached_setfit_jsonl,generative_nb,
ag_news,128,0.3,symmetric,softmax_logreg,101,512,800,4,0.279296875,0.66375,0.6482777032740912,0.20523548126220703,"{""0"": 128, ""1"": 128, ""2"": 128, ""3"": 128}",cached_setfit_jsonl,linear_probabilistic,
ag_news,128,0.3,symmetric,softmax_logreg,202,512,800,4,0.30078125,0.64125,0.6346864357501245,0.17716097831726074,"{""0"": 128, ""1"": 128, ""2"": 128, ""3"": 128}",cached_setfit_jsonl,linear_probabilistic,
ag_news,128,0.3,symmetric,softmax_logreg,303,512,800,4,0.291015625,0.7125,0.700740813981185,0.1790156364440918,"{""0"": 128, ""1"": 128, ""2"": 128, ""3"": 128}",cached_setfit_jsonl,linear_probabilistic,
ag_news,128,0.3,symmetric,softmax_logreg,404,512,800,4,0.298828125,0.59625,0.5822059222871004,0.18692278861999512,"{""0"": 128, ""1"": 128, ""2"": 128, ""3"": 128}",cached_setfit_jsonl,linear_probabilistic,
ag_news,128,0.3,symmetric,softmax_logreg,505,512,800,4,0.330078125,0.66625,0.6625155967698466,0.21397852897644043,"{""0"": 128, ""1"": 128, ""2"": 128, ""3"": 128}",cached_setfit_jsonl,linear_probabilistic,
ag_news,128,0.3,symmetric,trimmed_softmax_logreg,101,512,800,4,0.279296875,0.5625,0.4821194259595819,0.21872520446777344,"{""0"": 128, ""1"": 128, ""2"": 128, ""3"": 128}",cached_setfit_jsonl,bounded_robust_variant,kept_fraction=0.8008
ag_news,128,0.3,symmetric,trimmed_softmax_logreg,202,512,800,4,0.30078125,0.54125,0.4637842043118453,0.23326516151428223,"{""0"": 128, ""1"": 128, ""2"": 128, ""3"": 128}",cached_setfit_jsonl,bounded_robust_variant,kept_fraction=0.8008
ag_news,128,0.3,symmetric,trimmed_softmax_logreg,303,512,800,4,0.291015625,0.62375,0.5437457685451353,0.20141339302062988,"{""0"": 128, ""1"": 128, ""2"": 128, ""3"": 128}",cached_setfit_jsonl,bounded_robust_variant,kept_fraction=0.8008
ag_news,128,0.3,symmetric,trimmed_softmax_logreg,404,512,800,4,0.298828125,0.45625,0.3737859044666885,0.2021791934967041,"{""0"": 128, ""1"": 128, ""2"": 128, ""3"": 128}",cached_setfit_jsonl,bounded_robust_variant,kept_fraction=0.8008
ag_news,128,0.3,symmetric,trimmed_softmax_logreg,505,512,800,4,0.330078125,0.485,0.3927446257033377,0.2121574878692627,"{""0"": 128, ""1"": 128, ""2"": 128, ""3"": 128}",cached_setfit_jsonl,bounded_robust_variant,kept_fraction=0.8008
dbpedia_14,8,0.0,class_conditional,linear_svm_hinge,101,112,2800,14,0.0,0.6739285714285714,0.6424851833966486,0.13037538528442383,"{""0"": 8, ""1"": 8, ""2"": 8, ""3"": 8, ""4"": 8, ""5"": 8, ""6"": 8, ""7"": 8, ""8"": 8, ""9"": 8, ""10"": 8, ""11"": 8, ""12"": 8, ""13"": 8}",cached_parquet_balanced_pool,linear_margin,
dbpedia_14,8,0.0,class_conditional,linear_svm_hinge,202,112,2800,14,0.0,0.6532142857142857,0.6002077427790097,0.13282489776611328,"{""0"": 8, ""1"": 8, ""2"": 8, ""3"": 8, ""4"": 8, ""5"": 8, ""6"": 8, ""7"": 8, ""8"": 8, ""9"": 8, ""10"": 8, ""11"": 8, ""12"": 8, ""13"": 8}",cached_parquet_balanced_pool,linear_margin,
dbpedia_14,8,0.0,class_conditional,linear_svm_hinge,303,112,2800,14,0.0,0.5703571428571429,0.5470318628987813,0.1266491413116455,"{""0"": 8, ""1"": 8, ""2"": 8, ""3"": 8, ""4"": 8, ""5"": 8, ""6"": 8, ""7"": 8, ""8"": 8, ""9"": 8, ""10"": 8, ""11"": 8, ""12"": 8, ""13"": 8}",cached_parquet_balanced_pool,linear_margin,
dbpedia_14,8,0.0,class_conditional,linear_svm_hinge,404,112,2800,14,0.0,0.7096428571428571,0.6997917080417623,0.13439178466796875,"{""0"": 8, ""1"": 8, ""2"": 8, ""3"": 8, ""4"": 8, ""5"": 8, ""6"": 8, ""7"": 8, ""8"": 8, ""9"": 8, ""10"": 8, ""11"": 8, ""12"": 8, ""13"": 8}",cached_parquet_balanced_pool,linear_margin,
dbpedia_14,8,0.0,class_conditional,linear_svm_hinge,505,112,2800,14,0.0,0.6239285714285714,0.5979997313746733,0.12861967086791992,"{""0"": 8, ""1"": 8, ""2"": 8, ""3"": 8, ""4"": 8, ""5"": 8, ""6"": 8, ""7"": 8, ""8"": 8, ""9"": 8, ""10"": 8, ""11"": 8, ""12"": 8, ""13"": 8}",cached_parquet_balanced_pool,linear_margin,
dbpedia_14,8,0.0,class_conditional,multinomial_nb,101,112,2800,14,0.0,0.7703571428571429,0.7647893622291171,0.07906365394592285,"{""0"": 8, ""1"": 8, ""2"": 8, ""3"": 8, ""4"": 8, ""5"": 8, ""6"": 8, ""7"": 8, ""8"": 8, ""9"": 8, ""10"": 8, ""11"": 8, ""12"": 8, ""13"": 8}",cached_parquet_balanced_pool,generative_nb,
dbpedia_14,8,0.0,class_conditional,multinomial_nb,202,112,2800,14,0.0,0.7671428571428571,0.7604569041213202,0.08761119842529297,"{""0"": 8, ""1"": 8, ""2"": 8, ""3"": 8, ""4"": 8, ""5"": 8, ""6"": 8, ""7"": 8, ""8"": 8, ""9"": 8, ""10"": 8, ""11"": 8, ""12"": 8, ""13"": 8}",cached_parquet_balanced_pool,generative_nb,
dbpedia_14,8,0.0,class_conditional,multinomial_nb,303,112,2800,14,0.0,0.7875,0.7825688740100424,0.07938313484191895,"{""0"": 8, ""1"": 8, ""2"": 8, ""3"": 8, ""4"": 8, ""5"": 8, ""6"": 8, ""7"": 8, ""8"": 8, ""9"": 8, ""10"": 8, ""11"": 8, ""12"": 8, ""13"": 8}",cached_parquet_balanced_pool,generative_nb,
dbpedia_14,8,0.0,class_conditional,multinomial_nb,404,112,2800,14,0.0,0.7535714285714286,0.7418724924324696,0.08269190788269043,"{""0"": 8, ""1"": 8, ""2"": 8, ""3"": 8, ""4"": 8, ""5"": 8, ""6"": 8, ""7"": 8, ""8"": 8, ""9"": 8, ""10"": 8, ""11"": 8, ""12"": 8, ""13"": 8}",cached_parquet_balanced_pool,generative_nb,
dbpedia_14,8,0.0,class_conditional,multinomial_nb,505,112,2800,14,0.0,0.7639285714285714,0.7585629606980172,0.08405375480651855,"{""0"": 8, ""1"": 8, ""2"": 8, ""3"": 8, ""4"": 8, ""5"": 8, ""6"": 8, ""7"": 8, ""8"": 8, ""9"": 8, ""10"": 8, ""11"": 8, ""12"": 8, ""13"": 8}",cached_parquet_balanced_pool,generative_nb,
dbpedia_14,8,0.0,class_conditional,softmax_logreg,101,112,2800,14,0.0,0.7703571428571429,0.7657329984276966,0.1377100944519043,"{""0"": 8, ""1"": 8, ""2"": 8, ""3"": 8, ""4"": 8, ""5"": 8, ""6"": 8, ""7"": 8, ""8"": 8, ""9"": 8, ""10"": 8, ""11"": 8, ""12"": 8, ""13"": 8}",cached_parquet_balanced_pool,linear_probabilistic,
dbpedia_14,8,0.0,class_conditional,softmax_logreg,202,112,2800,14,0.0,0.7971428571428572,0.7917890728300454,0.12030959129333496,"{""0"": 8, ""1"": 8, ""2"": 8, ""3"": 8, ""4"": 8, ""5"": 8, ""6"": 8, ""7"": 8, ""8"": 8, ""9"": 8, ""10"": 8, ""11"": 8, ""12"": 8, ""13"": 8}",cached_parquet_balanced_pool,linear_probabilistic,
dbpedia_14,8,0.0,class_conditional,softmax_logreg,303,112,2800,14,0.0,0.7853571428571429,0.7847199514136207,0.1266484260559082,"{""0"": 8, ""1"": 8, ""2"": 8, ""3"": 8, ""4"": 8, ""5"": 8, ""6"": 8, ""7"": 8, ""8"": 8, ""9"": 8, ""10"": 8, ""11"": 8, ""12"": 8, ""13"": 8}",cached_parquet_balanced_pool,linear_probabilistic,
dbpedia_14,8,0.0,class_conditional,softmax_logreg,404,112,2800,14,0.0,0.7742857142857142,0.7672263670573004,0.12692785263061523,"{""0"": 8, ""1"": 8, ""2"": 8, ""3"": 8, ""4"": 8, ""5"": 8, ""6"": 8, ""7"": 8, ""8"": 8, ""9"": 8, ""10"": 8, ""11"": 8, ""12"": 8, ""13"": 8}",cached_parquet_balanced_pool,linear_probabilistic,
dbpedia_14,8,0.0,class_conditional,softmax_logreg,505,112,2800,14,0.0,0.7792857142857142,0.7764940697594099,0.12363481521606445,"{""0"": 8, ""1"": 8, ""2"": 8, ""3"": 8, ""4"": 8, ""5"": 8, ""6"": 8, ""7"": 8, ""8"": 8, ""9"": 8, ""10"": 8, ""11"": 8, ""12"": 8, ""13"": 8}",cached_parquet_balanced_pool,linear_probabilistic,
dbpedia_14,8,0.0,class_conditional,trimmed_softmax_logreg,101,112,2800,14,0.0,0.6578571428571428,0.6111859992641284,0.15227866172790527,"{""0"": 8, ""1"": 8, ""2"": 8, ""3"": 8, ""4"": 8, ""5"": 8, ""6"": 8, ""7"": 8, ""8"": 8, ""9"": 8, ""10"": 8, ""11"": 8, ""12"": 8, ""13"": 8}",cached_parquet_balanced_pool,bounded_robust_variant,kept_fraction=0.8036
dbpedia_14,8,0.0,class_conditional,trimmed_softmax_logreg,202,112,2800,14,0.0,0.6828571428571428,0.655544210437669,0.14659833908081055,"{""0"": 8, ""1"": 8, ""2"": 8, ""3"": 8, ""4"": 8, ""5"": 8, ""6"": 8, ""7"": 8, ""8"": 8, ""9"": 8, ""10"": 8, ""11"": 8, ""12"": 8, ""13"": 8}",cached_parquet_balanced_pool,bounded_robust_variant,kept_fraction=0.8036
dbpedia_14,8,0.0,class_conditional,trimmed_softmax_logreg,303,112,2800,14,0.0,0.6321428571428571,0.5723507615136673,0.14307045936584473,"{""0"": 8, ""1"": 8, ""2"": 8, ""3"": 8, ""4"": 8, ""5"": 8, ""6"": 8, ""7"": 8, ""8"": 8, ""9"": 8, ""10"": 8, ""11"": 8, ""12"": 8, ""13"": 8}",cached_parquet_balanced_pool,bounded_robust_variant,kept_fraction=0.8036
dbpedia_14,8,0.0,class_conditional,trimmed_softmax_logreg,404,112,2800,14,0.0,0.6489285714285714,0.5969344167801278,0.15122079849243164,"{""0"": 8, ""1"": 8, ""2"": 8, ""3"": 8, ""4"": 8, ""5"": 8, ""6"": 8, ""7"": 8, ""8"": 8, ""9"": 8, ""10"": 8, ""11"": 8, ""12"": 8, ""13"": 8}",cached_parquet_balanced_pool,bounded_robust_variant,kept_fraction=0.8036
dbpedia_14,8,0.0,class_conditional,trimmed_softmax_logreg,505,112,2800,14,0.0,0.6764285714285714,0.6425929888584069,0.1542038917541504,"{""0"": 8, ""1"": 8, ""2"": 8, ""3"": 8, ""4"": 8, ""5"": 8, ""6"": 8, ""7"": 8, ""8"": 8, ""9"": 8, ""10"": 8, ""11"": 8, ""12"": 8, ""13"": 8}",cached_parquet_balanced_pool,bounded_robust_variant,kept_fraction=0.8125
dbpedia_14,8,0.0,symmetric,linear_svm_hinge,101,112,2800,14,0.0,0.6739285714285714,0.6424851833966486,0.13387322425842285,"{""0"": 8, ""1"": 8, ""2"": 8, ""3"": 8, ""4"": 8, ""5"": 8, ""6"": 8, ""7"": 8, ""8"": 8, ""9"": 8, ""10"": 8, ""11"": 8, ""12"": 8, ""13"": 8}",cached_parquet_balanced_pool,linear_margin,
dbpedia_14,8,0.0,symmetric,linear_svm_hinge,202,112,2800,14,0.0,0.6532142857142857,0.6002077427790097,0.1309528350830078,"{""0"": 8, ""1"": 8, ""2"": 8, ""3"": 8, ""4"": 8, ""5"": 8, ""6"": 8, ""7"": 8, ""8"": 8, ""9"": 8, ""10"": 8, ""11"": 8, ""12"": 8, ""13"": 8}",cached_parquet_balanced_pool,linear_margin,
dbpedia_14,8,0.0,symmetric,linear_svm_hinge,303,112,2800,14,0.0,0.5703571428571429,0.5470318628987813,0.13082480430603027,"{""0"": 8, ""1"": 8, ""2"": 8, ""3"": 8, ""4"": 8, ""5"": 8, ""6"": 8, ""7"": 8, ""8"": 8, ""9"": 8, ""10"": 8, ""11"": 8, ""12"": 8, ""13"": 8}",cached_parquet_balanced_pool,linear_margin,
dbpedia_14,8,0.0,symmetric,linear_svm_hinge,404,112,2800,14,0.0,0.7096428571428571,0.6997917080417623,0.12890982627868652,"{""0"": 8, ""1"": 8, ""2"": 8, ""3"": 8, ""4"": 8, ""5"": 8, ""6"": 8, ""7"": 8, ""8"": 8, ""9"": 8, ""10"": 8, ""11"": 8, ""12"": 8, ""13"": 8}",cached_parquet_balanced_pool,linear_margin,
dbpedia_14,8,0.0,symmetric,linear_svm_hinge,505,112,2800,14,0.0,0.6239285714285714,0.5979997313746733,0.1438913345336914,"{""0"": 8, ""1"": 8, ""2"": 8, ""3"": 8, ""4"": 8, ""5"": 8, ""6"": 8, ""7"": 8, ""8"": 8, ""9"": 8, ""10"": 8, ""11"": 8, ""12"": 8, ""13"": 8}",cached_parquet_balanced_pool,linear_margin,
dbpedia_14,8,0.0,symmetric,multinomial_nb,101,112,2800,14,0.0,0.7703571428571429,0.7647893622291171,0.08195972442626953,"{""0"": 8, ""1"": 8, ""2"": 8, ""3"": 8, ""4"": 8, ""5"": 8, ""6"": 8, ""7"": 8, ""8"": 8, ""9"": 8, ""10"": 8, ""11"": 8, ""12"": 8, ""13"": 8}",cached_parquet_balanced_pool,generative_nb,
dbpedia_14,8,0.0,symmetric,multinomial_nb,202,112,2800,14,0.0,0.7671428571428571,0.7604569041213202,0.08298969268798828,"{""0"": 8, ""1"": 8, ""2"": 8, ""3"": 8, ""4"": 8, ""5"": 8, ""6"": 8, ""7"": 8, ""8"": 8, ""9"": 8, ""10"": 8, ""11"": 8, ""12"": 8, ""13"": 8}",cached_parquet_balanced_pool,generative_nb,
dbpedia_14,8,0.0,symmetric,multinomial_nb,303,112,2800,14,0.0,0.7875,0.7825688740100424,0.08474540710449219,"{""0"": 8, ""1"": 8, ""2"": 8, ""3"": 8, ""4"": 8, ""5"": 8, ""6"": 8, ""7"": 8, ""8"": 8, ""9"": 8, ""10"": 8, ""11"": 8, ""12"": 8, ""13"": 8}",cached_parquet_balanced_pool,generative_nb,
dbpedia_14,8,0.0,symmetric,multinomial_nb,404,112,2800,14,0.0,0.7535714285714286,0.7418724924324696,0.08173179626464844,"{""0"": 8, ""1"": 8, ""2"": 8, ""3"": 8, ""4"": 8, ""5"": 8, ""6"": 8, ""7"": 8, ""8"": 8, ""9"": 8, ""10"": 8, ""11"": 8, ""12"": 8, ""13"": 8}",cached_parquet_balanced_pool,generative_nb,
dbpedia_14,8,0.0,symmetric,multinomial_nb,505,112,2800,14,0.0,0.7639285714285714,0.7585629606980172,0.08554482460021973,"{""0"": 8, ""1"": 8, ""2"": 8, ""3"": 8, ""4"": 8, ""5"": 8, ""6"": 8, ""7"": 8, ""8"": 8, ""9"": 8, ""10"": 8, ""11"": 8, ""12"": 8, ""13"": 8}",cached_parquet_balanced_pool,generative_nb,
dbpedia_14,8,0.0,symmetric,softmax_logreg,101,112,2800,14,0.0,0.7703571428571429,0.7657329984276966,0.1186366081237793,"{""0"": 8, ""1"": 8, ""2"": 8, ""3"": 8, ""4"": 8, ""5"": 8, ""6"": 8, ""7"": 8, ""8"": 8, ""9"": 8, ""10"": 8, ""11"": 8, ""12"": 8, ""13"": 8}",cached_parquet_balanced_pool,linear_probabilistic,
dbpedia_14,8,0.0,symmetric,softmax_logreg,202,112,2800,14,0.0,0.7971428571428572,0.7917890728300454,0.13535141944885254,"{""0"": 8, ""1"": 8, ""2"": 8, ""3"": 8, ""4"": 8, ""5"": 8, ""6"": 8, ""7"": 8, ""8"": 8, ""9"": 8, ""10"": 8, ""11"": 8, ""12"": 8, ""13"": 8}",cached_parquet_balanced_pool,linear_probabilistic,
dbpedia_14,8,0.0,symmetric,softmax_logreg,303,112,2800,14,0.0,0.7853571428571429,0.7847199514136207,0.12897109985351562,"{""0"": 8, ""1"": 8, ""2"": 8, ""3"": 8, ""4"": 8, ""5"": 8, ""6"": 8, ""7"": 8, ""8"": 8, ""9"": 8, ""10"": 8, ""11"": 8, ""12"": 8, ""13"": 8}",cached_parquet_balanced_pool,linear_probabilistic,
dbpedia_14,8,0.0,symmetric,softmax_logreg,404,112,2800,14,0.0,0.7742857142857142,0.7672263670573004,0.1551380157470703,"{""0"": 8, ""1"": 8, ""2"": 8, ""3"": 8, ""4"": 8, ""5"": 8, ""6"": 8, ""7"": 8, ""8"": 8, ""9"": 8, ""10"": 8, ""11"": 8, ""12"": 8, ""13"": 8}",cached_parquet_balanced_pool,linear_probabilistic,
dbpedia_14,8,0.0,symmetric,softmax_logreg,505,112,2800,14,0.0,0.7792857142857142,0.7764940697594099,0.144150972366333,"{""0"": 8, ""1"": 8, ""2"": 8, ""3"": 8, ""4"": 8, ""5"": 8, ""6"": 8, ""7"": 8, ""8"": 8, ""9"": 8, ""10"": 8, ""11"": 8, ""12"": 8, ""13"": 8}",cached_parquet_balanced_pool,linear_probabilistic,
dbpedia_14,8,0.0,symmetric,trimmed_softmax_logreg,101,112,2800,14,0.0,0.6578571428571428,0.6111859992641284,0.14893031120300293,"{""0"": 8, ""1"": 8, ""2"": 8, ""3"": 8, ""4"": 8, ""5"": 8, ""6"": 8, ""7"": 8, ""8"": 8, ""9"": 8, ""10"": 8, ""11"": 8, ""12"": 8, ""13"": 8}",cached_parquet_balanced_pool,bounded_robust_variant,kept_fraction=0.8036
dbpedia_14,8,0.0,symmetric,trimmed_softmax_logreg,202,112,2800,14,0.0,0.6828571428571428,0.655544210437669,0.14919209480285645,"{""0"": 8, ""1"": 8, ""2"": 8, ""3"": 8, ""4"": 8, ""5"": 8, ""6"": 8, ""7"": 8, ""8"": 8, ""9"": 8, ""10"": 8, ""11"": 8, ""12"": 8, ""13"": 8}",cached_parquet_balanced_pool,bounded_robust_variant,kept_fraction=0.8036
dbpedia_14,8,0.0,symmetric,trimmed_softmax_logreg,303,112,2800,14,0.0,0.6321428571428571,0.5723507615136673,0.13183307647705078,"{""0"": 8, ""1"": 8, ""2"": 8, ""3"": 8, ""4"": 8, ""5"": 8, ""6"": 8, ""7"": 8, ""8"": 8, ""9"": 8, ""10"": 8, ""11"": 8, ""12"": 8, ""13"": 8}",cached_parquet_balanced_pool,bounded_robust_variant,kept_fraction=0.8036
dbpedia_14,8,0.0,symmetric,trimmed_softmax_logreg,404,112,2800,14,0.0,0.6489285714285714,0.5969344167801278,0.1511690616607666,"{""0"": 8, ""1"": 8, ""2"": 8, ""3"": 8, ""4"": 8, ""5"": 8, ""6"": 8, ""7"": 8, ""8"": 8, ""9"": 8, ""10"": 8, ""11"": 8, ""12"": 8, ""13"": 8}",cached_parquet_balanced_pool,bounded_robust_variant,kept_fraction=0.8036
dbpedia_14,8,0.0,symmetric,trimmed_softmax_logreg,505,112,2800,14,0.0,0.6764285714285714,0.6425929888584069,0.1402742862701416,"{""0"": 8, ""1"": 8, ""2"": 8, ""3"": 8, ""4"": 8, ""5"": 8, ""6"": 8, ""7"": 8, ""8"": 8, ""9"": 8, ""10"": 8, ""11"": 8, ""12"": 8, ""13"": 8}",cached_parquet_balanced_pool,bounded_robust_variant,kept_fraction=0.8125
dbpedia_14,8,0.05,class_conditional,linear_svm_hinge,101,112,2800,14,0.08035714285714286,0.6446428571428572,0.5974057889007,0.13283920288085938,"{""0"": 8, ""1"": 8, ""2"": 8, ""3"": 8, ""4"": 8, ""5"": 8, ""6"": 8, ""7"": 8, ""8"": 8, ""9"": 8, ""10"": 8, ""11"": 8, ""12"": 8, ""13"": 8}",cached_parquet_balanced_pool,linear_margin,
dbpedia_14,8,0.05,class_conditional,linear_svm_hinge,202,112,2800,14,0.03571428571428571,0.6460714285714285,0.6078313639854234,0.1471259593963623,"{""0"": 8, ""1"": 8, ""2"": 8, ""3"": 8, ""4"": 8, ""5"": 8, ""6"": 8, ""7"": 8, ""8"": 8, ""9"": 8, ""10"": 8, ""11"": 8, ""12"": 8, ""13"": 8}",cached_parquet_balanced_pool,linear_margin,
dbpedia_14,8,0.05,class_conditional,linear_svm_hinge,303,112,2800,14,0.03571428571428571,0.6075,0.5777575340164741,0.14810705184936523,"{""0"": 8, ""1"": 8, ""2"": 8, ""3"": 8, ""4"": 8, ""5"": 8, ""6"": 8, ""7"": 8, ""8"": 8, ""9"": 8, ""10"": 8, ""11"": 8, ""12"": 8, ""13"": 8}",cached_parquet_balanced_pool,linear_margin,
dbpedia_14,8,0.05,class_conditional,linear_svm_hinge,404,112,2800,14,0.07142857142857142,0.6117857142857143,0.5862794229630416,0.14525413513183594,"{""0"": 8, ""1"": 8, ""2"": 8, ""3"": 8, ""4"": 8, ""5"": 8, ""6"": 8, ""7"": 8, ""8"": 8, ""9"": 8, ""10"": 8, ""11"": 8, ""12"": 8, ""13"": 8}",cached_parquet_balanced_pool,linear_margin,
dbpedia_14,8,0.05,class_conditional,linear_svm_hinge,505,112,2800,14,0.017857142857142856,0.5896428571428571,0.55179225499205,0.12554454803466797,"{""0"": 8, ""1"": 8, ""2"": 8, ""3"": 8, ""4"": 8, ""5"": 8, ""6"": 8, ""7"": 8, ""8"": 8, ""9"": 8, ""10"": 8, ""11"": 8, ""12"": 8, ""13"": 8}",cached_parquet_balanced_pool,linear_margin,
dbpedia_14,8,0.05,class_conditional,multinomial_nb,101,112,2800,14,0.08035714285714286,0.7339285714285714,0.7229689819926335,0.08591985702514648,"{""0"": 8, ""1"": 8, ""2"": 8, ""3"": 8, ""4"": 8, ""5"": 8, ""6"": 8, ""7"": 8, ""8"": 8, ""9"": 8, ""10"": 8, ""11"": 8, ""12"": 8, ""13"": 8}",cached_parquet_balanced_pool,generative_nb,
dbpedia_14,8,0.05,class_conditional,multinomial_nb,202,112,2800,14,0.03571428571428571,0.7382142857142857,0.7301805326742409,0.08521819114685059,"{""0"": 8, ""1"": 8, ""2"": 8, ""3"": 8, ""4"": 8, ""5"": 8, ""6"": 8, ""7"": 8, ""8"": 8, ""9"": 8, ""10"": 8, ""11"": 8, ""12"": 8, ""13"": 8}",cached_parquet_balanced_pool,generative_nb,
dbpedia_14,8,0.05,class_conditional,multinomial_nb,303,112,2800,14,0.03571428571428571,0.7585714285714286,0.7533287314892004,0.07894086837768555,"{""0"": 8, ""1"": 8, ""2"": 8, ""3"": 8, ""4"": 8, ""5"": 8, ""6"": 8, ""7"": 8, ""8"": 8, ""9"": 8, ""10"": 8, ""11"": 8, ""12"": 8, ""13"": 8}",cached_parquet_balanced_pool,generative_nb,
dbpedia_14,8,0.05,class_conditional,multinomial_nb,404,112,2800,14,0.07142857142857142,0.7042857142857143,0.692413397023565,0.08220744132995605,"{""0"": 8, ""1"": 8, ""2"": 8, ""3"": 8, ""4"": 8, ""5"": 8, ""6"": 8, ""7"": 8, ""8"": 8, ""9"": 8, ""10"": 8, ""11"": 8, ""12"": 8, ""13"": 8}",cached_parquet_balanced_pool,generative_nb,
dbpedia_14,8,0.05,class_conditional,multinomial_nb,505,112,2800,14,0.017857142857142856,0.7310714285714286,0.720201878017374,0.07990670204162598,"{""0"": 8, ""1"": 8, ""2"": 8, ""3"": 8, ""4"": 8, ""5"": 8, ""6"": 8, ""7"": 8, ""8"": 8, ""9"": 8, ""10"": 8, ""11"": 8, ""12"": 8, ""13"": 8}",cached_parquet_balanced_pool,generative_nb,
dbpedia_14,8,0.05,class_conditional,softmax_logreg,101,112,2800,14,0.08035714285714286,0.7189285714285715,0.7058721887059989,0.12890839576721191,"{""0"": 8, ""1"": 8, ""2"": 8, ""3"": 8, ""4"": 8, ""5"": 8, ""6"": 8, ""7"": 8, ""8"": 8, ""9"": 8, ""10"": 8, ""11"": 8, ""12"": 8, ""13"": 8}",cached_parquet_balanced_pool,linear_probabilistic,
dbpedia_14,8,0.05,class_conditional,softmax_logreg,202,112,2800,14,0.03571428571428571,0.7471428571428571,0.7408006515271693,0.13128876686096191,"{""0"": 8, ""1"": 8, ""2"": 8, ""3"": 8, ""4"": 8, ""5"": 8, ""6"": 8, ""7"": 8, ""8"": 8, ""9"": 8, ""10"": 8, ""11"": 8, ""12"": 8, ""13"": 8}",cached_parquet_balanced_pool,linear_probabilistic,
dbpedia_14,8,0.05,class_conditional,softmax_logreg,303,112,2800,14,0.03571428571428571,0.7285714285714285,0.7314199185645152,0.13492441177368164,"{""0"": 8, ""1"": 8, ""2"": 8, ""3"": 8, ""4"": 8, ""5"": 8, ""6"": 8, ""7"": 8, ""8"": 8, ""9"": 8, ""10"": 8, ""11"": 8, ""12"": 8, ""13"": 8}",cached_parquet_balanced_pool,linear_probabilistic,
dbpedia_14,8,0.05,class_conditional,softmax_logreg,404,112,2800,14,0.07142857142857142,0.6989285714285715,0.6883789047474066,0.11413288116455078,"{""0"": 8, ""1"": 8, ""2"": 8, ""3"": 8, ""4"": 8, ""5"": 8, ""6"": 8, ""7"": 8, ""8"": 8, ""9"": 8, ""10"": 8, ""11"": 8, ""12"": 8, ""13"": 8}",cached_parquet_balanced_pool,linear_probabilistic,
dbpedia_14,8,0.05,class_conditional,softmax_logreg,505,112,2800,14,0.017857142857142856,0.7289285714285715,0.7176579495628401,0.1249399185180664,"{""0"": 8, ""1"": 8, ""2"": 8, ""3"": 8, ""4"": 8, ""5"": 8, ""6"": 8, ""7"": 8, ""8"": 8, ""9"": 8, ""10"": 8, ""11"": 8, ""12"": 8, ""13"": 8}",cached_parquet_balanced_pool,linear_probabilistic,
dbpedia_14,8,0.05,class_conditional,trimmed_softmax_logreg,101,112,2800,14,0.08035714285714286,0.6271428571428571,0.5563937526921212,0.15333771705627441,"{""0"": 8, ""1"": 8, ""2"": 8, ""3"": 8, ""4"": 8, ""5"": 8, ""6"": 8, ""7"": 8, ""8"": 8, ""9"": 8, ""10"": 8, ""11"": 8, ""12"": 8, ""13"": 8}",cached_parquet_balanced_pool,bounded_robust_variant,kept_fraction=0.8214
dbpedia_14,8,0.05,class_conditional,trimmed_softmax_logreg,202,112,2800,14,0.03571428571428571,0.6167857142857143,0.5966014974460455,0.15195035934448242,"{""0"": 8, ""1"": 8, ""2"": 8, ""3"": 8, ""4"": 8, ""5"": 8, ""6"": 8, ""7"": 8, ""8"": 8, ""9"": 8, ""10"": 8, ""11"": 8, ""12"": 8, ""13"": 8}",cached_parquet_balanced_pool,bounded_robust_variant,kept_fraction=0.8036
dbpedia_14,8,0.05,class_conditional,trimmed_softmax_logreg,303,112,2800,14,0.03571428571428571,0.6175,0.5611841841816638,0.14177346229553223,"{""0"": 8, ""1"": 8, ""2"": 8, ""3"": 8, ""4"": 8, ""5"": 8, ""6"": 8, ""7"": 8, ""8"": 8, ""9"": 8, ""10"": 8, ""11"": 8, ""12"": 8, ""13"": 8}",cached_parquet_balanced_pool,bounded_robust_variant,kept_fraction=0.8214
dbpedia_14,8,0.05,class_conditional,trimmed_softmax_logreg,404,112,2800,14,0.07142857142857142,0.5564285714285714,0.4998742547840713,0.14437150955200195,"{""0"": 8, ""1"": 8, ""2"": 8, ""3"": 8, ""4"": 8, ""5"": 8, ""6"": 8, ""7"": 8, ""8"": 8, ""9"": 8, ""10"": 8, ""11"": 8, ""12"": 8, ""13"": 8}",cached_parquet_balanced_pool,bounded_robust_variant,kept_fraction=0.8125
dbpedia_14,8,0.05,class_conditional,trimmed_softmax_logreg,505,112,2800,14,0.017857142857142856,0.6278571428571429,0.6131680292867221,0.14602279663085938,"{""0"": 8, ""1"": 8, ""2"": 8, ""3"": 8, ""4"": 8, ""5"": 8, ""6"": 8, ""7"": 8, ""8"": 8, ""9"": 8, ""10"": 8, ""11"": 8, ""12"": 8, ""13"": 8}",cached_parquet_balanced_pool,bounded_robust_variant,kept_fraction=0.8125
dbpedia_14,8,0.05,symmetric,linear_svm_hinge,101,112,2800,14,0.08035714285714286,0.6525,0.6147301140246819,0.14453864097595215,"{""0"": 8, ""1"": 8, ""2"": 8, ""3"": 8, ""4"": 8, ""5"": 8, ""6"": 8, ""7"": 8, ""8"": 8, ""9"": 8, ""10"": 8, ""11"": 8, ""12"": 8, ""13"": 8}",cached_parquet_balanced_pool,linear_margin,
dbpedia_14,8,0.05,symmetric,linear_svm_hinge,202,112,2800,14,0.044642857142857144,0.6260714285714286,0.5908939604875526,0.14735054969787598,"{""0"": 8, ""1"": 8, ""2"": 8, ""3"": 8, ""4"": 8, ""5"": 8, ""6"": 8, ""7"": 8, ""8"": 8, ""9"": 8, ""10"": 8, ""11"": 8, ""12"": 8, ""13"": 8}",cached_parquet_balanced_pool,linear_margin,
dbpedia_14,8,0.05,symmetric,linear_svm_hinge,303,112,2800,14,0.05357142857142857,0.6482142857142857,0.6320159861935043,0.13732194900512695,"{""0"": 8, ""1"": 8, ""2"": 8, ""3"": 8, ""4"": 8, ""5"": 8, ""6"": 8, ""7"": 8, ""8"": 8, ""9"": 8, ""10"": 8, ""11"": 8, ""12"": 8, ""13"": 8}",cached_parquet_balanced_pool,linear_margin,
dbpedia_14,8,0.05,symmetric,linear_svm_hinge,404,112,2800,14,0.026785714285714284,0.7017857142857142,0.6900119324721482,0.13080406188964844,"{""0"": 8, ""1"": 8, ""2"": 8, ""3"": 8, ""4"": 8, ""5"": 8, ""6"": 8, ""7"": 8, ""8"": 8, ""9"": 8, ""10"": 8, ""11"": 8, ""12"": 8, ""13"": 8}",cached_parquet_balanced_pool,linear_margin,
dbpedia_14,8,0.05,symmetric,linear_svm_hinge,505,112,2800,14,0.03571428571428571,0.63,0.5944566955995855,0.13453388214111328,"{""0"": 8, ""1"": 8, ""2"": 8, ""3"": 8, ""4"": 8, ""5"": 8, ""6"": 8, ""7"": 8, ""8"": 8, ""9"": 8, ""10"": 8, ""11"": 8, ""12"": 8, ""13"": 8}",cached_parquet_balanced_pool,linear_margin,
dbpedia_14,8,0.05,symmetric,multinomial_nb,101,112,2800,14,0.08035714285714286,0.725,0.7107095943854802,0.07822418212890625,"{""0"": 8, ""1"": 8, ""2"": 8, ""3"": 8, ""4"": 8, ""5"": 8, ""6"": 8, ""7"": 8, ""8"": 8, ""9"": 8, ""10"": 8, ""11"": 8, ""12"": 8, ""13"": 8}",cached_parquet_balanced_pool,generative_nb,
dbpedia_14,8,0.05,symmetric,multinomial_nb,202,112,2800,14,0.044642857142857144,0.6921428571428572,0.6875227952532864,0.08069157600402832,"{""0"": 8, ""1"": 8, ""2"": 8, ""3"": 8, ""4"": 8, ""5"": 8, ""6"": 8, ""7"": 8, ""8"": 8, ""9"": 8, ""10"": 8, ""11"": 8, ""12"": 8, ""13"": 8}",cached_parquet_balanced_pool,generative_nb,
dbpedia_14,8,0.05,symmetric,multinomial_nb,303,112,2800,14,0.05357142857142857,0.7678571428571429,0.7627260753429553,0.08452630043029785,"{""0"": 8, ""1"": 8, ""2"": 8, ""3"": 8, ""4"": 8, ""5"": 8, ""6"": 8, ""7"": 8, ""8"": 8, ""9"": 8, ""10"": 8, ""11"": 8, ""12"": 8, ""13"": 8}",cached_parquet_balanced_pool,generative_nb,
dbpedia_14,8,0.05,symmetric,multinomial_nb,404,112,2800,14,0.026785714285714284,0.7289285714285715,0.720861394497655,0.08150768280029297,"{""0"": 8, ""1"": 8, ""2"": 8, ""3"": 8, ""4"": 8, ""5"": 8, ""6"": 8, ""7"": 8, ""8"": 8, ""9"": 8, ""10"": 8, ""11"": 8, ""12"": 8, ""13"": 8}",cached_parquet_balanced_pool,generative_nb,
dbpedia_14,8,0.05,symmetric,multinomial_nb,505,112,2800,14,0.03571428571428571,0.7278571428571429,0.7156990169255785,0.08134698867797852,"{""0"": 8, ""1"": 8, ""2"": 8, ""3"": 8, ""4"": 8, ""5"": 8, ""6"": 8, ""7"": 8, ""8"": 8, ""9"": 8, ""10"": 8, ""11"": 8, ""12"": 8, ""13"": 8}",cached_parquet_balanced_pool,generative_nb,
dbpedia_14,8,0.05,symmetric,softmax_logreg,101,112,2800,14,0.08035714285714286,0.7239285714285715,0.7080694643783695,0.12285017967224121,"{""0"": 8, ""1"": 8, ""2"": 8, ""3"": 8, ""4"": 8, ""5"": 8, ""6"": 8, ""7"": 8, ""8"": 8, ""9"": 8, ""10"": 8, ""11"": 8, ""12"": 8, ""13"": 8}",cached_parquet_balanced_pool,linear_probabilistic,
dbpedia_14,8,0.05,symmetric,softmax_logreg,202,112,2800,14,0.044642857142857144,0.6903571428571429,0.6804449463585002,0.1329655647277832,"{""0"": 8, ""1"": 8, ""2"": 8, ""3"": 8, ""4"": 8, ""5"": 8, ""6"": 8, ""7"": 8, ""8"": 8, ""9"": 8, ""10"": 8, ""11"": 8, ""12"": 8, ""13"": 8}",cached_parquet_balanced_pool,linear_probabilistic,
dbpedia_14,8,0.05,symmetric,softmax_logreg,303,112,2800,14,0.05357142857142857,0.7467857142857143,0.7470500191879009,0.12418079376220703,"{""0"": 8, ""1"": 8, ""2"": 8, ""3"": 8, ""4"": 8, ""5"": 8, ""6"": 8, ""7"": 8, ""8"": 8, ""9"": 8, ""10"": 8, ""11"": 8, ""12"": 8, ""13"": 8}",cached_parquet_balanced_pool,linear_probabilistic,
dbpedia_14,8,0.05,symmetric,softmax_logreg,404,112,2800,14,0.026785714285714284,0.7471428571428571,0.7406651153577294,0.13269519805908203,"{""0"": 8, ""1"": 8, ""2"": 8, ""3"": 8, ""4"": 8, ""5"": 8, ""6"": 8, ""7"": 8, ""8"": 8, ""9"": 8, ""10"": 8, ""11"": 8, ""12"": 8, ""13"": 8}",cached_parquet_balanced_pool,linear_probabilistic,
dbpedia_14,8,0.05,symmetric,softmax_logreg,505,112,2800,14,0.03571428571428571,0.7282142857142857,0.711322042567554,0.1359241008758545,"{""0"": 8, ""1"": 8, ""2"": 8, ""3"": 8, ""4"": 8, ""5"": 8, ""6"": 8, ""7"": 8, ""8"": 8, ""9"": 8, ""10"": 8, ""11"": 8, ""12"": 8, ""13"": 8}",cached_parquet_balanced_pool,linear_probabilistic,
dbpedia_14,8,0.05,symmetric,trimmed_softmax_logreg,101,112,2800,14,0.08035714285714286,0.6278571428571429,0.5765330393847053,0.14138364791870117,"{""0"": 8, ""1"": 8, ""2"": 8, ""3"": 8, ""4"": 8, ""5"": 8, ""6"": 8, ""7"": 8, ""8"": 8, ""9"": 8, ""10"": 8, ""11"": 8, ""12"": 8, ""13"": 8}",cached_parquet_balanced_pool,bounded_robust_variant,kept_fraction=0.8214
dbpedia_14,8,0.05,symmetric,trimmed_softmax_logreg,202,112,2800,14,0.044642857142857144,0.5578571428571428,0.4993249722929732,0.15301752090454102,"{""0"": 8, ""1"": 8, ""2"": 8, ""3"": 8, ""4"": 8, ""5"": 8, ""6"": 8, ""7"": 8, ""8"": 8, ""9"": 8, ""10"": 8, ""11"": 8, ""12"": 8, ""13"": 8}",cached_parquet_balanced_pool,bounded_robust_variant,kept_fraction=0.8125
dbpedia_14,8,0.05,symmetric,trimmed_softmax_logreg,303,112,2800,14,0.05357142857142857,0.6232142857142857,0.5728602370155055,0.15845417976379395,"{""0"": 8, ""1"": 8, ""2"": 8, ""3"": 8, ""4"": 8, ""5"": 8, ""6"": 8, ""7"": 8, ""8"": 8, ""9"": 8, ""10"": 8, ""11"": 8, ""12"": 8, ""13"": 8}",cached_parquet_balanced_pool,bounded_robust_variant,kept_fraction=0.8304
dbpedia_14,8,0.05,symmetric,trimmed_softmax_logreg,404,112,2800,14,0.026785714285714284,0.5703571428571429,0.4966007543110375,0.15033674240112305,"{""0"": 8, ""1"": 8, ""2"": 8, ""3"": 8, ""4"": 8, ""5"": 8, ""6"": 8, ""7"": 8, ""8"": 8, ""9"": 8, ""10"": 8, ""11"": 8, ""12"": 8, ""13"": 8}",cached_parquet_balanced_pool,bounded_robust_variant,kept_fraction=0.8125
dbpedia_14,8,0.05,symmetric,trimmed_softmax_logreg,505,112,2800,14,0.03571428571428571,0.6085714285714285,0.5392339498901231,0.1402750015258789,"{""0"": 8, ""1"": 8, ""2"": 8, ""3"": 8, ""4"": 8, ""5"": 8, ""6"": 8, ""7"": 8, ""8"": 8, ""9"": 8, ""10"": 8, ""11"": 8, ""12"": 8, ""13"": 8}",cached_parquet_balanced_pool,bounded_robust_variant,kept_fraction=0.8125
dbpedia_14,8,0.1,class_conditional,linear_svm_hinge,101,112,2800,14,0.14285714285714285,0.6478571428571429,0.6118681551268106,0.1478874683380127,"{""0"": 8, ""1"": 8, ""2"": 8, ""3"": 8, ""4"": 8, ""5"": 8, ""6"": 8, ""7"": 8, ""8"": 8, ""9"": 8, ""10"": 8, ""11"": 8, ""12"": 8, ""13"": 8}",cached_parquet_balanced_pool,linear_margin,
dbpedia_14,8,0.1,class_conditional,linear_svm_hinge,202,112,2800,14,0.08035714285714286,0.6642857142857143,0.6225474226926664,0.14023590087890625,"{""0"": 8, ""1"": 8, ""2"": 8, ""3"": 8, ""4"": 8, ""5"": 8, ""6"": 8, ""7"": 8, ""8"": 8, ""9"": 8, ""10"": 8, ""11"": 8, ""12"": 8, ""13"": 8}",cached_parquet_balanced_pool,linear_margin,
dbpedia_14,8,0.1,class_conditional,linear_svm_hinge,303,112,2800,14,0.10714285714285714,0.6160714285714286,0.5811021232225386,0.1296677589416504,"{""0"": 8, ""1"": 8, ""2"": 8, ""3"": 8, ""4"": 8, ""5"": 8, ""6"": 8, ""7"": 8, ""8"": 8, ""9"": 8, ""10"": 8, ""11"": 8, ""12"": 8, ""13"": 8}",cached_parquet_balanced_pool,linear_margin,
dbpedia_14,8,0.1,class_conditional,linear_svm_hinge,404,112,2800,14,0.125,0.6067857142857143,0.5660936505777718,0.13882923126220703,"{""0"": 8, ""1"": 8, ""2"": 8, ""3"": 8, ""4"": 8, ""5"": 8, ""6"": 8, ""7"": 8, ""8"": 8, ""9"": 8, ""10"": 8, ""11"": 8, ""12"": 8, ""13"": 8}",cached_parquet_balanced_pool,linear_margin,
dbpedia_14,8,0.1,class_conditional,linear_svm_hinge,505,112,2800,14,0.08928571428571429,0.5546428571428571,0.5222906683926576,0.14232444763183594,"{""0"": 8, ""1"": 8, ""2"": 8, ""3"": 8, ""4"": 8, ""5"": 8, ""6"": 8, ""7"": 8, ""8"": 8, ""9"": 8, ""10"": 8, ""11"": 8, ""12"": 8, ""13"": 8}",cached_parquet_balanced_pool,linear_margin,
dbpedia_14,8,0.1,class_conditional,multinomial_nb,101,112,2800,14,0.14285714285714285,0.6760714285714285,0.658447024843275,0.0850362777709961,"{""0"": 8, ""1"": 8, ""2"": 8, ""3"": 8, ""4"": 8, ""5"": 8, ""6"": 8, ""7"": 8, ""8"": 8, ""9"": 8, ""10"": 8, ""11"": 8, ""12"": 8, ""13"": 8}",cached_parquet_balanced_pool,generative_nb,
dbpedia_14,8,0.1,class_conditional,multinomial_nb,202,112,2800,14,0.08035714285714286,0.7046428571428571,0.6846744851332998,0.07626700401306152,"{""0"": 8, ""1"": 8, ""2"": 8, ""3"": 8, ""4"": 8, ""5"": 8, ""6"": 8, ""7"": 8, ""8"": 8, ""9"": 8, ""10"": 8, ""11"": 8, ""12"": 8, ""13"": 8}",cached_parquet_balanced_pool,generative_nb,
dbpedia_14,8,0.1,class_conditional,multinomial_nb,303,112,2800,14,0.10714285714285714,0.6889285714285714,0.6841512997401903,0.08070492744445801,"{""0"": 8, ""1"": 8, ""2"": 8, ""3"": 8, ""4"": 8, ""5"": 8, ""6"": 8, ""7"": 8, ""8"": 8, ""9"": 8, ""10"": 8, ""11"": 8, ""12"": 8, ""13"": 8}",cached_parquet_balanced_pool,generative_nb,
dbpedia_14,8,0.1,class_conditional,multinomial_nb,404,112,2800,14,0.125,0.6617857142857143,0.6532965102715281,0.07940864562988281,"{""0"": 8, ""1"": 8, ""2"": 8, ""3"": 8, ""4"": 8, ""5"": 8, ""6"": 8, ""7"": 8, ""8"": 8, ""9"": 8, ""10"": 8, ""11"": 8, ""12"": 8, ""13"": 8}",cached_parquet_balanced_pool,generative_nb,
dbpedia_14,8,0.1,class_conditional,multinomial_nb,505,112,2800,14,0.08928571428571429,0.6753571428571429,0.663743035295372,0.08010721206665039,"{""0"": 8, ""1"": 8, ""2"": 8, ""3"": 8, ""4"": 8, ""5"": 8, ""6"": 8, ""7"": 8, ""8"": 8, ""9"": 8, ""10"": 8, ""11"": 8, ""12"": 8, ""13"": 8}",cached_parquet_balanced_pool,generative_nb,
dbpedia_14,8,0.1,class_conditional,softmax_logreg,101,112,2800,14,0.14285714285714285,0.675,0.6562331671063701,0.14896225929260254,"{""0"": 8, ""1"": 8, ""2"": 8, ""3"": 8, ""4"": 8, ""5"": 8, ""6"": 8, ""7"": 8, ""8"": 8, ""9"": 8, ""10"": 8, ""11"": 8, ""12"": 8, ""13"": 8}",cached_parquet_balanced_pool,linear_probabilistic,
dbpedia_14,8,0.1,class_conditional,softmax_logreg,202,112,2800,14,0.08035714285714286,0.6778571428571428,0.6570917184340928,0.13945698738098145,"{""0"": 8, ""1"": 8, ""2"": 8, ""3"": 8, ""4"": 8, ""5"": 8, ""6"": 8, ""7"": 8, ""8"": 8, ""9"": 8, ""10"": 8, ""11"": 8, ""12"": 8, ""13"": 8}",cached_parquet_balanced_pool,linear_probabilistic,
dbpedia_14,8,0.1,class_conditional,softmax_logreg,303,112,2800,14,0.10714285714285714,0.6310714285714286,0.6106691041471553,0.1376056671142578,"{""0"": 8, ""1"": 8, ""2"": 8, ""3"": 8, ""4"": 8, ""5"": 8, ""6"": 8, ""7"": 8, ""8"": 8, ""9"": 8, ""10"": 8, ""11"": 8, ""12"": 8, ""13"": 8}",cached_parquet_balanced_pool,linear_probabilistic,
dbpedia_14,8,0.1,class_conditional,softmax_logreg,404,112,2800,14,0.125,0.6760714285714285,0.6704968615630229,0.13693809509277344,"{""0"": 8, ""1"": 8, ""2"": 8, ""3"": 8, ""4"": 8, ""5"": 8, ""6"": 8, ""7"": 8, ""8"": 8, ""9"": 8, ""10"": 8, ""11"": 8, ""12"": 8, ""13"": 8}",cached_parquet_balanced_pool,linear_probabilistic,
dbpedia_14,8,0.1,class_conditional,softmax_logreg,505,112,2800,14,0.08928571428571429,0.6396428571428572,0.6261034879874762,0.13179469108581543,"{""0"": 8, ""1"": 8, ""2"": 8, ""3"": 8, ""4"": 8, ""5"": 8, ""6"": 8, ""7"": 8, ""8"": 8, ""9"": 8, ""10"": 8, ""11"": 8, ""12"": 8, ""13"": 8}",cached_parquet_balanced_pool,linear_probabilistic,
dbpedia_14,8,0.1,class_conditional,trimmed_softmax_logreg,101,112,2800,14,0.14285714285714285,0.5710714285714286,0.48336738239508775,0.15282773971557617,"{""0"": 8, ""1"": 8, ""2"": 8, ""3"": 8, ""4"": 8, ""5"": 8, ""6"": 8, ""7"": 8, ""8"": 8, ""9"": 8, ""10"": 8, ""11"": 8, ""12"": 8, ""13"": 8}",cached_parquet_balanced_pool,bounded_robust_variant,kept_fraction=0.8214
dbpedia_14,8,0.1,class_conditional,trimmed_softmax_logreg,202,112,2800,14,0.08035714285714286,0.5935714285714285,0.5603793124722743,0.16196036338806152,"{""0"": 8, ""1"": 8, ""2"": 8, ""3"": 8, ""4"": 8, ""5"": 8, ""6"": 8, ""7"": 8, ""8"": 8, ""9"": 8, ""10"": 8, ""11"": 8, ""12"": 8, ""13"": 8}",cached_parquet_balanced_pool,bounded_robust_variant,kept_fraction=0.8125
dbpedia_14,8,0.1,class_conditional,trimmed_softmax_logreg,303,112,2800,14,0.10714285714285714,0.5164285714285715,0.43637291357654445,0.13601279258728027,"{""0"": 8, ""1"": 8, ""2"": 8, ""3"": 8, ""4"": 8, ""5"": 8, ""6"": 8, ""7"": 8, ""8"": 8, ""9"": 8, ""10"": 8, ""11"": 8, ""12"": 8, ""13"": 8}",cached_parquet_balanced_pool,bounded_robust_variant,kept_fraction=0.8125
dbpedia_14,8,0.1,class_conditional,trimmed_softmax_logreg,404,112,2800,14,0.125,0.5292857142857142,0.4789279738221689,0.14920473098754883,"{""0"": 8, ""1"": 8, ""2"": 8, ""3"": 8, ""4"": 8, ""5"": 8, ""6"": 8, ""7"": 8, ""8"": 8, ""9"": 8, ""10"": 8, ""11"": 8, ""12"": 8, ""13"": 8}",cached_parquet_balanced_pool,bounded_robust_variant,kept_fraction=0.8214
dbpedia_14,8,0.1,class_conditional,trimmed_softmax_logreg,505,112,2800,14,0.08928571428571429,0.5564285714285714,0.490653254859604,0.16449213027954102,"{""0"": 8, ""1"": 8, ""2"": 8, ""3"": 8, ""4"": 8, ""5"": 8, ""6"": 8, ""7"": 8, ""8"": 8, ""9"": 8, ""10"": 8, ""11"": 8, ""12"": 8, ""13"": 8}",cached_parquet_balanced_pool,bounded_robust_variant,kept_fraction=0.8125
dbpedia_14,8,0.1,symmetric,linear_svm_hinge,101,112,2800,14,0.17857142857142858,0.5832142857142857,0.540500508826871,0.13935637474060059,"{""0"": 8, ""1"": 8, ""2"": 8, ""3"": 8, ""4"": 8, ""5"": 8, ""6"": 8, ""7"": 8, ""8"": 8, ""9"": 8, ""10"": 8, ""11"": 8, ""12"": 8, ""13"": 8}",cached_parquet_balanced_pool,linear_margin,
dbpedia_14,8,0.1,symmetric,linear_svm_hinge,202,112,2800,14,0.09821428571428571,0.6242857142857143,0.6009064621892716,0.15100932121276855,"{""0"": 8, ""1"": 8, ""2"": 8, ""3"": 8, ""4"": 8, ""5"": 8, ""6"": 8, ""7"": 8, ""8"": 8, ""9"": 8, ""10"": 8, ""11"": 8, ""12"": 8, ""13"": 8}",cached_parquet_balanced_pool,linear_margin,
dbpedia_14,8,0.1,symmetric,linear_svm_hinge,303,112,2800,14,0.16964285714285715,0.5632142857142857,0.5376385224403732,0.15176916122436523,"{""0"": 8, ""1"": 8, ""2"": 8, ""3"": 8, ""4"": 8, ""5"": 8, ""6"": 8, ""7"": 8, ""8"": 8, ""9"": 8, ""10"": 8, ""11"": 8, ""12"": 8, ""13"": 8}",cached_parquet_balanced_pool,linear_margin,
dbpedia_14,8,0.1,symmetric,linear_svm_hinge,404,112,2800,14,0.14285714285714285,0.6017857142857143,0.5745477925079172,0.13827133178710938,"{""0"": 8, ""1"": 8, ""2"": 8, ""3"": 8, ""4"": 8, ""5"": 8, ""6"": 8, ""7"": 8, ""8"": 8, ""9"": 8, ""10"": 8, ""11"": 8, ""12"": 8, ""13"": 8}",cached_parquet_balanced_pool,linear_margin,
dbpedia_14,8,0.1,symmetric,linear_svm_hinge,505,112,2800,14,0.11607142857142858,0.6189285714285714,0.5917967952082437,0.15584373474121094,"{""0"": 8, ""1"": 8, ""2"": 8, ""3"": 8, ""4"": 8, ""5"": 8, ""6"": 8, ""7"": 8, ""8"": 8, ""9"": 8, ""10"": 8, ""11"": 8, ""12"": 8, ""13"": 8}",cached_parquet_balanced_pool,linear_margin,
dbpedia_14,8,0.1,symmetric,multinomial_nb,101,112,2800,14,0.17857142857142858,0.6203571428571428,0.5968966548523873,0.08113217353820801,"{""0"": 8, ""1"": 8, ""2"": 8, ""3"": 8, ""4"": 8, ""5"": 8, ""6"": 8, ""7"": 8, ""8"": 8, ""9"": 8, ""10"": 8, ""11"": 8, ""12"": 8, ""13"": 8}",cached_parquet_balanced_pool,generative_nb,
dbpedia_14,8,0.1,symmetric,multinomial_nb,202,112,2800,14,0.09821428571428571,0.6839285714285714,0.6597197529661388,0.08021903038024902,"{""0"": 8, ""1"": 8, ""2"": 8, ""3"": 8, ""4"": 8, ""5"": 8, ""6"": 8, ""7"": 8, ""8"": 8, ""9"": 8, ""10"": 8, ""11"": 8, ""12"": 8, ""13"": 8}",cached_parquet_balanced_pool,generative_nb,
dbpedia_14,8,0.1,symmetric,multinomial_nb,303,112,2800,14,0.16964285714285715,0.6075,0.5833576969996999,0.08032703399658203,"{""0"": 8, ""1"": 8, ""2"": 8, ""3"": 8, ""4"": 8, ""5"": 8, ""6"": 8, ""7"": 8, ""8"": 8, ""9"": 8, ""10"": 8, ""11"": 8, ""12"": 8, ""13"": 8}",cached_parquet_balanced_pool,generative_nb,
dbpedia_14,8,0.1,symmetric,multinomial_nb,404,112,2800,14,0.14285714285714285,0.6217857142857143,0.5964015778801971,0.07777142524719238,"{""0"": 8, ""1"": 8, ""2"": 8, ""3"": 8, ""4"": 8, ""5"": 8, ""6"": 8, ""7"": 8, ""8"": 8, ""9"": 8, ""10"": 8, ""11"": 8, ""12"": 8, ""13"": 8}",cached_parquet_balanced_pool,generative_nb,
dbpedia_14,8,0.1,symmetric,multinomial_nb,505,112,2800,14,0.11607142857142858,0.6960714285714286,0.6929855153530404,0.08378005027770996,"{""0"": 8, ""1"": 8, ""2"": 8, ""3"": 8, ""4"": 8, ""5"": 8, ""6"": 8, ""7"": 8, ""8"": 8, ""9"": 8, ""10"": 8, ""11"": 8, ""12"": 8, ""13"": 8}",cached_parquet_balanced_pool,generative_nb,
dbpedia_14,8,0.1,symmetric,softmax_logreg,101,112,2800,14,0.17857142857142858,0.5464285714285714,0.5035757181849901,0.13210773468017578,"{""0"": 8, ""1"": 8, ""2"": 8, ""3"": 8, ""4"": 8, ""5"": 8, ""6"": 8, ""7"": 8, ""8"": 8, ""9"": 8, ""10"": 8, ""11"": 8, ""12"": 8, ""13"": 8}",cached_parquet_balanced_pool,linear_probabilistic,
dbpedia_14,8,0.1,symmetric,softmax_logreg,202,112,2800,14,0.09821428571428571,0.6557142857142857,0.6204693161047065,0.12125468254089355,"{""0"": 8, ""1"": 8, ""2"": 8, ""3"": 8, ""4"": 8, ""5"": 8, ""6"": 8, ""7"": 8, ""8"": 8, ""9"": 8, ""10"": 8, ""11"": 8, ""12"": 8, ""13"": 8}",cached_parquet_balanced_pool,linear_probabilistic,
dbpedia_14,8,0.1,symmetric,softmax_logreg,303,112,2800,14,0.16964285714285715,0.5178571428571429,0.5206306527591432,0.1449756622314453,"{""0"": 8, ""1"": 8, ""2"": 8, ""3"": 8, ""4"": 8, ""5"": 8, ""6"": 8, ""7"": 8, ""8"": 8, ""9"": 8, ""10"": 8, ""11"": 8, ""12"": 8, ""13"": 8}",cached_parquet_balanced_pool,linear_probabilistic,
dbpedia_14,8,0.1,symmetric,softmax_logreg,404,112,2800,14,0.14285714285714285,0.6332142857142857,0.6107630806085391,0.1194918155670166,"{""0"": 8, ""1"": 8, ""2"": 8, ""3"": 8, ""4"": 8, ""5"": 8, ""6"": 8, ""7"": 8, ""8"": 8, ""9"": 8, ""10"": 8, ""11"": 8, ""12"": 8, ""13"": 8}",cached_parquet_balanced_pool,linear_probabilistic,
dbpedia_14,8,0.1,symmetric,softmax_logreg,505,112,2800,14,0.11607142857142858,0.6892857142857143,0.6854405364280656,0.1398937702178955,"{""0"": 8, ""1"": 8, ""2"": 8, ""3"": 8, ""4"": 8, ""5"": 8, ""6"": 8, ""7"": 8, ""8"": 8, ""9"": 8, ""10"": 8, ""11"": 8, ""12"": 8, ""13"": 8}",cached_parquet_balanced_pool,linear_probabilistic,
dbpedia_14,8,0.1,symmetric,trimmed_softmax_logreg,101,112,2800,14,0.17857142857142858,0.5089285714285714,0.42457093725865064,0.16656756401062012,"{""0"": 8, ""1"": 8, ""2"": 8, ""3"": 8, ""4"": 8, ""5"": 8, ""6"": 8, ""7"": 8, ""8"": 8, ""9"": 8, ""10"": 8, ""11"": 8, ""12"": 8, ""13"": 8}",cached_parquet_balanced_pool,bounded_robust_variant,kept_fraction=0.8214
dbpedia_14,8,0.1,symmetric,trimmed_softmax_logreg,202,112,2800,14,0.09821428571428571,0.595,0.5374150256946543,0.16364240646362305,"{""0"": 8, ""1"": 8, ""2"": 8, ""3"": 8, ""4"": 8, ""5"": 8, ""6"": 8, ""7"": 8, ""8"": 8, ""9"": 8, ""10"": 8, ""11"": 8, ""12"": 8, ""13"": 8}",cached_parquet_balanced_pool,bounded_robust_variant,kept_fraction=0.8214
dbpedia_14,8,0.1,symmetric,trimmed_softmax_logreg,303,112,2800,14,0.16964285714285715,0.4903571428571429,0.4707388588747728,0.14288878440856934,"{""0"": 8, ""1"": 8, ""2"": 8, ""3"": 8, ""4"": 8, ""5"": 8, ""6"": 8, ""7"": 8, ""8"": 8, ""9"": 8, ""10"": 8, ""11"": 8, ""12"": 8, ""13"": 8}",cached_parquet_balanced_pool,bounded_robust_variant,kept_fraction=0.8304
dbpedia_14,8,0.1,symmetric,trimmed_softmax_logreg,404,112,2800,14,0.14285714285714285,0.5253571428571429,0.4654647995565084,0.13771796226501465,"{""0"": 8, ""1"": 8, ""2"": 8, ""3"": 8, ""4"": 8, ""5"": 8, ""6"": 8, ""7"": 8, ""8"": 8, ""9"": 8, ""10"": 8, ""11"": 8, ""12"": 8, ""13"": 8}",cached_parquet_balanced_pool,bounded_robust_variant,kept_fraction=0.8214
dbpedia_14,8,0.1,symmetric,trimmed_softmax_logreg,505,112,2800,14,0.11607142857142858,0.5617857142857143,0.5116762696169423,0.1354084014892578,"{""0"": 8, ""1"": 8, ""2"": 8, ""3"": 8, ""4"": 8, ""5"": 8, ""6"": 8, ""7"": 8, ""8"": 8, ""9"": 8, ""10"": 8, ""11"": 8, ""12"": 8, ""13"": 8}",cached_parquet_balanced_pool,bounded_robust_variant,kept_fraction=0.8125
dbpedia_14,8,0.2,class_conditional,linear_svm_hinge,101,112,2800,14,0.23214285714285715,0.5067857142857143,0.4317654070497555,0.14676141738891602,"{""0"": 8, ""1"": 8, ""2"": 8, ""3"": 8, ""4"": 8, ""5"": 8, ""6"": 8, ""7"": 8, ""8"": 8, ""9"": 8, ""10"": 8, ""11"": 8, ""12"": 8, ""13"": 8}",cached_parquet_balanced_pool,linear_margin,
dbpedia_14,8,0.2,class_conditional,linear_svm_hinge,202,112,2800,14,0.1875,0.5896428571428571,0.554588122675918,0.1415424346923828,"{""0"": 8, ""1"": 8, ""2"": 8, ""3"": 8, ""4"": 8, ""5"": 8, ""6"": 8, ""7"": 8, ""8"": 8, ""9"": 8, ""10"": 8, ""11"": 8, ""12"": 8, ""13"": 8}",cached_parquet_balanced_pool,linear_margin,
dbpedia_14,8,0.2,class_conditional,linear_svm_hinge,303,112,2800,14,0.22321428571428573,0.5107142857142857,0.49066183082997533,0.1394031047821045,"{""0"": 8, ""1"": 8, ""2"": 8, ""3"": 8, ""4"": 8, ""5"": 8, ""6"": 8, ""7"": 8, ""8"": 8, ""9"": 8, ""10"": 8, ""11"": 8, ""12"": 8, ""13"": 8}",cached_parquet_balanced_pool,linear_margin,
dbpedia_14,8,0.2,class_conditional,linear_svm_hinge,404,112,2800,14,0.21428571428571427,0.5596428571428571,0.5215928114102153,0.15357184410095215,"{""0"": 8, ""1"": 8, ""2"": 8, ""3"": 8, ""4"": 8, ""5"": 8, ""6"": 8, ""7"": 8, ""8"": 8, ""9"": 8, ""10"": 8, ""11"": 8, ""12"": 8, ""13"": 8}",cached_parquet_balanced_pool,linear_margin,
dbpedia_14,8,0.2,class_conditional,linear_svm_hinge,505,112,2800,14,0.1875,0.5689285714285715,0.5159812413189167,0.15037870407104492,"{""0"": 8, ""1"": 8, ""2"": 8, ""3"": 8, ""4"": 8, ""5"": 8, ""6"": 8, ""7"": 8, ""8"": 8, ""9"": 8, ""10"": 8, ""11"": 8, ""12"": 8, ""13"": 8}",cached_parquet_balanced_pool,linear_margin,
dbpedia_14,8,0.2,class_conditional,multinomial_nb,101,112,2800,14,0.23214285714285715,0.5828571428571429,0.5546749026746353,0.08169388771057129,"{""0"": 8, ""1"": 8, ""2"": 8, ""3"": 8, ""4"": 8, ""5"": 8, ""6"": 8, ""7"": 8, ""8"": 8, ""9"": 8, ""10"": 8, ""11"": 8, ""12"": 8, ""13"": 8}",cached_parquet_balanced_pool,generative_nb,
dbpedia_14,8,0.2,class_conditional,multinomial_nb,202,112,2800,14,0.1875,0.6367857142857143,0.6116861850479819,0.07992076873779297,"{""0"": 8, ""1"": 8, ""2"": 8, ""3"": 8, ""4"": 8, ""5"": 8, ""6"": 8, ""7"": 8, ""8"": 8, ""9"": 8, ""10"": 8, ""11"": 8, ""12"": 8, ""13"": 8}",cached_parquet_balanced_pool,generative_nb,
dbpedia_14,8,0.2,class_conditional,multinomial_nb,303,112,2800,14,0.22321428571428573,0.6385714285714286,0.6259250432403703,0.08462142944335938,"{""0"": 8, ""1"": 8, ""2"": 8, ""3"": 8, ""4"": 8, ""5"": 8, ""6"": 8, ""7"": 8, ""8"": 8, ""9"": 8, ""10"": 8, ""11"": 8, ""12"": 8, ""13"": 8}",cached_parquet_balanced_pool,generative_nb,
dbpedia_14,8,0.2,class_conditional,multinomial_nb,404,112,2800,14,0.21428571428571427,0.5614285714285714,0.5436004325116378,0.0818941593170166,"{""0"": 8, ""1"": 8, ""2"": 8, ""3"": 8, ""4"": 8, ""5"": 8, ""6"": 8, ""7"": 8, ""8"": 8, ""9"": 8, ""10"": 8, ""11"": 8, ""12"": 8, ""13"": 8}",cached_parquet_balanced_pool,generative_nb,
dbpedia_14,8,0.2,class_conditional,multinomial_nb,505,112,2800,14,0.1875,0.61,0.5979813026786528,0.08017468452453613,"{""0"": 8, ""1"": 8, ""2"": 8, ""3"": 8, ""4"": 8, ""5"": 8, ""6"": 8, ""7"": 8, ""8"": 8, ""9"": 8, ""10"": 8, ""11"": 8, ""12"": 8, ""13"": 8}",cached_parquet_balanced_pool,generative_nb,
dbpedia_14,8,0.2,class_conditional,softmax_logreg,101,112,2800,14,0.23214285714285715,0.5478571428571428,0.5063074593301906,0.11956286430358887,"{""0"": 8, ""1"": 8, ""2"": 8, ""3"": 8, ""4"": 8, ""5"": 8, ""6"": 8, ""7"": 8, ""8"": 8, ""9"": 8, ""10"": 8, ""11"": 8, ""12"": 8, ""13"": 8}",cached_parquet_balanced_pool,linear_probabilistic,
dbpedia_14,8,0.2,class_conditional,softmax_logreg,202,112,2800,14,0.1875,0.6246428571428572,0.5925396851732934,0.12328410148620605,"{""0"": 8, ""1"": 8, ""2"": 8, ""3"": 8, ""4"": 8, ""5"": 8, ""6"": 8, ""7"": 8, ""8"": 8, ""9"": 8, ""10"": 8, ""11"": 8, ""12"": 8, ""13"": 8}",cached_parquet_balanced_pool,linear_probabilistic,
dbpedia_14,8,0.2,class_conditional,softmax_logreg,303,112,2800,14,0.22321428571428573,0.585,0.566052988195642,0.14673686027526855,"{""0"": 8, ""1"": 8, ""2"": 8, ""3"": 8, ""4"": 8, ""5"": 8, ""6"": 8, ""7"": 8, ""8"": 8, ""9"": 8, ""10"": 8, ""11"": 8, ""12"": 8, ""13"": 8}",cached_parquet_balanced_pool,linear_probabilistic,
dbpedia_14,8,0.2,class_conditional,softmax_logreg,404,112,2800,14,0.21428571428571427,0.525,0.5202345080230485,0.13872194290161133,"{""0"": 8, ""1"": 8, ""2"": 8, ""3"": 8, ""4"": 8, ""5"": 8, ""6"": 8, ""7"": 8, ""8"": 8, ""9"": 8, ""10"": 8, ""11"": 8, ""12"": 8, ""13"": 8}",cached_parquet_balanced_pool,linear_probabilistic,
dbpedia_14,8,0.2,class_conditional,softmax_logreg,505,112,2800,14,0.1875,0.5764285714285714,0.5615815201681512,0.12529802322387695,"{""0"": 8, ""1"": 8, ""2"": 8, ""3"": 8, ""4"": 8, ""5"": 8, ""6"": 8, ""7"": 8, ""8"": 8, ""9"": 8, ""10"": 8, ""11"": 8, ""12"": 8, ""13"": 8}",cached_parquet_balanced_pool,linear_probabilistic,
dbpedia_14,8,0.2,class_conditional,trimmed_softmax_logreg,101,112,2800,14,0.23214285714285715,0.5,0.4225763439901641,0.1899704933166504,"{""0"": 8, ""1"": 8, ""2"": 8, ""3"": 8, ""4"": 8, ""5"": 8, ""6"": 8, ""7"": 8, ""8"": 8, ""9"": 8, ""10"": 8, ""11"": 8, ""12"": 8, ""13"": 8}",cached_parquet_balanced_pool,bounded_robust_variant,kept_fraction=0.8214
dbpedia_14,8,0.2,class_conditional,trimmed_softmax_logreg,202,112,2800,14,0.1875,0.5578571428571428,0.5023598890560833,0.16255879402160645,"{""0"": 8, ""1"": 8, ""2"": 8, ""3"": 8, ""4"": 8, ""5"": 8, ""6"": 8, ""7"": 8, ""8"": 8, ""9"": 8, ""10"": 8, ""11"": 8, ""12"": 8, ""13"": 8}",cached_parquet_balanced_pool,bounded_robust_variant,kept_fraction=0.8214
dbpedia_14,8,0.2,class_conditional,trimmed_softmax_logreg,303,112,2800,14,0.22321428571428573,0.49892857142857144,0.4310459529677482,0.13855743408203125,"{""0"": 8, ""1"": 8, ""2"": 8, ""3"": 8, ""4"": 8, ""5"": 8, ""6"": 8, ""7"": 8, ""8"": 8, ""9"": 8, ""10"": 8, ""11"": 8, ""12"": 8, ""13"": 8}",cached_parquet_balanced_pool,bounded_robust_variant,kept_fraction=0.8125
dbpedia_14,8,0.2,class_conditional,trimmed_softmax_logreg,404,112,2800,14,0.21428571428571427,0.47928571428571426,0.43802694354046995,0.15934133529663086,"{""0"": 8, ""1"": 8, ""2"": 8, ""3"": 8, ""4"": 8, ""5"": 8, ""6"": 8, ""7"": 8, ""8"": 8, ""9"": 8, ""10"": 8, ""11"": 8, ""12"": 8, ""13"": 8}",cached_parquet_balanced_pool,bounded_robust_variant,kept_fraction=0.8214
dbpedia_14,8,0.2,class_conditional,trimmed_softmax_logreg,505,112,2800,14,0.1875,0.4725,0.40030306252206843,0.15883445739746094,"{""0"": 8, ""1"": 8, ""2"": 8, ""3"": 8, ""4"": 8, ""5"": 8, ""6"": 8, ""7"": 8, ""8"": 8, ""9"": 8, ""10"": 8, ""11"": 8, ""12"": 8, ""13"": 8}",cached_parquet_balanced_pool,bounded_robust_variant,kept_fraction=0.8125
dbpedia_14,8,0.2,symmetric,linear_svm_hinge,101,112,2800,14,0.22321428571428573,0.4546428571428571,0.36941962141661533,0.15276074409484863,"{""0"": 8, ""1"": 8, ""2"": 8, ""3"": 8, ""4"": 8, ""5"": 8, ""6"": 8, ""7"": 8, ""8"": 8, ""9"": 8, ""10"": 8, ""11"": 8, ""12"": 8, ""13"": 8}",cached_parquet_balanced_pool,linear_margin,
dbpedia_14,8,0.2,symmetric,linear_svm_hinge,202,112,2800,14,0.22321428571428573,0.5489285714285714,0.4966433435673623,0.14855170249938965,"{""0"": 8, ""1"": 8, ""2"": 8, ""3"": 8, ""4"": 8, ""5"": 8, ""6"": 8, ""7"": 8, ""8"": 8, ""9"": 8, ""10"": 8, ""11"": 8, ""12"": 8, ""13"": 8}",cached_parquet_balanced_pool,linear_margin,
dbpedia_14,8,0.2,symmetric,linear_svm_hinge,303,112,2800,14,0.23214285714285715,0.4853571428571429,0.4335743753785904,0.14418530464172363,"{""0"": 8, ""1"": 8, ""2"": 8, ""3"": 8, ""4"": 8, ""5"": 8, ""6"": 8, ""7"": 8, ""8"": 8, ""9"": 8, ""10"": 8, ""11"": 8, ""12"": 8, ""13"": 8}",cached_parquet_balanced_pool,linear_margin,
dbpedia_14,8,0.2,symmetric,linear_svm_hinge,404,112,2800,14,0.17857142857142858,0.5417857142857143,0.49355545934320794,0.14714312553405762,"{""0"": 8, ""1"": 8, ""2"": 8, ""3"": 8, ""4"": 8, ""5"": 8, ""6"": 8, ""7"": 8, ""8"": 8, ""9"": 8, ""10"": 8, ""11"": 8, ""12"": 8, ""13"": 8}",cached_parquet_balanced_pool,linear_margin,
dbpedia_14,8,0.2,symmetric,linear_svm_hinge,505,112,2800,14,0.17857142857142858,0.5096428571428572,0.4535614414674383,0.13727712631225586,"{""0"": 8, ""1"": 8, ""2"": 8, ""3"": 8, ""4"": 8, ""5"": 8, ""6"": 8, ""7"": 8, ""8"": 8, ""9"": 8, ""10"": 8, ""11"": 8, ""12"": 8, ""13"": 8}",cached_parquet_balanced_pool,linear_margin,
dbpedia_14,8,0.2,symmetric,multinomial_nb,101,112,2800,14,0.22321428571428573,0.6442857142857142,0.6350747685583914,0.07996487617492676,"{""0"": 8, ""1"": 8, ""2"": 8, ""3"": 8, ""4"": 8, ""5"": 8, ""6"": 8, ""7"": 8, ""8"": 8, ""9"": 8, ""10"": 8, ""11"": 8, ""12"": 8, ""13"": 8}",cached_parquet_balanced_pool,generative_nb,
dbpedia_14,8,0.2,symmetric,multinomial_nb,202,112,2800,14,0.22321428571428573,0.5817857142857142,0.5309258073047262,0.07924270629882812,"{""0"": 8, ""1"": 8, ""2"": 8, ""3"": 8, ""4"": 8, ""5"": 8, ""6"": 8, ""7"": 8, ""8"": 8, ""9"": 8, ""10"": 8, ""11"": 8, ""12"": 8, ""13"": 8}",cached_parquet_balanced_pool,generative_nb,
dbpedia_14,8,0.2,symmetric,multinomial_nb,303,112,2800,14,0.23214285714285715,0.5635714285714286,0.5302411027929386,0.08320736885070801,"{""0"": 8, ""1"": 8, ""2"": 8, ""3"": 8, ""4"": 8, ""5"": 8, ""6"": 8, ""7"": 8, ""8"": 8, ""9"": 8, ""10"": 8, ""11"": 8, ""12"": 8, ""13"": 8}",cached_parquet_balanced_pool,generative_nb,
dbpedia_14,8,0.2,symmetric,multinomial_nb,404,112,2800,14,0.17857142857142858,0.55,0.5492063193343745,0.08133912086486816,"{""0"": 8, ""1"": 8, ""2"": 8, ""3"": 8, ""4"": 8, ""5"": 8, ""6"": 8, ""7"": 8, ""8"": 8, ""9"": 8, ""10"": 8, ""11"": 8, ""12"": 8, ""13"": 8}",cached_parquet_balanced_pool,generative_nb,
dbpedia_14,8,0.2,symmetric,multinomial_nb,505,112,2800,14,0.17857142857142858,0.61,0.5880738438525818,0.08022284507751465,"{""0"": 8, ""1"": 8, ""2"": 8, ""3"": 8, ""4"": 8, ""5"": 8, ""6"": 8, ""7"": 8, ""8"": 8, ""9"": 8, ""10"": 8, ""11"": 8, ""12"": 8, ""13"": 8}",cached_parquet_balanced_pool,generative_nb,
dbpedia_14,8,0.2,symmetric,softmax_logreg,101,112,2800,14,0.22321428571428573,0.5789285714285715,0.5523268891989216,0.12199711799621582,"{""0"": 8, ""1"": 8, ""2"": 8, ""3"": 8, ""4"": 8, ""5"": 8, ""6"": 8, ""7"": 8, ""8"": 8, ""9"": 8, ""10"": 8, ""11"": 8, ""12"": 8, ""13"": 8}",cached_parquet_balanced_pool,linear_probabilistic,
dbpedia_14,8,0.2,symmetric,softmax_logreg,202,112,2800,14,0.22321428571428573,0.5396428571428571,0.49684859813256405,0.13863611221313477,"{""0"": 8, ""1"": 8, ""2"": 8, ""3"": 8, ""4"": 8, ""5"": 8, ""6"": 8, ""7"": 8, ""8"": 8, ""9"": 8, ""10"": 8, ""11"": 8, ""12"": 8, ""13"": 8}",cached_parquet_balanced_pool,linear_probabilistic,
dbpedia_14,8,0.2,symmetric,softmax_logreg,303,112,2800,14,0.23214285714285715,0.5171428571428571,0.4649355426602285,0.13558530807495117,"{""0"": 8, ""1"": 8, ""2"": 8, ""3"": 8, ""4"": 8, ""5"": 8, ""6"": 8, ""7"": 8, ""8"": 8, ""9"": 8, ""10"": 8, ""11"": 8, ""12"": 8, ""13"": 8}",cached_parquet_balanced_pool,linear_probabilistic,
dbpedia_14,8,0.2,symmetric,softmax_logreg,404,112,2800,14,0.17857142857142858,0.5192857142857142,0.5145615523029087,0.15161967277526855,"{""0"": 8, ""1"": 8, ""2"": 8, ""3"": 8, ""4"": 8, ""5"": 8, ""6"": 8, ""7"": 8, ""8"": 8, ""9"": 8, ""10"": 8, ""11"": 8, ""12"": 8, ""13"": 8}",cached_parquet_balanced_pool,linear_probabilistic,
dbpedia_14,8,0.2,symmetric,softmax_logreg,505,112,2800,14,0.17857142857142858,0.5914285714285714,0.5657502939725901,0.11912202835083008,"{""0"": 8, ""1"": 8, ""2"": 8, ""3"": 8, ""4"": 8, ""5"": 8, ""6"": 8, ""7"": 8, ""8"": 8, ""9"": 8, ""10"": 8, ""11"": 8, ""12"": 8, ""13"": 8}",cached_parquet_balanced_pool,linear_probabilistic,
dbpedia_14,8,0.2,symmetric,trimmed_softmax_logreg,101,112,2800,14,0.22321428571428573,0.5271428571428571,0.45357547773500223,0.13994789123535156,"{""0"": 8, ""1"": 8, ""2"": 8, ""3"": 8, ""4"": 8, ""5"": 8, ""6"": 8, ""7"": 8, ""8"": 8, ""9"": 8, ""10"": 8, ""11"": 8, ""12"": 8, ""13"": 8}",cached_parquet_balanced_pool,bounded_robust_variant,kept_fraction=0.8304
dbpedia_14,8,0.2,symmetric,trimmed_softmax_logreg,202,112,2800,14,0.22321428571428573,0.4664285714285714,0.41473589292235447,0.15593767166137695,"{""0"": 8, ""1"": 8, ""2"": 8, ""3"": 8, ""4"": 8, ""5"": 8, ""6"": 8, ""7"": 8, ""8"": 8, ""9"": 8, ""10"": 8, ""11"": 8, ""12"": 8, ""13"": 8}",cached_parquet_balanced_pool,bounded_robust_variant,kept_fraction=0.8304
dbpedia_14,8,0.2,symmetric,trimmed_softmax_logreg,303,112,2800,14,0.23214285714285715,0.5014285714285714,0.4292376443934722,0.1434948444366455,"{""0"": 8, ""1"": 8, ""2"": 8, ""3"": 8, ""4"": 8, ""5"": 8, ""6"": 8, ""7"": 8, ""8"": 8, ""9"": 8, ""10"": 8, ""11"": 8, ""12"": 8, ""13"": 8}",cached_parquet_balanced_pool,bounded_robust_variant,kept_fraction=0.8393
dbpedia_14,8,0.2,symmetric,trimmed_softmax_logreg,404,112,2800,14,0.17857142857142858,0.45321428571428574,0.4138954072935247,0.13258862495422363,"{""0"": 8, ""1"": 8, ""2"": 8, ""3"": 8, ""4"": 8, ""5"": 8, ""6"": 8, ""7"": 8, ""8"": 8, ""9"": 8, ""10"": 8, ""11"": 8, ""12"": 8, ""13"": 8}",cached_parquet_balanced_pool,bounded_robust_variant,kept_fraction=0.8214
dbpedia_14,8,0.2,symmetric,trimmed_softmax_logreg,505,112,2800,14,0.17857142857142858,0.5060714285714286,0.44214230366732654,0.14895892143249512,"{""0"": 8, ""1"": 8, ""2"": 8, ""3"": 8, ""4"": 8, ""5"": 8, ""6"": 8, ""7"": 8, ""8"": 8, ""9"": 8, ""10"": 8, ""11"": 8, ""12"": 8, ""13"": 8}",cached_parquet_balanced_pool,bounded_robust_variant,kept_fraction=0.8214
dbpedia_14,8,0.3,class_conditional,linear_svm_hinge,101,112,2800,14,0.33035714285714285,0.46214285714285713,0.3908599380371565,0.15407395362854004,"{""0"": 8, ""1"": 8, ""2"": 8, ""3"": 8, ""4"": 8, ""5"": 8, ""6"": 8, ""7"": 8, ""8"": 8, ""9"": 8, ""10"": 8, ""11"": 8, ""12"": 8, ""13"": 8}",cached_parquet_balanced_pool,linear_margin,
dbpedia_14,8,0.3,class_conditional,linear_svm_hinge,202,112,2800,14,0.26785714285714285,0.5128571428571429,0.46402938902919205,0.15478968620300293,"{""0"": 8, ""1"": 8, ""2"": 8, ""3"": 8, ""4"": 8, ""5"": 8, ""6"": 8, ""7"": 8, ""8"": 8, ""9"": 8, ""10"": 8, ""11"": 8, ""12"": 8, ""13"": 8}",cached_parquet_balanced_pool,linear_margin,
dbpedia_14,8,0.3,class_conditional,linear_svm_hinge,303,112,2800,14,0.2857142857142857,0.5453571428571429,0.5422981719373552,0.14197492599487305,"{""0"": 8, ""1"": 8, ""2"": 8, ""3"": 8, ""4"": 8, ""5"": 8, ""6"": 8, ""7"": 8, ""8"": 8, ""9"": 8, ""10"": 8, ""11"": 8, ""12"": 8, ""13"": 8}",cached_parquet_balanced_pool,linear_margin,
dbpedia_14,8,0.3,class_conditional,linear_svm_hinge,404,112,2800,14,0.36607142857142855,0.48857142857142855,0.41838729342934816,0.1591184139251709,"{""0"": 8, ""1"": 8, ""2"": 8, ""3"": 8, ""4"": 8, ""5"": 8, ""6"": 8, ""7"": 8, ""8"": 8, ""9"": 8, ""10"": 8, ""11"": 8, ""12"": 8, ""13"": 8}",cached_parquet_balanced_pool,linear_margin,
dbpedia_14,8,0.3,class_conditional,linear_svm_hinge,505,112,2800,14,0.26785714285714285,0.5053571428571428,0.45091808795315896,0.14763522148132324,"{""0"": 8, ""1"": 8, ""2"": 8, ""3"": 8, ""4"": 8, ""5"": 8, ""6"": 8, ""7"": 8, ""8"": 8, ""9"": 8, ""10"": 8, ""11"": 8, ""12"": 8, ""13"": 8}",cached_parquet_balanced_pool,linear_margin,
dbpedia_14,8,0.3,class_conditional,multinomial_nb,101,112,2800,14,0.33035714285714285,0.4875,0.43916995503918993,0.08350110054016113,"{""0"": 8, ""1"": 8, ""2"": 8, ""3"": 8, ""4"": 8, ""5"": 8, ""6"": 8, ""7"": 8, ""8"": 8, ""9"": 8, ""10"": 8, ""11"": 8, ""12"": 8, ""13"": 8}",cached_parquet_balanced_pool,generative_nb,
dbpedia_14,8,0.3,class_conditional,multinomial_nb,202,112,2800,14,0.26785714285714285,0.6092857142857143,0.5931445027949309,0.08253979682922363,"{""0"": 8, ""1"": 8, ""2"": 8, ""3"": 8, ""4"": 8, ""5"": 8, ""6"": 8, ""7"": 8, ""8"": 8, ""9"": 8, ""10"": 8, ""11"": 8, ""12"": 8, ""13"": 8}",cached_parquet_balanced_pool,generative_nb,
dbpedia_14,8,0.3,class_conditional,multinomial_nb,303,112,2800,14,0.2857142857142857,0.5896428571428571,0.5729198723763148,0.08721590042114258,"{""0"": 8, ""1"": 8, ""2"": 8, ""3"": 8, ""4"": 8, ""5"": 8, ""6"": 8, ""7"": 8, ""8"": 8, ""9"": 8, ""10"": 8, ""11"": 8, ""12"": 8, ""13"": 8}",cached_parquet_balanced_pool,generative_nb,
dbpedia_14,8,0.3,class_conditional,multinomial_nb,404,112,2800,14,0.36607142857142855,0.4785714285714286,0.44606007578690693,0.08030819892883301,"{""0"": 8, ""1"": 8, ""2"": 8, ""3"": 8, ""4"": 8, ""5"": 8, ""6"": 8, ""7"": 8, ""8"": 8, ""9"": 8, ""10"": 8, ""11"": 8, ""12"": 8, ""13"": 8}",cached_parquet_balanced_pool,generative_nb,
dbpedia_14,8,0.3,class_conditional,multinomial_nb,505,112,2800,14,0.26785714285714285,0.5478571428571428,0.5235220408305316,0.08725976943969727,"{""0"": 8, ""1"": 8, ""2"": 8, ""3"": 8, ""4"": 8, ""5"": 8, ""6"": 8, ""7"": 8, ""8"": 8, ""9"": 8, ""10"": 8, ""11"": 8, ""12"": 8, ""13"": 8}",cached_parquet_balanced_pool,generative_nb,
dbpedia_14,8,0.3,class_conditional,softmax_logreg,101,112,2800,14,0.33035714285714285,0.4714285714285714,0.40519748476233414,0.14211177825927734,"{""0"": 8, ""1"": 8, ""2"": 8, ""3"": 8, ""4"": 8, ""5"": 8, ""6"": 8, ""7"": 8, ""8"": 8, ""9"": 8, ""10"": 8, ""11"": 8, ""12"": 8, ""13"": 8}",cached_parquet_balanced_pool,linear_probabilistic,
dbpedia_14,8,0.3,class_conditional,softmax_logreg,202,112,2800,14,0.26785714285714285,0.5889285714285715,0.5738125416870477,0.1384272575378418,"{""0"": 8, ""1"": 8, ""2"": 8, ""3"": 8, ""4"": 8, ""5"": 8, ""6"": 8, ""7"": 8, ""8"": 8, ""9"": 8, ""10"": 8, ""11"": 8, ""12"": 8, ""13"": 8}",cached_parquet_balanced_pool,linear_probabilistic,
dbpedia_14,8,0.3,class_conditional,softmax_logreg,303,112,2800,14,0.2857142857142857,0.5364285714285715,0.5188578267633317,0.15040349960327148,"{""0"": 8, ""1"": 8, ""2"": 8, ""3"": 8, ""4"": 8, ""5"": 8, ""6"": 8, ""7"": 8, ""8"": 8, ""9"": 8, ""10"": 8, ""11"": 8, ""12"": 8, ""13"": 8}",cached_parquet_balanced_pool,linear_probabilistic,
dbpedia_14,8,0.3,class_conditional,softmax_logreg,404,112,2800,14,0.36607142857142855,0.43357142857142855,0.4061319907227149,0.14077544212341309,"{""0"": 8, ""1"": 8, ""2"": 8, ""3"": 8, ""4"": 8, ""5"": 8, ""6"": 8, ""7"": 8, ""8"": 8, ""9"": 8, ""10"": 8, ""11"": 8, ""12"": 8, ""13"": 8}",cached_parquet_balanced_pool,linear_probabilistic,
dbpedia_14,8,0.3,class_conditional,softmax_logreg,505,112,2800,14,0.26785714285714285,0.5071428571428571,0.4579298373500542,0.12938451766967773,"{""0"": 8, ""1"": 8, ""2"": 8, ""3"": 8, ""4"": 8, ""5"": 8, ""6"": 8, ""7"": 8, ""8"": 8, ""9"": 8, ""10"": 8, ""11"": 8, ""12"": 8, ""13"": 8}",cached_parquet_balanced_pool,linear_probabilistic,
dbpedia_14,8,0.3,class_conditional,trimmed_softmax_logreg,101,112,2800,14,0.33035714285714285,0.4567857142857143,0.37596440223137906,0.15414094924926758,"{""0"": 8, ""1"": 8, ""2"": 8, ""3"": 8, ""4"": 8, ""5"": 8, ""6"": 8, ""7"": 8, ""8"": 8, ""9"": 8, ""10"": 8, ""11"": 8, ""12"": 8, ""13"": 8}",cached_parquet_balanced_pool,bounded_robust_variant,kept_fraction=0.8304
dbpedia_14,8,0.3,class_conditional,trimmed_softmax_logreg,202,112,2800,14,0.26785714285714285,0.5296428571428572,0.4926347174113713,0.17089033126831055,"{""0"": 8, ""1"": 8, ""2"": 8, ""3"": 8, ""4"": 8, ""5"": 8, ""6"": 8, ""7"": 8, ""8"": 8, ""9"": 8, ""10"": 8, ""11"": 8, ""12"": 8, ""13"": 8}",cached_parquet_balanced_pool,bounded_robust_variant,kept_fraction=0.8214
dbpedia_14,8,0.3,class_conditional,trimmed_softmax_logreg,303,112,2800,14,0.2857142857142857,0.4210714285714286,0.35666141839200366,0.16045737266540527,"{""0"": 8, ""1"": 8, ""2"": 8, ""3"": 8, ""4"": 8, ""5"": 8, ""6"": 8, ""7"": 8, ""8"": 8, ""9"": 8, ""10"": 8, ""11"": 8, ""12"": 8, ""13"": 8}",cached_parquet_balanced_pool,bounded_robust_variant,kept_fraction=0.8125
dbpedia_14,8,0.3,class_conditional,trimmed_softmax_logreg,404,112,2800,14,0.36607142857142855,0.4110714285714286,0.3563346502655133,0.16100645065307617,"{""0"": 8, ""1"": 8, ""2"": 8, ""3"": 8, ""4"": 8, ""5"": 8, ""6"": 8, ""7"": 8, ""8"": 8, ""9"": 8, ""10"": 8, ""11"": 8, ""12"": 8, ""13"": 8}",cached_parquet_balanced_pool,bounded_robust_variant,kept_fraction=0.8125
dbpedia_14,8,0.3,class_conditional,trimmed_softmax_logreg,505,112,2800,14,0.26785714285714285,0.4853571428571429,0.42021758242902646,0.15186285972595215,"{""0"": 8, ""1"": 8, ""2"": 8, ""3"": 8, ""4"": 8, ""5"": 8, ""6"": 8, ""7"": 8, ""8"": 8, ""9"": 8, ""10"": 8, ""11"": 8, ""12"": 8, ""13"": 8}",cached_parquet_balanced_pool,bounded_robust_variant,kept_fraction=0.8214
dbpedia_14,8,0.3,symmetric,linear_svm_hinge,101,112,2800,14,0.30357142857142855,0.47464285714285714,0.45518903097321556,0.13666009902954102,"{""0"": 8, ""1"": 8, ""2"": 8, ""3"": 8, ""4"": 8, ""5"": 8, ""6"": 8, ""7"": 8, ""8"": 8, ""9"": 8, ""10"": 8, ""11"": 8, ""12"": 8, ""13"": 8}",cached_parquet_balanced_pool,linear_margin,
dbpedia_14,8,0.3,symmetric,linear_svm_hinge,202,112,2800,14,0.29464285714285715,0.5521428571428572,0.5392285836981106,0.14590954780578613,"{""0"": 8, ""1"": 8, ""2"": 8, ""3"": 8, ""4"": 8, ""5"": 8, ""6"": 8, ""7"": 8, ""8"": 8, ""9"": 8, ""10"": 8, ""11"": 8, ""12"": 8, ""13"": 8}",cached_parquet_balanced_pool,linear_margin,
dbpedia_14,8,0.3,symmetric,linear_svm_hinge,303,112,2800,14,0.32142857142857145,0.49107142857142855,0.46047042467952876,0.14595627784729004,"{""0"": 8, ""1"": 8, ""2"": 8, ""3"": 8, ""4"": 8, ""5"": 8, ""6"": 8, ""7"": 8, ""8"": 8, ""9"": 8, ""10"": 8, ""11"": 8, ""12"": 8, ""13"": 8}",cached_parquet_balanced_pool,linear_margin,
dbpedia_14,8,0.3,symmetric,linear_svm_hinge,404,112,2800,14,0.32142857142857145,0.48,0.4270419514609727,0.13930797576904297,"{""0"": 8, ""1"": 8, ""2"": 8, ""3"": 8, ""4"": 8, ""5"": 8, ""6"": 8, ""7"": 8, ""8"": 8, ""9"": 8, ""10"": 8, ""11"": 8, ""12"": 8, ""13"": 8}",cached_parquet_balanced_pool,linear_margin,
dbpedia_14,8,0.3,symmetric,linear_svm_hinge,505,112,2800,14,0.26785714285714285,0.5710714285714286,0.5429916204139669,0.15661072731018066,"{""0"": 8, ""1"": 8, ""2"": 8, ""3"": 8, ""4"": 8, ""5"": 8, ""6"": 8, ""7"": 8, ""8"": 8, ""9"": 8, ""10"": 8, ""11"": 8, ""12"": 8, ""13"": 8}",cached_parquet_balanced_pool,linear_margin,
dbpedia_14,8,0.3,symmetric,multinomial_nb,101,112,2800,14,0.30357142857142855,0.5242857142857142,0.5138748612498723,0.08024406433105469,"{""0"": 8, ""1"": 8, ""2"": 8, ""3"": 8, ""4"": 8, ""5"": 8, ""6"": 8, ""7"": 8, ""8"": 8, ""9"": 8, ""10"": 8, ""11"": 8, ""12"": 8, ""13"": 8}",cached_parquet_balanced_pool,generative_nb,
dbpedia_14,8,0.3,symmetric,multinomial_nb,202,112,2800,14,0.29464285714285715,0.5532142857142858,0.49629633827223646,0.07965660095214844,"{""0"": 8, ""1"": 8, ""2"": 8, ""3"": 8, ""4"": 8, ""5"": 8, ""6"": 8, ""7"": 8, ""8"": 8, ""9"": 8, ""10"": 8, ""11"": 8, ""12"": 8, ""13"": 8}",cached_parquet_balanced_pool,generative_nb,
dbpedia_14,8,0.3,symmetric,multinomial_nb,303,112,2800,14,0.32142857142857145,0.5210714285714285,0.48651211723883475,0.08209443092346191,"{""0"": 8, ""1"": 8, ""2"": 8, ""3"": 8, ""4"": 8, ""5"": 8, ""6"": 8, ""7"": 8, ""8"": 8, ""9"": 8, ""10"": 8, ""11"": 8, ""12"": 8, ""13"": 8}",cached_parquet_balanced_pool,generative_nb,
dbpedia_14,8,0.3,symmetric,multinomial_nb,404,112,2800,14,0.32142857142857145,0.5396428571428571,0.4956797205427358,0.08448576927185059,"{""0"": 8, ""1"": 8, ""2"": 8, ""3"": 8, ""4"": 8, ""5"": 8, ""6"": 8, ""7"": 8, ""8"": 8, ""9"": 8, ""10"": 8, ""11"": 8, ""12"": 8, ""13"": 8}",cached_parquet_balanced_pool,generative_nb,
dbpedia_14,8,0.3,symmetric,multinomial_nb,505,112,2800,14,0.26785714285714285,0.5710714285714286,0.5534948149460736,0.08641529083251953,"{""0"": 8, ""1"": 8, ""2"": 8, ""3"": 8, ""4"": 8, ""5"": 8, ""6"": 8, ""7"": 8, ""8"": 8, ""9"": 8, ""10"": 8, ""11"": 8, ""12"": 8, ""13"": 8}",cached_parquet_balanced_pool,generative_nb,
dbpedia_14,8,0.3,symmetric,softmax_logreg,101,112,2800,14,0.30357142857142855,0.45357142857142857,0.43633215560199023,0.12831902503967285,"{""0"": 8, ""1"": 8, ""2"": 8, ""3"": 8, ""4"": 8, ""5"": 8, ""6"": 8, ""7"": 8, ""8"": 8, ""9"": 8, ""10"": 8, ""11"": 8, ""12"": 8, ""13"": 8}",cached_parquet_balanced_pool,linear_probabilistic,
dbpedia_14,8,0.3,symmetric,softmax_logreg,202,112,2800,14,0.29464285714285715,0.4903571428571429,0.4656879789777615,0.14712095260620117,"{""0"": 8, ""1"": 8, ""2"": 8, ""3"": 8, ""4"": 8, ""5"": 8, ""6"": 8, ""7"": 8, ""8"": 8, ""9"": 8, ""10"": 8, ""11"": 8, ""12"": 8, ""13"": 8}",cached_parquet_balanced_pool,linear_probabilistic,
dbpedia_14,8,0.3,symmetric,softmax_logreg,303,112,2800,14,0.32142857142857145,0.4539285714285714,0.39736497586412317,0.12697076797485352,"{""0"": 8, ""1"": 8, ""2"": 8, ""3"": 8, ""4"": 8, ""5"": 8, ""6"": 8, ""7"": 8, ""8"": 8, ""9"": 8, ""10"": 8, ""11"": 8, ""12"": 8, ""13"": 8}",cached_parquet_balanced_pool,linear_probabilistic,
dbpedia_14,8,0.3,symmetric,softmax_logreg,404,112,2800,14,0.32142857142857145,0.5157142857142857,0.456001559641186,0.12988495826721191,"{""0"": 8, ""1"": 8, ""2"": 8, ""3"": 8, ""4"": 8, ""5"": 8, ""6"": 8, ""7"": 8, ""8"": 8, ""9"": 8, ""10"": 8, ""11"": 8, ""12"": 8, ""13"": 8}",cached_parquet_balanced_pool,linear_probabilistic,
dbpedia_14,8,0.3,symmetric,softmax_logreg,505,112,2800,14,0.26785714285714285,0.5171428571428571,0.4976614354634317,0.15280938148498535,"{""0"": 8, ""1"": 8, ""2"": 8, ""3"": 8, ""4"": 8, ""5"": 8, ""6"": 8, ""7"": 8, ""8"": 8, ""9"": 8, ""10"": 8, ""11"": 8, ""12"": 8, ""13"": 8}",cached_parquet_balanced_pool,linear_probabilistic,
dbpedia_14,8,0.3,symmetric,trimmed_softmax_logreg,101,112,2800,14,0.30357142857142855,0.3846428571428571,0.324297111736052,0.1643972396850586,"{""0"": 8, ""1"": 8, ""2"": 8, ""3"": 8, ""4"": 8, ""5"": 8, ""6"": 8, ""7"": 8, ""8"": 8, ""9"": 8, ""10"": 8, ""11"": 8, ""12"": 8, ""13"": 8}",cached_parquet_balanced_pool,bounded_robust_variant,kept_fraction=0.8214
dbpedia_14,8,0.3,symmetric,trimmed_softmax_logreg,202,112,2800,14,0.29464285714285715,0.49857142857142855,0.457223469118775,0.15916991233825684,"{""0"": 8, ""1"": 8, ""2"": 8, ""3"": 8, ""4"": 8, ""5"": 8, ""6"": 8, ""7"": 8, ""8"": 8, ""9"": 8, ""10"": 8, ""11"": 8, ""12"": 8, ""13"": 8}",cached_parquet_balanced_pool,bounded_robust_variant,kept_fraction=0.8304
dbpedia_14,8,0.3,symmetric,trimmed_softmax_logreg,303,112,2800,14,0.32142857142857145,0.4407142857142857,0.36759546990900505,0.14219141006469727,"{""0"": 8, ""1"": 8, ""2"": 8, ""3"": 8, ""4"": 8, ""5"": 8, ""6"": 8, ""7"": 8, ""8"": 8, ""9"": 8, ""10"": 8, ""11"": 8, ""12"": 8, ""13"": 8}",cached_parquet_balanced_pool,bounded_robust_variant,kept_fraction=0.8304
dbpedia_14,8,0.3,symmetric,trimmed_softmax_logreg,404,112,2800,14,0.32142857142857145,0.45821428571428574,0.3650843463422725,0.1781303882598877,"{""0"": 8, ""1"": 8, ""2"": 8, ""3"": 8, ""4"": 8, ""5"": 8, ""6"": 8, ""7"": 8, ""8"": 8, ""9"": 8, ""10"": 8, ""11"": 8, ""12"": 8, ""13"": 8}",cached_parquet_balanced_pool,bounded_robust_variant,kept_fraction=0.8125
dbpedia_14,8,0.3,symmetric,trimmed_softmax_logreg,505,112,2800,14,0.26785714285714285,0.4689285714285714,0.4141943333793526,0.15580272674560547,"{""0"": 8, ""1"": 8, ""2"": 8, ""3"": 8, ""4"": 8, ""5"": 8, ""6"": 8, ""7"": 8, ""8"": 8, ""9"": 8, ""10"": 8, ""11"": 8, ""12"": 8, ""13"": 8}",cached_parquet_balanced_pool,bounded_robust_variant,kept_fraction=0.8214
dbpedia_14,16,0.0,class_conditional,linear_svm_hinge,101,224,2800,14,0.0,0.7417857142857143,0.7243432212294582,0.44922947883605957,"{""0"": 16, ""1"": 16, ""2"": 16, ""3"": 16, ""4"": 16, ""5"": 16, ""6"": 16, ""7"": 16, ""8"": 16, ""9"": 16, ""10"": 16, ""11"": 16, ""12"": 16, ""13"": 16}",cached_parquet_balanced_pool,linear_margin,
dbpedia_14,16,0.0,class_conditional,linear_svm_hinge,202,224,2800,14,0.0,0.7657142857142857,0.7548782760172426,0.4952692985534668,"{""0"": 16, ""1"": 16, ""2"": 16, ""3"": 16, ""4"": 16, ""5"": 16, ""6"": 16, ""7"": 16, ""8"": 16, ""9"": 16, ""10"": 16, ""11"": 16, ""12"": 16, ""13"": 16}",cached_parquet_balanced_pool,linear_margin,
dbpedia_14,16,0.0,class_conditional,linear_svm_hinge,303,224,2800,14,0.0,0.7564285714285715,0.7298944211908648,0.4282350540161133,"{""0"": 16, ""1"": 16, ""2"": 16, ""3"": 16, ""4"": 16, ""5"": 16, ""6"": 16, ""7"": 16, ""8"": 16, ""9"": 16, ""10"": 16, ""11"": 16, ""12"": 16, ""13"": 16}",cached_parquet_balanced_pool,linear_margin,
dbpedia_14,16,0.0,class_conditional,linear_svm_hinge,404,224,2800,14,0.0,0.7328571428571429,0.7051045259090503,0.47220492362976074,"{""0"": 16, ""1"": 16, ""2"": 16, ""3"": 16, ""4"": 16, ""5"": 16, ""6"": 16, ""7"": 16, ""8"": 16, ""9"": 16, ""10"": 16, ""11"": 16, ""12"": 16, ""13"": 16}",cached_parquet_balanced_pool,linear_margin,
dbpedia_14,16,0.0,class_conditional,linear_svm_hinge,505,224,2800,14,0.0,0.6978571428571428,0.6601050529240073,0.47548937797546387,"{""0"": 16, ""1"": 16, ""2"": 16, ""3"": 16, ""4"": 16, ""5"": 16, ""6"": 16, ""7"": 16, ""8"": 16, ""9"": 16, ""10"": 16, ""11"": 16, ""12"": 16, ""13"": 16}",cached_parquet_balanced_pool,linear_margin,
dbpedia_14,16,0.0,class_conditional,multinomial_nb,101,224,2800,14,0.0,0.8346428571428571,0.8318907362520914,0.08846879005432129,"{""0"": 16, ""1"": 16, ""2"": 16, ""3"": 16, ""4"": 16, ""5"": 16, ""6"": 16, ""7"": 16, ""8"": 16, ""9"": 16, ""10"": 16, ""11"": 16, ""12"": 16, ""13"": 16}",cached_parquet_balanced_pool,generative_nb,
dbpedia_14,16,0.0,class_conditional,multinomial_nb,202,224,2800,14,0.0,0.84,0.8376978538228441,0.08993840217590332,"{""0"": 16, ""1"": 16, ""2"": 16, ""3"": 16, ""4"": 16, ""5"": 16, ""6"": 16, ""7"": 16, ""8"": 16, ""9"": 16, ""10"": 16, ""11"": 16, ""12"": 16, ""13"": 16}",cached_parquet_balanced_pool,generative_nb,
dbpedia_14,16,0.0,class_conditional,multinomial_nb,303,224,2800,14,0.0,0.8457142857142858,0.8418371509736354,0.09458303451538086,"{""0"": 16, ""1"": 16, ""2"": 16, ""3"": 16, ""4"": 16, ""5"": 16, ""6"": 16, ""7"": 16, ""8"": 16, ""9"": 16, ""10"": 16, ""11"": 16, ""12"": 16, ""13"": 16}",cached_parquet_balanced_pool,generative_nb,
dbpedia_14,16,0.0,class_conditional,multinomial_nb,404,224,2800,14,0.0,0.81,0.8030417482094486,0.09282422065734863,"{""0"": 16, ""1"": 16, ""2"": 16, ""3"": 16, ""4"": 16, ""5"": 16, ""6"": 16, ""7"": 16, ""8"": 16, ""9"": 16, ""10"": 16, ""11"": 16, ""12"": 16, ""13"": 16}",cached_parquet_balanced_pool,generative_nb,
dbpedia_14,16,0.0,class_conditional,multinomial_nb,505,224,2800,14,0.0,0.8407142857142857,0.8375483977658841,0.09174442291259766,"{""0"": 16, ""1"": 16, ""2"": 16, ""3"": 16, ""4"": 16, ""5"": 16, ""6"": 16, ""7"": 16, ""8"": 16, ""9"": 16, ""10"": 16, ""11"": 16, ""12"": 16, ""13"": 16}",cached_parquet_balanced_pool,generative_nb,
dbpedia_14,16,0.0,class_conditional,softmax_logreg,101,224,2800,14,0.0,0.8525,0.8503699997638616,0.3092348575592041,"{""0"": 16, ""1"": 16, ""2"": 16, ""3"": 16, ""4"": 16, ""5"": 16, ""6"": 16, ""7"": 16, ""8"": 16, ""9"": 16, ""10"": 16, ""11"": 16, ""12"": 16, ""13"": 16}",cached_parquet_balanced_pool,linear_probabilistic,
dbpedia_14,16,0.0,class_conditional,softmax_logreg,202,224,2800,14,0.0,0.8478571428571429,0.8446596875707114,0.26915979385375977,"{""0"": 16, ""1"": 16, ""2"": 16, ""3"": 16, ""4"": 16, ""5"": 16, ""6"": 16, ""7"": 16, ""8"": 16, ""9"": 16, ""10"": 16, ""11"": 16, ""12"": 16, ""13"": 16}",cached_parquet_balanced_pool,linear_probabilistic,
dbpedia_14,16,0.0,class_conditional,softmax_logreg,303,224,2800,14,0.0,0.8435714285714285,0.8390698785735534,0.21092939376831055,"{""0"": 16, ""1"": 16, ""2"": 16, ""3"": 16, ""4"": 16, ""5"": 16, ""6"": 16, ""7"": 16, ""8"": 16, ""9"": 16, ""10"": 16, ""11"": 16, ""12"": 16, ""13"": 16}",cached_parquet_balanced_pool,linear_probabilistic,
dbpedia_14,16,0.0,class_conditional,softmax_logreg,404,224,2800,14,0.0,0.8332142857142857,0.826144300992083,0.2092571258544922,"{""0"": 16, ""1"": 16, ""2"": 16, ""3"": 16, ""4"": 16, ""5"": 16, ""6"": 16, ""7"": 16, ""8"": 16, ""9"": 16, ""10"": 16, ""11"": 16, ""12"": 16, ""13"": 16}",cached_parquet_balanced_pool,linear_probabilistic,
dbpedia_14,16,0.0,class_conditional,softmax_logreg,505,224,2800,14,0.0,0.835,0.8308987500323687,0.2135162353515625,"{""0"": 16, ""1"": 16, ""2"": 16, ""3"": 16, ""4"": 16, ""5"": 16, ""6"": 16, ""7"": 16, ""8"": 16, ""9"": 16, ""10"": 16, ""11"": 16, ""12"": 16, ""13"": 16}",cached_parquet_balanced_pool,linear_probabilistic,
dbpedia_14,16,0.0,class_conditional,trimmed_softmax_logreg,101,224,2800,14,0.0,0.6625,0.615031555772046,0.30374741554260254,"{""0"": 16, ""1"": 16, ""2"": 16, ""3"": 16, ""4"": 16, ""5"": 16, ""6"": 16, ""7"": 16, ""8"": 16, ""9"": 16, ""10"": 16, ""11"": 16, ""12"": 16, ""13"": 16}",cached_parquet_balanced_pool,bounded_robust_variant,kept_fraction=0.7991
dbpedia_14,16,0.0,class_conditional,trimmed_softmax_logreg,202,224,2800,14,0.0,0.665,0.6116058864039583,0.23581957817077637,"{""0"": 16, ""1"": 16, ""2"": 16, ""3"": 16, ""4"": 16, ""5"": 16, ""6"": 16, ""7"": 16, ""8"": 16, ""9"": 16, ""10"": 16, ""11"": 16, ""12"": 16, ""13"": 16}",cached_parquet_balanced_pool,bounded_robust_variant,kept_fraction=0.7991
dbpedia_14,16,0.0,class_conditional,trimmed_softmax_logreg,303,224,2800,14,0.0,0.67,0.6105820837592405,0.3475532531738281,"{""0"": 16, ""1"": 16, ""2"": 16, ""3"": 16, ""4"": 16, ""5"": 16, ""6"": 16, ""7"": 16, ""8"": 16, ""9"": 16, ""10"": 16, ""11"": 16, ""12"": 16, ""13"": 16}",cached_parquet_balanced_pool,bounded_robust_variant,kept_fraction=0.7991
dbpedia_14,16,0.0,class_conditional,trimmed_softmax_logreg,404,224,2800,14,0.0,0.6625,0.6010320042235034,0.315187931060791,"{""0"": 16, ""1"": 16, ""2"": 16, ""3"": 16, ""4"": 16, ""5"": 16, ""6"": 16, ""7"": 16, ""8"": 16, ""9"": 16, ""10"": 16, ""11"": 16, ""12"": 16, ""13"": 16}",cached_parquet_balanced_pool,bounded_robust_variant,kept_fraction=0.7991
dbpedia_14,16,0.0,class_conditional,trimmed_softmax_logreg,505,224,2800,14,0.0,0.6414285714285715,0.5857162533214909,0.3238496780395508,"{""0"": 16, ""1"": 16, ""2"": 16, ""3"": 16, ""4"": 16, ""5"": 16, ""6"": 16, ""7"": 16, ""8"": 16, ""9"": 16, ""10"": 16, ""11"": 16, ""12"": 16, ""13"": 16}",cached_parquet_balanced_pool,bounded_robust_variant,kept_fraction=0.7991
dbpedia_14,16,0.0,symmetric,linear_svm_hinge,101,224,2800,14,0.0,0.7417857142857143,0.7243432212294582,0.44609761238098145,"{""0"": 16, ""1"": 16, ""2"": 16, ""3"": 16, ""4"": 16, ""5"": 16, ""6"": 16, ""7"": 16, ""8"": 16, ""9"": 16, ""10"": 16, ""11"": 16, ""12"": 16, ""13"": 16}",cached_parquet_balanced_pool,linear_margin,
dbpedia_14,16,0.0,symmetric,linear_svm_hinge,202,224,2800,14,0.0,0.7657142857142857,0.7548782760172426,0.46412134170532227,"{""0"": 16, ""1"": 16, ""2"": 16, ""3"": 16, ""4"": 16, ""5"": 16, ""6"": 16, ""7"": 16, ""8"": 16, ""9"": 16, ""10"": 16, ""11"": 16, ""12"": 16, ""13"": 16}",cached_parquet_balanced_pool,linear_margin,
dbpedia_14,16,0.0,symmetric,linear_svm_hinge,303,224,2800,14,0.0,0.7564285714285715,0.7298944211908648,0.4863893985748291,"{""0"": 16, ""1"": 16, ""2"": 16, ""3"": 16, ""4"": 16, ""5"": 16, ""6"": 16, ""7"": 16, ""8"": 16, ""9"": 16, ""10"": 16, ""11"": 16, ""12"": 16, ""13"": 16}",cached_parquet_balanced_pool,linear_margin,
dbpedia_14,16,0.0,symmetric,linear_svm_hinge,404,224,2800,14,0.0,0.7328571428571429,0.7051045259090503,0.5091984272003174,"{""0"": 16, ""1"": 16, ""2"": 16, ""3"": 16, ""4"": 16, ""5"": 16, ""6"": 16, ""7"": 16, ""8"": 16, ""9"": 16, ""10"": 16, ""11"": 16, ""12"": 16, ""13"": 16}",cached_parquet_balanced_pool,linear_margin,
dbpedia_14,16,0.0,symmetric,linear_svm_hinge,505,224,2800,14,0.0,0.6978571428571428,0.6601050529240073,0.47652435302734375,"{""0"": 16, ""1"": 16, ""2"": 16, ""3"": 16, ""4"": 16, ""5"": 16, ""6"": 16, ""7"": 16, ""8"": 16, ""9"": 16, ""10"": 16, ""11"": 16, ""12"": 16, ""13"": 16}",cached_parquet_balanced_pool,linear_margin,
dbpedia_14,16,0.0,symmetric,multinomial_nb,101,224,2800,14,0.0,0.8346428571428571,0.8318907362520914,0.09310340881347656,"{""0"": 16, ""1"": 16, ""2"": 16, ""3"": 16, ""4"": 16, ""5"": 16, ""6"": 16, ""7"": 16, ""8"": 16, ""9"": 16, ""10"": 16, ""11"": 16, ""12"": 16, ""13"": 16}",cached_parquet_balanced_pool,generative_nb,
dbpedia_14,16,0.0,symmetric,multinomial_nb,202,224,2800,14,0.0,0.84,0.8376978538228441,0.09624338150024414,"{""0"": 16, ""1"": 16, ""2"": 16, ""3"": 16, ""4"": 16, ""5"": 16, ""6"": 16, ""7"": 16, ""8"": 16, ""9"": 16, ""10"": 16, ""11"": 16, ""12"": 16, ""13"": 16}",cached_parquet_balanced_pool,generative_nb,
dbpedia_14,16,0.0,symmetric,multinomial_nb,303,224,2800,14,0.0,0.8457142857142858,0.8418371509736354,0.09671425819396973,"{""0"": 16, ""1"": 16, ""2"": 16, ""3"": 16, ""4"": 16, ""5"": 16, ""6"": 16, ""7"": 16, ""8"": 16, ""9"": 16, ""10"": 16, ""11"": 16, ""12"": 16, ""13"": 16}",cached_parquet_balanced_pool,generative_nb,
dbpedia_14,16,0.0,symmetric,multinomial_nb,404,224,2800,14,0.0,0.81,0.8030417482094486,0.09267139434814453,"{""0"": 16, ""1"": 16, ""2"": 16, ""3"": 16, ""4"": 16, ""5"": 16, ""6"": 16, ""7"": 16, ""8"": 16, ""9"": 16, ""10"": 16, ""11"": 16, ""12"": 16, ""13"": 16}",cached_parquet_balanced_pool,generative_nb,
dbpedia_14,16,0.0,symmetric,multinomial_nb,505,224,2800,14,0.0,0.8407142857142857,0.8375483977658841,0.10053157806396484,"{""0"": 16, ""1"": 16, ""2"": 16, ""3"": 16, ""4"": 16, ""5"": 16, ""6"": 16, ""7"": 16, ""8"": 16, ""9"": 16, ""10"": 16, ""11"": 16, ""12"": 16, ""13"": 16}",cached_parquet_balanced_pool,generative_nb,
dbpedia_14,16,0.0,symmetric,softmax_logreg,101,224,2800,14,0.0,0.8525,0.8503699997638616,0.2759361267089844,"{""0"": 16, ""1"": 16, ""2"": 16, ""3"": 16, ""4"": 16, ""5"": 16, ""6"": 16, ""7"": 16, ""8"": 16, ""9"": 16, ""10"": 16, ""11"": 16, ""12"": 16, ""13"": 16}",cached_parquet_balanced_pool,linear_probabilistic,
dbpedia_14,16,0.0,symmetric,softmax_logreg,202,224,2800,14,0.0,0.8478571428571429,0.8446596875707114,0.21380400657653809,"{""0"": 16, ""1"": 16, ""2"": 16, ""3"": 16, ""4"": 16, ""5"": 16, ""6"": 16, ""7"": 16, ""8"": 16, ""9"": 16, ""10"": 16, ""11"": 16, ""12"": 16, ""13"": 16}",cached_parquet_balanced_pool,linear_probabilistic,
dbpedia_14,16,0.0,symmetric,softmax_logreg,303,224,2800,14,0.0,0.8435714285714285,0.8390698785735534,0.21329641342163086,"{""0"": 16, ""1"": 16, ""2"": 16, ""3"": 16, ""4"": 16, ""5"": 16, ""6"": 16, ""7"": 16, ""8"": 16, ""9"": 16, ""10"": 16, ""11"": 16, ""12"": 16, ""13"": 16}",cached_parquet_balanced_pool,linear_probabilistic,
dbpedia_14,16,0.0,symmetric,softmax_logreg,404,224,2800,14,0.0,0.8332142857142857,0.826144300992083,0.2943601608276367,"{""0"": 16, ""1"": 16, ""2"": 16, ""3"": 16, ""4"": 16, ""5"": 16, ""6"": 16, ""7"": 16, ""8"": 16, ""9"": 16, ""10"": 16, ""11"": 16, ""12"": 16, ""13"": 16}",cached_parquet_balanced_pool,linear_probabilistic,
dbpedia_14,16,0.0,symmetric,softmax_logreg,505,224,2800,14,0.0,0.835,0.8308987500323687,0.2813091278076172,"{""0"": 16, ""1"": 16, ""2"": 16, ""3"": 16, ""4"": 16, ""5"": 16, ""6"": 16, ""7"": 16, ""8"": 16, ""9"": 16, ""10"": 16, ""11"": 16, ""12"": 16, ""13"": 16}",cached_parquet_balanced_pool,linear_probabilistic,
dbpedia_14,16,0.0,symmetric,trimmed_softmax_logreg,101,224,2800,14,0.0,0.6625,0.615031555772046,0.26096200942993164,"{""0"": 16, ""1"": 16, ""2"": 16, ""3"": 16, ""4"": 16, ""5"": 16, ""6"": 16, ""7"": 16, ""8"": 16, ""9"": 16, ""10"": 16, ""11"": 16, ""12"": 16, ""13"": 16}",cached_parquet_balanced_pool,bounded_robust_variant,kept_fraction=0.7991
dbpedia_14,16,0.0,symmetric,trimmed_softmax_logreg,202,224,2800,14,0.0,0.665,0.6116058864039583,0.23878908157348633,"{""0"": 16, ""1"": 16, ""2"": 16, ""3"": 16, ""4"": 16, ""5"": 16, ""6"": 16, ""7"": 16, ""8"": 16, ""9"": 16, ""10"": 16, ""11"": 16, ""12"": 16, ""13"": 16}",cached_parquet_balanced_pool,bounded_robust_variant,kept_fraction=0.7991
dbpedia_14,16,0.0,symmetric,trimmed_softmax_logreg,303,224,2800,14,0.0,0.67,0.6105820837592405,0.3017723560333252,"{""0"": 16, ""1"": 16, ""2"": 16, ""3"": 16, ""4"": 16, ""5"": 16, ""6"": 16, ""7"": 16, ""8"": 16, ""9"": 16, ""10"": 16, ""11"": 16, ""12"": 16, ""13"": 16}",cached_parquet_balanced_pool,bounded_robust_variant,kept_fraction=0.7991
dbpedia_14,16,0.0,symmetric,trimmed_softmax_logreg,404,224,2800,14,0.0,0.6625,0.6010320042235034,0.23689031600952148,"{""0"": 16, ""1"": 16, ""2"": 16, ""3"": 16, ""4"": 16, ""5"": 16, ""6"": 16, ""7"": 16, ""8"": 16, ""9"": 16, ""10"": 16, ""11"": 16, ""12"": 16, ""13"": 16}",cached_parquet_balanced_pool,bounded_robust_variant,kept_fraction=0.7991
dbpedia_14,16,0.0,symmetric,trimmed_softmax_logreg,505,224,2800,14,0.0,0.6414285714285715,0.5857162533214909,0.33655405044555664,"{""0"": 16, ""1"": 16, ""2"": 16, ""3"": 16, ""4"": 16, ""5"": 16, ""6"": 16, ""7"": 16, ""8"": 16, ""9"": 16, ""10"": 16, ""11"": 16, ""12"": 16, ""13"": 16}",cached_parquet_balanced_pool,bounded_robust_variant,kept_fraction=0.7991
dbpedia_14,16,0.05,class_conditional,linear_svm_hinge,101,224,2800,14,0.05357142857142857,0.7428571428571429,0.7208258443361146,3.4452528953552246,"{""0"": 16, ""1"": 16, ""2"": 16, ""3"": 16, ""4"": 16, ""5"": 16, ""6"": 16, ""7"": 16, ""8"": 16, ""9"": 16, ""10"": 16, ""11"": 16, ""12"": 16, ""13"": 16}",cached_parquet_balanced_pool,linear_margin,
dbpedia_14,16,0.05,class_conditional,linear_svm_hinge,202,224,2800,14,0.03571428571428571,0.7257142857142858,0.687886275714639,0.49490976333618164,"{""0"": 16, ""1"": 16, ""2"": 16, ""3"": 16, ""4"": 16, ""5"": 16, ""6"": 16, ""7"": 16, ""8"": 16, ""9"": 16, ""10"": 16, ""11"": 16, ""12"": 16, ""13"": 16}",cached_parquet_balanced_pool,linear_margin,
dbpedia_14,16,0.05,class_conditional,linear_svm_hinge,303,224,2800,14,0.026785714285714284,0.7760714285714285,0.7605431760768223,0.4520092010498047,"{""0"": 16, ""1"": 16, ""2"": 16, ""3"": 16, ""4"": 16, ""5"": 16, ""6"": 16, ""7"": 16, ""8"": 16, ""9"": 16, ""10"": 16, ""11"": 16, ""12"": 16, ""13"": 16}",cached_parquet_balanced_pool,linear_margin,
dbpedia_14,16,0.05,class_conditional,linear_svm_hinge,404,224,2800,14,0.07589285714285714,0.6385714285714286,0.6001963541943532,0.48743367195129395,"{""0"": 16, ""1"": 16, ""2"": 16, ""3"": 16, ""4"": 16, ""5"": 16, ""6"": 16, ""7"": 16, ""8"": 16, ""9"": 16, ""10"": 16, ""11"": 16, ""12"": 16, ""13"": 16}",cached_parquet_balanced_pool,linear_margin,
dbpedia_14,16,0.05,class_conditional,linear_svm_hinge,505,224,2800,14,0.022321428571428572,0.6567857142857143,0.617647787286044,0.5286667346954346,"{""0"": 16, ""1"": 16, ""2"": 16, ""3"": 16, ""4"": 16, ""5"": 16, ""6"": 16, ""7"": 16, ""8"": 16, ""9"": 16, ""10"": 16, ""11"": 16, ""12"": 16, ""13"": 16}",cached_parquet_balanced_pool,linear_margin,
dbpedia_14,16,0.05,class_conditional,multinomial_nb,101,224,2800,14,0.05357142857142857,0.81,0.8066424977125248,0.09114217758178711,"{""0"": 16, ""1"": 16, ""2"": 16, ""3"": 16, ""4"": 16, ""5"": 16, ""6"": 16, ""7"": 16, ""8"": 16, ""9"": 16, ""10"": 16, ""11"": 16, ""12"": 16, ""13"": 16}",cached_parquet_balanced_pool,generative_nb,
dbpedia_14,16,0.05,class_conditional,multinomial_nb,202,224,2800,14,0.03571428571428571,0.8414285714285714,0.8384201544724627,0.09061551094055176,"{""0"": 16, ""1"": 16, ""2"": 16, ""3"": 16, ""4"": 16, ""5"": 16, ""6"": 16, ""7"": 16, ""8"": 16, ""9"": 16, ""10"": 16, ""11"": 16, ""12"": 16, ""13"": 16}",cached_parquet_balanced_pool,generative_nb,
dbpedia_14,16,0.05,class_conditional,multinomial_nb,303,224,2800,14,0.026785714285714284,0.8246428571428571,0.8176190967223748,0.10004806518554688,"{""0"": 16, ""1"": 16, ""2"": 16, ""3"": 16, ""4"": 16, ""5"": 16, ""6"": 16, ""7"": 16, ""8"": 16, ""9"": 16, ""10"": 16, ""11"": 16, ""12"": 16, ""13"": 16}",cached_parquet_balanced_pool,generative_nb,
dbpedia_14,16,0.05,class_conditional,multinomial_nb,404,224,2800,14,0.07589285714285714,0.7285714285714285,0.7225554971316387,0.09287333488464355,"{""0"": 16, ""1"": 16, ""2"": 16, ""3"": 16, ""4"": 16, ""5"": 16, ""6"": 16, ""7"": 16, ""8"": 16, ""9"": 16, ""10"": 16, ""11"": 16, ""12"": 16, ""13"": 16}",cached_parquet_balanced_pool,generative_nb,
dbpedia_14,16,0.05,class_conditional,multinomial_nb,505,224,2800,14,0.022321428571428572,0.8267857142857142,0.8243272518950764,0.09536242485046387,"{""0"": 16, ""1"": 16, ""2"": 16, ""3"": 16, ""4"": 16, ""5"": 16, ""6"": 16, ""7"": 16, ""8"": 16, ""9"": 16, ""10"": 16, ""11"": 16, ""12"": 16, ""13"": 16}",cached_parquet_balanced_pool,generative_nb,
dbpedia_14,16,0.05,class_conditional,softmax_logreg,101,224,2800,14,0.05357142857142857,0.79,0.7879399991987428,0.30091238021850586,"{""0"": 16, ""1"": 16, ""2"": 16, ""3"": 16, ""4"": 16, ""5"": 16, ""6"": 16, ""7"": 16, ""8"": 16, ""9"": 16, ""10"": 16, ""11"": 16, ""12"": 16, ""13"": 16}",cached_parquet_balanced_pool,linear_probabilistic,
dbpedia_14,16,0.05,class_conditional,softmax_logreg,202,224,2800,14,0.03571428571428571,0.8314285714285714,0.8256397103778934,0.31093740463256836,"{""0"": 16, ""1"": 16, ""2"": 16, ""3"": 16, ""4"": 16, ""5"": 16, ""6"": 16, ""7"": 16, ""8"": 16, ""9"": 16, ""10"": 16, ""11"": 16, ""12"": 16, ""13"": 16}",cached_parquet_balanced_pool,linear_probabilistic,
dbpedia_14,16,0.05,class_conditional,softmax_logreg,303,224,2800,14,0.026785714285714284,0.8117857142857143,0.7993860689811478,0.19984173774719238,"{""0"": 16, ""1"": 16, ""2"": 16, ""3"": 16, ""4"": 16, ""5"": 16, ""6"": 16, ""7"": 16, ""8"": 16, ""9"": 16, ""10"": 16, ""11"": 16, ""12"": 16, ""13"": 16}",cached_parquet_balanced_pool,linear_probabilistic,
dbpedia_14,16,0.05,class_conditional,softmax_logreg,404,224,2800,14,0.07589285714285714,0.6289285714285714,0.6024445663793114,0.3177061080932617,"{""0"": 16, ""1"": 16, ""2"": 16, ""3"": 16, ""4"": 16, ""5"": 16, ""6"": 16, ""7"": 16, ""8"": 16, ""9"": 16, ""10"": 16, ""11"": 16, ""12"": 16, ""13"": 16}",cached_parquet_balanced_pool,linear_probabilistic,
dbpedia_14,16,0.05,class_conditional,softmax_logreg,505,224,2800,14,0.022321428571428572,0.8171428571428572,0.8146534163118154,0.1949305534362793,"{""0"": 16, ""1"": 16, ""2"": 16, ""3"": 16, ""4"": 16, ""5"": 16, ""6"": 16, ""7"": 16, ""8"": 16, ""9"": 16, ""10"": 16, ""11"": 16, ""12"": 16, ""13"": 16}",cached_parquet_balanced_pool,linear_probabilistic,
dbpedia_14,16,0.05,class_conditional,trimmed_softmax_logreg,101,224,2800,14,0.05357142857142857,0.6153571428571428,0.5633055759738138,0.2554922103881836,"{""0"": 16, ""1"": 16, ""2"": 16, ""3"": 16, ""4"": 16, ""5"": 16, ""6"": 16, ""7"": 16, ""8"": 16, ""9"": 16, ""10"": 16, ""11"": 16, ""12"": 16, ""13"": 16}",cached_parquet_balanced_pool,bounded_robust_variant,kept_fraction=0.8036
dbpedia_14,16,0.05,class_conditional,trimmed_softmax_logreg,202,224,2800,14,0.03571428571428571,0.6282142857142857,0.5729977780723493,0.23550081253051758,"{""0"": 16, ""1"": 16, ""2"": 16, ""3"": 16, ""4"": 16, ""5"": 16, ""6"": 16, ""7"": 16, ""8"": 16, ""9"": 16, ""10"": 16, ""11"": 16, ""12"": 16, ""13"": 16}",cached_parquet_balanced_pool,bounded_robust_variant,kept_fraction=0.7991
dbpedia_14,16,0.05,class_conditional,trimmed_softmax_logreg,303,224,2800,14,0.026785714285714284,0.6728571428571428,0.6240453435293251,0.2819194793701172,"{""0"": 16, ""1"": 16, ""2"": 16, ""3"": 16, ""4"": 16, ""5"": 16, ""6"": 16, ""7"": 16, ""8"": 16, ""9"": 16, ""10"": 16, ""11"": 16, ""12"": 16, ""13"": 16}",cached_parquet_balanced_pool,bounded_robust_variant,kept_fraction=0.8036
dbpedia_14,16,0.05,class_conditional,trimmed_softmax_logreg,404,224,2800,14,0.07589285714285714,0.5692857142857143,0.4995012376625617,0.3112905025482178,"{""0"": 16, ""1"": 16, ""2"": 16, ""3"": 16, ""4"": 16, ""5"": 16, ""6"": 16, ""7"": 16, ""8"": 16, ""9"": 16, ""10"": 16, ""11"": 16, ""12"": 16, ""13"": 16}",cached_parquet_balanced_pool,bounded_robust_variant,kept_fraction=0.8125
dbpedia_14,16,0.05,class_conditional,trimmed_softmax_logreg,505,224,2800,14,0.022321428571428572,0.6553571428571429,0.6036811954959009,0.2588181495666504,"{""0"": 16, ""1"": 16, ""2"": 16, ""3"": 16, ""4"": 16, ""5"": 16, ""6"": 16, ""7"": 16, ""8"": 16, ""9"": 16, ""10"": 16, ""11"": 16, ""12"": 16, ""13"": 16}",cached_parquet_balanced_pool,bounded_robust_variant,kept_fraction=0.7991
dbpedia_14,16,0.05,symmetric,linear_svm_hinge,101,224,2800,14,0.05357142857142857,0.7039285714285715,0.6941963166682749,0.4581429958343506,"{""0"": 16, ""1"": 16, ""2"": 16, ""3"": 16, ""4"": 16, ""5"": 16, ""6"": 16, ""7"": 16, ""8"": 16, ""9"": 16, ""10"": 16, ""11"": 16, ""12"": 16, ""13"": 16}",cached_parquet_balanced_pool,linear_margin,
dbpedia_14,16,0.05,symmetric,linear_svm_hinge,202,224,2800,14,0.05803571428571429,0.7710714285714285,0.7595880826918522,0.5554335117340088,"{""0"": 16, ""1"": 16, ""2"": 16, ""3"": 16, ""4"": 16, ""5"": 16, ""6"": 16, ""7"": 16, ""8"": 16, ""9"": 16, ""10"": 16, ""11"": 16, ""12"": 16, ""13"": 16}",cached_parquet_balanced_pool,linear_margin,
dbpedia_14,16,0.05,symmetric,linear_svm_hinge,303,224,2800,14,0.044642857142857144,0.7778571428571428,0.7697669935222432,0.5196981430053711,"{""0"": 16, ""1"": 16, ""2"": 16, ""3"": 16, ""4"": 16, ""5"": 16, ""6"": 16, ""7"": 16, ""8"": 16, ""9"": 16, ""10"": 16, ""11"": 16, ""12"": 16, ""13"": 16}",cached_parquet_balanced_pool,linear_margin,
dbpedia_14,16,0.05,symmetric,linear_svm_hinge,404,224,2800,14,0.05357142857142857,0.7117857142857142,0.7050010717857952,0.4410245418548584,"{""0"": 16, ""1"": 16, ""2"": 16, ""3"": 16, ""4"": 16, ""5"": 16, ""6"": 16, ""7"": 16, ""8"": 16, ""9"": 16, ""10"": 16, ""11"": 16, ""12"": 16, ""13"": 16}",cached_parquet_balanced_pool,linear_margin,
dbpedia_14,16,0.05,symmetric,linear_svm_hinge,505,224,2800,14,0.044642857142857144,0.7675,0.7607995761155022,0.49880099296569824,"{""0"": 16, ""1"": 16, ""2"": 16, ""3"": 16, ""4"": 16, ""5"": 16, ""6"": 16, ""7"": 16, ""8"": 16, ""9"": 16, ""10"": 16, ""11"": 16, ""12"": 16, ""13"": 16}",cached_parquet_balanced_pool,linear_margin,
dbpedia_14,16,0.05,symmetric,multinomial_nb,101,224,2800,14,0.05357142857142857,0.8253571428571429,0.8231739425435078,0.09139585494995117,"{""0"": 16, ""1"": 16, ""2"": 16, ""3"": 16, ""4"": 16, ""5"": 16, ""6"": 16, ""7"": 16, ""8"": 16, ""9"": 16, ""10"": 16, ""11"": 16, ""12"": 16, ""13"": 16}",cached_parquet_balanced_pool,generative_nb,
dbpedia_14,16,0.05,symmetric,multinomial_nb,202,224,2800,14,0.05803571428571429,0.8235714285714286,0.8213889660884448,0.09645199775695801,"{""0"": 16, ""1"": 16, ""2"": 16, ""3"": 16, ""4"": 16, ""5"": 16, ""6"": 16, ""7"": 16, ""8"": 16, ""9"": 16, ""10"": 16, ""11"": 16, ""12"": 16, ""13"": 16}",cached_parquet_balanced_pool,generative_nb,
dbpedia_14,16,0.05,symmetric,multinomial_nb,303,224,2800,14,0.044642857142857144,0.8314285714285714,0.8268673025468016,0.09255480766296387,"{""0"": 16, ""1"": 16, ""2"": 16, ""3"": 16, ""4"": 16, ""5"": 16, ""6"": 16, ""7"": 16, ""8"": 16, ""9"": 16, ""10"": 16, ""11"": 16, ""12"": 16, ""13"": 16}",cached_parquet_balanced_pool,generative_nb,
dbpedia_14,16,0.05,symmetric,multinomial_nb,404,224,2800,14,0.05357142857142857,0.8,0.7917931673426984,0.09106111526489258,"{""0"": 16, ""1"": 16, ""2"": 16, ""3"": 16, ""4"": 16, ""5"": 16, ""6"": 16, ""7"": 16, ""8"": 16, ""9"": 16, ""10"": 16, ""11"": 16, ""12"": 16, ""13"": 16}",cached_parquet_balanced_pool,generative_nb,
dbpedia_14,16,0.05,symmetric,multinomial_nb,505,224,2800,14,0.044642857142857144,0.8232142857142857,0.8247324577171732,0.0960087776184082,"{""0"": 16, ""1"": 16, ""2"": 16, ""3"": 16, ""4"": 16, ""5"": 16, ""6"": 16, ""7"": 16, ""8"": 16, ""9"": 16, ""10"": 16, ""11"": 16, ""12"": 16, ""13"": 16}",cached_parquet_balanced_pool,generative_nb,
dbpedia_14,16,0.05,symmetric,softmax_logreg,101,224,2800,14,0.05357142857142857,0.8107142857142857,0.8080427231895433,0.33646631240844727,"{""0"": 16, ""1"": 16, ""2"": 16, ""3"": 16, ""4"": 16, ""5"": 16, ""6"": 16, ""7"": 16, ""8"": 16, ""9"": 16, ""10"": 16, ""11"": 16, ""12"": 16, ""13"": 16}",cached_parquet_balanced_pool,linear_probabilistic,
dbpedia_14,16,0.05,symmetric,softmax_logreg,202,224,2800,14,0.05803571428571429,0.8071428571428572,0.807046781439171,0.22053766250610352,"{""0"": 16, ""1"": 16, ""2"": 16, ""3"": 16, ""4"": 16, ""5"": 16, ""6"": 16, ""7"": 16, ""8"": 16, ""9"": 16, ""10"": 16, ""11"": 16, ""12"": 16, ""13"": 16}",cached_parquet_balanced_pool,linear_probabilistic,
dbpedia_14,16,0.05,symmetric,softmax_logreg,303,224,2800,14,0.044642857142857144,0.7921428571428571,0.7904862619217028,0.23042702674865723,"{""0"": 16, ""1"": 16, ""2"": 16, ""3"": 16, ""4"": 16, ""5"": 16, ""6"": 16, ""7"": 16, ""8"": 16, ""9"": 16, ""10"": 16, ""11"": 16, ""12"": 16, ""13"": 16}",cached_parquet_balanced_pool,linear_probabilistic,
dbpedia_14,16,0.05,symmetric,softmax_logreg,404,224,2800,14,0.05357142857142857,0.8057142857142857,0.7944609110778117,0.27219414710998535,"{""0"": 16, ""1"": 16, ""2"": 16, ""3"": 16, ""4"": 16, ""5"": 16, ""6"": 16, ""7"": 16, ""8"": 16, ""9"": 16, ""10"": 16, ""11"": 16, ""12"": 16, ""13"": 16}",cached_parquet_balanced_pool,linear_probabilistic,
dbpedia_14,16,0.05,symmetric,softmax_logreg,505,224,2800,14,0.044642857142857144,0.8014285714285714,0.8090242175753323,0.21502900123596191,"{""0"": 16, ""1"": 16, ""2"": 16, ""3"": 16, ""4"": 16, ""5"": 16, ""6"": 16, ""7"": 16, ""8"": 16, ""9"": 16, ""10"": 16, ""11"": 16, ""12"": 16, ""13"": 16}",cached_parquet_balanced_pool,linear_probabilistic,
dbpedia_14,16,0.05,symmetric,trimmed_softmax_logreg,101,224,2800,14,0.05357142857142857,0.68,0.6402075380190322,0.22579336166381836,"{""0"": 16, ""1"": 16, ""2"": 16, ""3"": 16, ""4"": 16, ""5"": 16, ""6"": 16, ""7"": 16, ""8"": 16, ""9"": 16, ""10"": 16, ""11"": 16, ""12"": 16, ""13"": 16}",cached_parquet_balanced_pool,bounded_robust_variant,kept_fraction=0.7991
dbpedia_14,16,0.05,symmetric,trimmed_softmax_logreg,202,224,2800,14,0.05803571428571429,0.6785714285714286,0.6529649550948057,0.2800009250640869,"{""0"": 16, ""1"": 16, ""2"": 16, ""3"": 16, ""4"": 16, ""5"": 16, ""6"": 16, ""7"": 16, ""8"": 16, ""9"": 16, ""10"": 16, ""11"": 16, ""12"": 16, ""13"": 16}",cached_parquet_balanced_pool,bounded_robust_variant,kept_fraction=0.7991
dbpedia_14,16,0.05,symmetric,trimmed_softmax_logreg,303,224,2800,14,0.044642857142857144,0.6160714285714286,0.5588322575649574,0.3675858974456787,"{""0"": 16, ""1"": 16, ""2"": 16, ""3"": 16, ""4"": 16, ""5"": 16, ""6"": 16, ""7"": 16, ""8"": 16, ""9"": 16, ""10"": 16, ""11"": 16, ""12"": 16, ""13"": 16}",cached_parquet_balanced_pool,bounded_robust_variant,kept_fraction=0.7991
dbpedia_14,16,0.05,symmetric,trimmed_softmax_logreg,404,224,2800,14,0.05357142857142857,0.6632142857142858,0.6019252614980212,0.24642062187194824,"{""0"": 16, ""1"": 16, ""2"": 16, ""3"": 16, ""4"": 16, ""5"": 16, ""6"": 16, ""7"": 16, ""8"": 16, ""9"": 16, ""10"": 16, ""11"": 16, ""12"": 16, ""13"": 16}",cached_parquet_balanced_pool,bounded_robust_variant,kept_fraction=0.7991
dbpedia_14,16,0.05,symmetric,trimmed_softmax_logreg,505,224,2800,14,0.044642857142857144,0.6132142857142857,0.5836222402485836,0.23256897926330566,"{""0"": 16, ""1"": 16, ""2"": 16, ""3"": 16, ""4"": 16, ""5"": 16, ""6"": 16, ""7"": 16, ""8"": 16, ""9"": 16, ""10"": 16, ""11"": 16, ""12"": 16, ""13"": 16}",cached_parquet_balanced_pool,bounded_robust_variant,kept_fraction=0.7991
dbpedia_14,16,0.1,class_conditional,linear_svm_hinge,101,224,2800,14,0.11607142857142858,0.7217857142857143,0.6988162856487442,0.4980659484863281,"{""0"": 16, ""1"": 16, ""2"": 16, ""3"": 16, ""4"": 16, ""5"": 16, ""6"": 16, ""7"": 16, ""8"": 16, ""9"": 16, ""10"": 16, ""11"": 16, ""12"": 16, ""13"": 16}",cached_parquet_balanced_pool,linear_margin,
dbpedia_14,16,0.1,class_conditional,linear_svm_hinge,202,224,2800,14,0.07142857142857142,0.6346428571428572,0.5957602493083519,0.48819661140441895,"{""0"": 16, ""1"": 16, ""2"": 16, ""3"": 16, ""4"": 16, ""5"": 16, ""6"": 16, ""7"": 16, ""8"": 16, ""9"": 16, ""10"": 16, ""11"": 16, ""12"": 16, ""13"": 16}",cached_parquet_balanced_pool,linear_margin,
dbpedia_14,16,0.1,class_conditional,linear_svm_hinge,303,224,2800,14,0.09821428571428571,0.6642857142857143,0.6183002927047907,0.4971754550933838,"{""0"": 16, ""1"": 16, ""2"": 16, ""3"": 16, ""4"": 16, ""5"": 16, ""6"": 16, ""7"": 16, ""8"": 16, ""9"": 16, ""10"": 16, ""11"": 16, ""12"": 16, ""13"": 16}",cached_parquet_balanced_pool,linear_margin,
dbpedia_14,16,0.1,class_conditional,linear_svm_hinge,404,224,2800,14,0.12946428571428573,0.6567857142857143,0.6222327702428408,0.5016965866088867,"{""0"": 16, ""1"": 16, ""2"": 16, ""3"": 16, ""4"": 16, ""5"": 16, ""6"": 16, ""7"": 16, ""8"": 16, ""9"": 16, ""10"": 16, ""11"": 16, ""12"": 16, ""13"": 16}",cached_parquet_balanced_pool,linear_margin,
dbpedia_14,16,0.1,class_conditional,linear_svm_hinge,505,224,2800,14,0.07142857142857142,0.6817857142857143,0.6270648360277518,0.5081939697265625,"{""0"": 16, ""1"": 16, ""2"": 16, ""3"": 16, ""4"": 16, ""5"": 16, ""6"": 16, ""7"": 16, ""8"": 16, ""9"": 16, ""10"": 16, ""11"": 16, ""12"": 16, ""13"": 16}",cached_parquet_balanced_pool,linear_margin,
dbpedia_14,16,0.1,class_conditional,multinomial_nb,101,224,2800,14,0.11607142857142858,0.7628571428571429,0.7559935681457016,0.09785127639770508,"{""0"": 16, ""1"": 16, ""2"": 16, ""3"": 16, ""4"": 16, ""5"": 16, ""6"": 16, ""7"": 16, ""8"": 16, ""9"": 16, ""10"": 16, ""11"": 16, ""12"": 16, ""13"": 16}",cached_parquet_balanced_pool,generative_nb,
dbpedia_14,16,0.1,class_conditional,multinomial_nb,202,224,2800,14,0.07142857142857142,0.82,0.8144990091559424,0.0976865291595459,"{""0"": 16, ""1"": 16, ""2"": 16, ""3"": 16, ""4"": 16, ""5"": 16, ""6"": 16, ""7"": 16, ""8"": 16, ""9"": 16, ""10"": 16, ""11"": 16, ""12"": 16, ""13"": 16}",cached_parquet_balanced_pool,generative_nb,
dbpedia_14,16,0.1,class_conditional,multinomial_nb,303,224,2800,14,0.09821428571428571,0.7442857142857143,0.7259063204404841,0.09565329551696777,"{""0"": 16, ""1"": 16, ""2"": 16, ""3"": 16, ""4"": 16, ""5"": 16, ""6"": 16, ""7"": 16, ""8"": 16, ""9"": 16, ""10"": 16, ""11"": 16, ""12"": 16, ""13"": 16}",cached_parquet_balanced_pool,generative_nb,
dbpedia_14,16,0.1,class_conditional,multinomial_nb,404,224,2800,14,0.12946428571428573,0.68,0.6632787096779788,0.09659767150878906,"{""0"": 16, ""1"": 16, ""2"": 16, ""3"": 16, ""4"": 16, ""5"": 16, ""6"": 16, ""7"": 16, ""8"": 16, ""9"": 16, ""10"": 16, ""11"": 16, ""12"": 16, ""13"": 16}",cached_parquet_balanced_pool,generative_nb,
dbpedia_14,16,0.1,class_conditional,multinomial_nb,505,224,2800,14,0.07142857142857142,0.7928571428571428,0.7910715795899951,0.09499263763427734,"{""0"": 16, ""1"": 16, ""2"": 16, ""3"": 16, ""4"": 16, ""5"": 16, ""6"": 16, ""7"": 16, ""8"": 16, ""9"": 16, ""10"": 16, ""11"": 16, ""12"": 16, ""13"": 16}",cached_parquet_balanced_pool,generative_nb,
dbpedia_14,16,0.1,class_conditional,softmax_logreg,101,224,2800,14,0.11607142857142858,0.7117857142857142,0.6987097098674511,0.2089250087738037,"{""0"": 16, ""1"": 16, ""2"": 16, ""3"": 16, ""4"": 16, ""5"": 16, ""6"": 16, ""7"": 16, ""8"": 16, ""9"": 16, ""10"": 16, ""11"": 16, ""12"": 16, ""13"": 16}",cached_parquet_balanced_pool,linear_probabilistic,
dbpedia_14,16,0.1,class_conditional,softmax_logreg,202,224,2800,14,0.07142857142857142,0.7903571428571429,0.7735937156187745,0.21574616432189941,"{""0"": 16, ""1"": 16, ""2"": 16, ""3"": 16, ""4"": 16, ""5"": 16, ""6"": 16, ""7"": 16, ""8"": 16, ""9"": 16, ""10"": 16, ""11"": 16, ""12"": 16, ""13"": 16}",cached_parquet_balanced_pool,linear_probabilistic,
dbpedia_14,16,0.1,class_conditional,softmax_logreg,303,224,2800,14,0.09821428571428571,0.6607142857142857,0.6214559207531783,0.22597599029541016,"{""0"": 16, ""1"": 16, ""2"": 16, ""3"": 16, ""4"": 16, ""5"": 16, ""6"": 16, ""7"": 16, ""8"": 16, ""9"": 16, ""10"": 16, ""11"": 16, ""12"": 16, ""13"": 16}",cached_parquet_balanced_pool,linear_probabilistic,
dbpedia_14,16,0.1,class_conditional,softmax_logreg,404,224,2800,14,0.12946428571428573,0.57,0.5259072790694487,0.22713875770568848,"{""0"": 16, ""1"": 16, ""2"": 16, ""3"": 16, ""4"": 16, ""5"": 16, ""6"": 16, ""7"": 16, ""8"": 16, ""9"": 16, ""10"": 16, ""11"": 16, ""12"": 16, ""13"": 16}",cached_parquet_balanced_pool,linear_probabilistic,
dbpedia_14,16,0.1,class_conditional,softmax_logreg,505,224,2800,14,0.07142857142857142,0.7435714285714285,0.742026016760372,0.2599637508392334,"{""0"": 16, ""1"": 16, ""2"": 16, ""3"": 16, ""4"": 16, ""5"": 16, ""6"": 16, ""7"": 16, ""8"": 16, ""9"": 16, ""10"": 16, ""11"": 16, ""12"": 16, ""13"": 16}",cached_parquet_balanced_pool,linear_probabilistic,
dbpedia_14,16,0.1,class_conditional,trimmed_softmax_logreg,101,224,2800,14,0.11607142857142858,0.5714285714285714,0.5097387115687879,0.2303781509399414,"{""0"": 16, ""1"": 16, ""2"": 16, ""3"": 16, ""4"": 16, ""5"": 16, ""6"": 16, ""7"": 16, ""8"": 16, ""9"": 16, ""10"": 16, ""11"": 16, ""12"": 16, ""13"": 16}",cached_parquet_balanced_pool,bounded_robust_variant,kept_fraction=0.7991
dbpedia_14,16,0.1,class_conditional,trimmed_softmax_logreg,202,224,2800,14,0.07142857142857142,0.6214285714285714,0.5315360142538345,0.29926347732543945,"{""0"": 16, ""1"": 16, ""2"": 16, ""3"": 16, ""4"": 16, ""5"": 16, ""6"": 16, ""7"": 16, ""8"": 16, ""9"": 16, ""10"": 16, ""11"": 16, ""12"": 16, ""13"": 16}",cached_parquet_balanced_pool,bounded_robust_variant,kept_fraction=0.8036
dbpedia_14,16,0.1,class_conditional,trimmed_softmax_logreg,303,224,2800,14,0.09821428571428571,0.6135714285714285,0.5559013034360782,0.22165942192077637,"{""0"": 16, ""1"": 16, ""2"": 16, ""3"": 16, ""4"": 16, ""5"": 16, ""6"": 16, ""7"": 16, ""8"": 16, ""9"": 16, ""10"": 16, ""11"": 16, ""12"": 16, ""13"": 16}",cached_parquet_balanced_pool,bounded_robust_variant,kept_fraction=0.8080
dbpedia_14,16,0.1,class_conditional,trimmed_softmax_logreg,404,224,2800,14,0.12946428571428573,0.5435714285714286,0.4647423279933868,0.2850480079650879,"{""0"": 16, ""1"": 16, ""2"": 16, ""3"": 16, ""4"": 16, ""5"": 16, ""6"": 16, ""7"": 16, ""8"": 16, ""9"": 16, ""10"": 16, ""11"": 16, ""12"": 16, ""13"": 16}",cached_parquet_balanced_pool,bounded_robust_variant,kept_fraction=0.8125
dbpedia_14,16,0.1,class_conditional,trimmed_softmax_logreg,505,224,2800,14,0.07142857142857142,0.6017857142857143,0.5375228152298903,0.3546333312988281,"{""0"": 16, ""1"": 16, ""2"": 16, ""3"": 16, ""4"": 16, ""5"": 16, ""6"": 16, ""7"": 16, ""8"": 16, ""9"": 16, ""10"": 16, ""11"": 16, ""12"": 16, ""13"": 16}",cached_parquet_balanced_pool,bounded_robust_variant,kept_fraction=0.8036
dbpedia_14,16,0.1,symmetric,linear_svm_hinge,101,224,2800,14,0.14285714285714285,0.6692857142857143,0.636399990229518,0.47553038597106934,"{""0"": 16, ""1"": 16, ""2"": 16, ""3"": 16, ""4"": 16, ""5"": 16, ""6"": 16, ""7"": 16, ""8"": 16, ""9"": 16, ""10"": 16, ""11"": 16, ""12"": 16, ""13"": 16}",cached_parquet_balanced_pool,linear_margin,
dbpedia_14,16,0.1,symmetric,linear_svm_hinge,202,224,2800,14,0.08482142857142858,0.7389285714285714,0.7134239816999807,0.42557358741760254,"{""0"": 16, ""1"": 16, ""2"": 16, ""3"": 16, ""4"": 16, ""5"": 16, ""6"": 16, ""7"": 16, ""8"": 16, ""9"": 16, ""10"": 16, ""11"": 16, ""12"": 16, ""13"": 16}",cached_parquet_balanced_pool,linear_margin,
dbpedia_14,16,0.1,symmetric,linear_svm_hinge,303,224,2800,14,0.14732142857142858,0.625,0.5666904161471333,0.45207643508911133,"{""0"": 16, ""1"": 16, ""2"": 16, ""3"": 16, ""4"": 16, ""5"": 16, ""6"": 16, ""7"": 16, ""8"": 16, ""9"": 16, ""10"": 16, ""11"": 16, ""12"": 16, ""13"": 16}",cached_parquet_balanced_pool,linear_margin,
dbpedia_14,16,0.1,symmetric,linear_svm_hinge,404,224,2800,14,0.14732142857142858,0.6621428571428571,0.6236398295853601,0.4907345771789551,"{""0"": 16, ""1"": 16, ""2"": 16, ""3"": 16, ""4"": 16, ""5"": 16, ""6"": 16, ""7"": 16, ""8"": 16, ""9"": 16, ""10"": 16, ""11"": 16, ""12"": 16, ""13"": 16}",cached_parquet_balanced_pool,linear_margin,
dbpedia_14,16,0.1,symmetric,linear_svm_hinge,505,224,2800,14,0.08035714285714286,0.6607142857142857,0.6160479681906048,0.44740724563598633,"{""0"": 16, ""1"": 16, ""2"": 16, ""3"": 16, ""4"": 16, ""5"": 16, ""6"": 16, ""7"": 16, ""8"": 16, ""9"": 16, ""10"": 16, ""11"": 16, ""12"": 16, ""13"": 16}",cached_parquet_balanced_pool,linear_margin,
dbpedia_14,16,0.1,symmetric,multinomial_nb,101,224,2800,14,0.14285714285714285,0.7832142857142858,0.7802528742471105,0.10265970230102539,"{""0"": 16, ""1"": 16, ""2"": 16, ""3"": 16, ""4"": 16, ""5"": 16, ""6"": 16, ""7"": 16, ""8"": 16, ""9"": 16, ""10"": 16, ""11"": 16, ""12"": 16, ""13"": 16}",cached_parquet_balanced_pool,generative_nb,
dbpedia_14,16,0.1,symmetric,multinomial_nb,202,224,2800,14,0.08482142857142858,0.8128571428571428,0.811803797596753,0.09346699714660645,"{""0"": 16, ""1"": 16, ""2"": 16, ""3"": 16, ""4"": 16, ""5"": 16, ""6"": 16, ""7"": 16, ""8"": 16, ""9"": 16, ""10"": 16, ""11"": 16, ""12"": 16, ""13"": 16}",cached_parquet_balanced_pool,generative_nb,
dbpedia_14,16,0.1,symmetric,multinomial_nb,303,224,2800,14,0.14732142857142858,0.8067857142857143,0.8031269716539963,0.08941197395324707,"{""0"": 16, ""1"": 16, ""2"": 16, ""3"": 16, ""4"": 16, ""5"": 16, ""6"": 16, ""7"": 16, ""8"": 16, ""9"": 16, ""10"": 16, ""11"": 16, ""12"": 16, ""13"": 16}",cached_parquet_balanced_pool,generative_nb,
dbpedia_14,16,0.1,symmetric,multinomial_nb,404,224,2800,14,0.14732142857142858,0.7578571428571429,0.7368397091928143,0.09686660766601562,"{""0"": 16, ""1"": 16, ""2"": 16, ""3"": 16, ""4"": 16, ""5"": 16, ""6"": 16, ""7"": 16, ""8"": 16, ""9"": 16, ""10"": 16, ""11"": 16, ""12"": 16, ""13"": 16}",cached_parquet_balanced_pool,generative_nb,
dbpedia_14,16,0.1,symmetric,multinomial_nb,505,224,2800,14,0.08035714285714286,0.8075,0.8045254752312744,0.09436798095703125,"{""0"": 16, ""1"": 16, ""2"": 16, ""3"": 16, ""4"": 16, ""5"": 16, ""6"": 16, ""7"": 16, ""8"": 16, ""9"": 16, ""10"": 16, ""11"": 16, ""12"": 16, ""13"": 16}",cached_parquet_balanced_pool,generative_nb,
dbpedia_14,16,0.1,symmetric,softmax_logreg,101,224,2800,14,0.14285714285714285,0.7203571428571428,0.7089649470948863,0.26069164276123047,"{""0"": 16, ""1"": 16, ""2"": 16, ""3"": 16, ""4"": 16, ""5"": 16, ""6"": 16, ""7"": 16, ""8"": 16, ""9"": 16, ""10"": 16, ""11"": 16, ""12"": 16, ""13"": 16}",cached_parquet_balanced_pool,linear_probabilistic,
dbpedia_14,16,0.1,symmetric,softmax_logreg,202,224,2800,14,0.08482142857142858,0.7746428571428572,0.7659559807523839,0.3126530647277832,"{""0"": 16, ""1"": 16, ""2"": 16, ""3"": 16, ""4"": 16, ""5"": 16, ""6"": 16, ""7"": 16, ""8"": 16, ""9"": 16, ""10"": 16, ""11"": 16, ""12"": 16, ""13"": 16}",cached_parquet_balanced_pool,linear_probabilistic,
dbpedia_14,16,0.1,symmetric,softmax_logreg,303,224,2800,14,0.14732142857142858,0.7857142857142857,0.7786630335524347,0.26630306243896484,"{""0"": 16, ""1"": 16, ""2"": 16, ""3"": 16, ""4"": 16, ""5"": 16, ""6"": 16, ""7"": 16, ""8"": 16, ""9"": 16, ""10"": 16, ""11"": 16, ""12"": 16, ""13"": 16}",cached_parquet_balanced_pool,linear_probabilistic,
dbpedia_14,16,0.1,symmetric,softmax_logreg,404,224,2800,14,0.14732142857142858,0.6971428571428572,0.6699388750112076,0.1952204704284668,"{""0"": 16, ""1"": 16, ""2"": 16, ""3"": 16, ""4"": 16, ""5"": 16, ""6"": 16, ""7"": 16, ""8"": 16, ""9"": 16, ""10"": 16, ""11"": 16, ""12"": 16, ""13"": 16}",cached_parquet_balanced_pool,linear_probabilistic,
dbpedia_14,16,0.1,symmetric,softmax_logreg,505,224,2800,14,0.08035714285714286,0.7996428571428571,0.7892771888764474,0.20396780967712402,"{""0"": 16, ""1"": 16, ""2"": 16, ""3"": 16, ""4"": 16, ""5"": 16, ""6"": 16, ""7"": 16, ""8"": 16, ""9"": 16, ""10"": 16, ""11"": 16, ""12"": 16, ""13"": 16}",cached_parquet_balanced_pool,linear_probabilistic,
dbpedia_14,16,0.1,symmetric,trimmed_softmax_logreg,101,224,2800,14,0.14285714285714285,0.605,0.5293972702863364,0.33484721183776855,"{""0"": 16, ""1"": 16, ""2"": 16, ""3"": 16, ""4"": 16, ""5"": 16, ""6"": 16, ""7"": 16, ""8"": 16, ""9"": 16, ""10"": 16, ""11"": 16, ""12"": 16, ""13"": 16}",cached_parquet_balanced_pool,bounded_robust_variant,kept_fraction=0.8080
dbpedia_14,16,0.1,symmetric,trimmed_softmax_logreg,202,224,2800,14,0.08482142857142858,0.6182142857142857,0.5496411848948121,0.24689197540283203,"{""0"": 16, ""1"": 16, ""2"": 16, ""3"": 16, ""4"": 16, ""5"": 16, ""6"": 16, ""7"": 16, ""8"": 16, ""9"": 16, ""10"": 16, ""11"": 16, ""12"": 16, ""13"": 16}",cached_parquet_balanced_pool,bounded_robust_variant,kept_fraction=0.8036
dbpedia_14,16,0.1,symmetric,trimmed_softmax_logreg,303,224,2800,14,0.14732142857142858,0.6489285714285714,0.5769361939489752,0.24106931686401367,"{""0"": 16, ""1"": 16, ""2"": 16, ""3"": 16, ""4"": 16, ""5"": 16, ""6"": 16, ""7"": 16, ""8"": 16, ""9"": 16, ""10"": 16, ""11"": 16, ""12"": 16, ""13"": 16}",cached_parquet_balanced_pool,bounded_robust_variant,kept_fraction=0.8036
dbpedia_14,16,0.1,symmetric,trimmed_softmax_logreg,404,224,2800,14,0.14732142857142858,0.5864285714285714,0.5252729804617211,0.39780402183532715,"{""0"": 16, ""1"": 16, ""2"": 16, ""3"": 16, ""4"": 16, ""5"": 16, ""6"": 16, ""7"": 16, ""8"": 16, ""9"": 16, ""10"": 16, ""11"": 16, ""12"": 16, ""13"": 16}",cached_parquet_balanced_pool,bounded_robust_variant,kept_fraction=0.8080
dbpedia_14,16,0.1,symmetric,trimmed_softmax_logreg,505,224,2800,14,0.08035714285714286,0.6810714285714285,0.6659679117425851,0.2764296531677246,"{""0"": 16, ""1"": 16, ""2"": 16, ""3"": 16, ""4"": 16, ""5"": 16, ""6"": 16, ""7"": 16, ""8"": 16, ""9"": 16, ""10"": 16, ""11"": 16, ""12"": 16, ""13"": 16}",cached_parquet_balanced_pool,bounded_robust_variant,kept_fraction=0.8036
dbpedia_14,16,0.2,class_conditional,linear_svm_hinge,101,224,2800,14,0.20089285714285715,0.6171428571428571,0.5701636066289678,0.48634862899780273,"{""0"": 16, ""1"": 16, ""2"": 16, ""3"": 16, ""4"": 16, ""5"": 16, ""6"": 16, ""7"": 16, ""8"": 16, ""9"": 16, ""10"": 16, ""11"": 16, ""12"": 16, ""13"": 16}",cached_parquet_balanced_pool,linear_margin,
dbpedia_14,16,0.2,class_conditional,linear_svm_hinge,202,224,2800,14,0.16964285714285715,0.6767857142857143,0.6446353642614026,0.4598958492279053,"{""0"": 16, ""1"": 16, ""2"": 16, ""3"": 16, ""4"": 16, ""5"": 16, ""6"": 16, ""7"": 16, ""8"": 16, ""9"": 16, ""10"": 16, ""11"": 16, ""12"": 16, ""13"": 16}",cached_parquet_balanced_pool,linear_margin,
dbpedia_14,16,0.2,class_conditional,linear_svm_hinge,303,224,2800,14,0.21428571428571427,0.6882142857142857,0.6675423327262937,0.67928147315979,"{""0"": 16, ""1"": 16, ""2"": 16, ""3"": 16, ""4"": 16, ""5"": 16, ""6"": 16, ""7"": 16, ""8"": 16, ""9"": 16, ""10"": 16, ""11"": 16, ""12"": 16, ""13"": 16}",cached_parquet_balanced_pool,linear_margin,
dbpedia_14,16,0.2,class_conditional,linear_svm_hinge,404,224,2800,14,0.22767857142857142,0.545,0.4703222566710026,0.8395183086395264,"{""0"": 16, ""1"": 16, ""2"": 16, ""3"": 16, ""4"": 16, ""5"": 16, ""6"": 16, ""7"": 16, ""8"": 16, ""9"": 16, ""10"": 16, ""11"": 16, ""12"": 16, ""13"": 16}",cached_parquet_balanced_pool,linear_margin,
dbpedia_14,16,0.2,class_conditional,linear_svm_hinge,505,224,2800,14,0.16964285714285715,0.61,0.5779444827191763,0.90122389793396,"{""0"": 16, ""1"": 16, ""2"": 16, ""3"": 16, ""4"": 16, ""5"": 16, ""6"": 16, ""7"": 16, ""8"": 16, ""9"": 16, ""10"": 16, ""11"": 16, ""12"": 16, ""13"": 16}",cached_parquet_balanced_pool,linear_margin,
dbpedia_14,16,0.2,class_conditional,multinomial_nb,101,224,2800,14,0.20089285714285715,0.7089285714285715,0.6985648641617804,0.08968353271484375,"{""0"": 16, ""1"": 16, ""2"": 16, ""3"": 16, ""4"": 16, ""5"": 16, ""6"": 16, ""7"": 16, ""8"": 16, ""9"": 16, ""10"": 16, ""11"": 16, ""12"": 16, ""13"": 16}",cached_parquet_balanced_pool,generative_nb,
dbpedia_14,16,0.2,class_conditional,multinomial_nb,202,224,2800,14,0.16964285714285715,0.7621428571428571,0.7416713571145784,0.09174442291259766,"{""0"": 16, ""1"": 16, ""2"": 16, ""3"": 16, ""4"": 16, ""5"": 16, ""6"": 16, ""7"": 16, ""8"": 16, ""9"": 16, ""10"": 16, ""11"": 16, ""12"": 16, ""13"": 16}",cached_parquet_balanced_pool,generative_nb,
dbpedia_14,16,0.2,class_conditional,multinomial_nb,303,224,2800,14,0.21428571428571427,0.6914285714285714,0.6693950182130889,0.09190821647644043,"{""0"": 16, ""1"": 16, ""2"": 16, ""3"": 16, ""4"": 16, ""5"": 16, ""6"": 16, ""7"": 16, ""8"": 16, ""9"": 16, ""10"": 16, ""11"": 16, ""12"": 16, ""13"": 16}",cached_parquet_balanced_pool,generative_nb,
dbpedia_14,16,0.2,class_conditional,multinomial_nb,404,224,2800,14,0.22767857142857142,0.6346428571428572,0.6104679366835833,0.09393906593322754,"{""0"": 16, ""1"": 16, ""2"": 16, ""3"": 16, ""4"": 16, ""5"": 16, ""6"": 16, ""7"": 16, ""8"": 16, ""9"": 16, ""10"": 16, ""11"": 16, ""12"": 16, ""13"": 16}",cached_parquet_balanced_pool,generative_nb,
dbpedia_14,16,0.2,class_conditional,multinomial_nb,505,224,2800,14,0.16964285714285715,0.6982142857142857,0.6881204626961434,0.0889441967010498,"{""0"": 16, ""1"": 16, ""2"": 16, ""3"": 16, ""4"": 16, ""5"": 16, ""6"": 16, ""7"": 16, ""8"": 16, ""9"": 16, ""10"": 16, ""11"": 16, ""12"": 16, ""13"": 16}",cached_parquet_balanced_pool,generative_nb,
dbpedia_14,16,0.2,class_conditional,softmax_logreg,101,224,2800,14,0.20089285714285715,0.6392857142857142,0.6200328824488309,0.2978494167327881,"{""0"": 16, ""1"": 16, ""2"": 16, ""3"": 16, ""4"": 16, ""5"": 16, ""6"": 16, ""7"": 16, ""8"": 16, ""9"": 16, ""10"": 16, ""11"": 16, ""12"": 16, ""13"": 16}",cached_parquet_balanced_pool,linear_probabilistic,
dbpedia_14,16,0.2,class_conditional,softmax_logreg,202,224,2800,14,0.16964285714285715,0.7225,0.6869970347625937,0.24571490287780762,"{""0"": 16, ""1"": 16, ""2"": 16, ""3"": 16, ""4"": 16, ""5"": 16, ""6"": 16, ""7"": 16, ""8"": 16, ""9"": 16, ""10"": 16, ""11"": 16, ""12"": 16, ""13"": 16}",cached_parquet_balanced_pool,linear_probabilistic,
dbpedia_14,16,0.2,class_conditional,softmax_logreg,303,224,2800,14,0.21428571428571427,0.6332142857142857,0.5977382371386095,0.2066349983215332,"{""0"": 16, ""1"": 16, ""2"": 16, ""3"": 16, ""4"": 16, ""5"": 16, ""6"": 16, ""7"": 16, ""8"": 16, ""9"": 16, ""10"": 16, ""11"": 16, ""12"": 16, ""13"": 16}",cached_parquet_balanced_pool,linear_probabilistic,
dbpedia_14,16,0.2,class_conditional,softmax_logreg,404,224,2800,14,0.22767857142857142,0.5228571428571429,0.46667712209353074,0.33995795249938965,"{""0"": 16, ""1"": 16, ""2"": 16, ""3"": 16, ""4"": 16, ""5"": 16, ""6"": 16, ""7"": 16, ""8"": 16, ""9"": 16, ""10"": 16, ""11"": 16, ""12"": 16, ""13"": 16}",cached_parquet_balanced_pool,linear_probabilistic,
dbpedia_14,16,0.2,class_conditional,softmax_logreg,505,224,2800,14,0.16964285714285715,0.6346428571428572,0.5984066425333356,0.1896986961364746,"{""0"": 16, ""1"": 16, ""2"": 16, ""3"": 16, ""4"": 16, ""5"": 16, ""6"": 16, ""7"": 16, ""8"": 16, ""9"": 16, ""10"": 16, ""11"": 16, ""12"": 16, ""13"": 16}",cached_parquet_balanced_pool,linear_probabilistic,
dbpedia_14,16,0.2,class_conditional,trimmed_softmax_logreg,101,224,2800,14,0.20089285714285715,0.5364285714285715,0.4601948627457134,0.2751047611236572,"{""0"": 16, ""1"": 16, ""2"": 16, ""3"": 16, ""4"": 16, ""5"": 16, ""6"": 16, ""7"": 16, ""8"": 16, ""9"": 16, ""10"": 16, ""11"": 16, ""12"": 16, ""13"": 16}",cached_parquet_balanced_pool,bounded_robust_variant,kept_fraction=0.7991
dbpedia_14,16,0.2,class_conditional,trimmed_softmax_logreg,202,224,2800,14,0.16964285714285715,0.5807142857142857,0.48689518907397844,0.25348520278930664,"{""0"": 16, ""1"": 16, ""2"": 16, ""3"": 16, ""4"": 16, ""5"": 16, ""6"": 16, ""7"": 16, ""8"": 16, ""9"": 16, ""10"": 16, ""11"": 16, ""12"": 16, ""13"": 16}",cached_parquet_balanced_pool,bounded_robust_variant,kept_fraction=0.8036
dbpedia_14,16,0.2,class_conditional,trimmed_softmax_logreg,303,224,2800,14,0.21428571428571427,0.5253571428571429,0.4236892018328941,0.31329965591430664,"{""0"": 16, ""1"": 16, ""2"": 16, ""3"": 16, ""4"": 16, ""5"": 16, ""6"": 16, ""7"": 16, ""8"": 16, ""9"": 16, ""10"": 16, ""11"": 16, ""12"": 16, ""13"": 16}",cached_parquet_balanced_pool,bounded_robust_variant,kept_fraction=0.8080
dbpedia_14,16,0.2,class_conditional,trimmed_softmax_logreg,404,224,2800,14,0.22767857142857142,0.49464285714285716,0.4182039295586999,0.23087430000305176,"{""0"": 16, ""1"": 16, ""2"": 16, ""3"": 16, ""4"": 16, ""5"": 16, ""6"": 16, ""7"": 16, ""8"": 16, ""9"": 16, ""10"": 16, ""11"": 16, ""12"": 16, ""13"": 16}",cached_parquet_balanced_pool,bounded_robust_variant,kept_fraction=0.8080
dbpedia_14,16,0.2,class_conditional,trimmed_softmax_logreg,505,224,2800,14,0.16964285714285715,0.5928571428571429,0.5137128758447338,0.2709949016571045,"{""0"": 16, ""1"": 16, ""2"": 16, ""3"": 16, ""4"": 16, ""5"": 16, ""6"": 16, ""7"": 16, ""8"": 16, ""9"": 16, ""10"": 16, ""11"": 16, ""12"": 16, ""13"": 16}",cached_parquet_balanced_pool,bounded_robust_variant,kept_fraction=0.8036
dbpedia_14,16,0.2,symmetric,linear_svm_hinge,101,224,2800,14,0.20535714285714285,0.6257142857142857,0.5966500304335682,0.45728445053100586,"{""0"": 16, ""1"": 16, ""2"": 16, ""3"": 16, ""4"": 16, ""5"": 16, ""6"": 16, ""7"": 16, ""8"": 16, ""9"": 16, ""10"": 16, ""11"": 16, ""12"": 16, ""13"": 16}",cached_parquet_balanced_pool,linear_margin,
dbpedia_14,16,0.2,symmetric,linear_svm_hinge,202,224,2800,14,0.19642857142857142,0.6142857142857143,0.6030955042832303,0.5139451026916504,"{""0"": 16, ""1"": 16, ""2"": 16, ""3"": 16, ""4"": 16, ""5"": 16, ""6"": 16, ""7"": 16, ""8"": 16, ""9"": 16, ""10"": 16, ""11"": 16, ""12"": 16, ""13"": 16}",cached_parquet_balanced_pool,linear_margin,
dbpedia_14,16,0.2,symmetric,linear_svm_hinge,303,224,2800,14,0.23214285714285715,0.6453571428571429,0.640875217817312,0.5087413787841797,"{""0"": 16, ""1"": 16, ""2"": 16, ""3"": 16, ""4"": 16, ""5"": 16, ""6"": 16, ""7"": 16, ""8"": 16, ""9"": 16, ""10"": 16, ""11"": 16, ""12"": 16, ""13"": 16}",cached_parquet_balanced_pool,linear_margin,
dbpedia_14,16,0.2,symmetric,linear_svm_hinge,404,224,2800,14,0.17857142857142858,0.67,0.6391067864166988,0.4845120906829834,"{""0"": 16, ""1"": 16, ""2"": 16, ""3"": 16, ""4"": 16, ""5"": 16, ""6"": 16, ""7"": 16, ""8"": 16, ""9"": 16, ""10"": 16, ""11"": 16, ""12"": 16, ""13"": 16}",cached_parquet_balanced_pool,linear_margin,
dbpedia_14,16,0.2,symmetric,linear_svm_hinge,505,224,2800,14,0.17857142857142858,0.6485714285714286,0.6077566454229537,0.5056087970733643,"{""0"": 16, ""1"": 16, ""2"": 16, ""3"": 16, ""4"": 16, ""5"": 16, ""6"": 16, ""7"": 16, ""8"": 16, ""9"": 16, ""10"": 16, ""11"": 16, ""12"": 16, ""13"": 16}",cached_parquet_balanced_pool,linear_margin,
dbpedia_14,16,0.2,symmetric,multinomial_nb,101,224,2800,14,0.20535714285714285,0.7507142857142857,0.7474262694075196,0.09084892272949219,"{""0"": 16, ""1"": 16, ""2"": 16, ""3"": 16, ""4"": 16, ""5"": 16, ""6"": 16, ""7"": 16, ""8"": 16, ""9"": 16, ""10"": 16, ""11"": 16, ""12"": 16, ""13"": 16}",cached_parquet_balanced_pool,generative_nb,
dbpedia_14,16,0.2,symmetric,multinomial_nb,202,224,2800,14,0.19642857142857142,0.7528571428571429,0.7370634809003338,0.09700298309326172,"{""0"": 16, ""1"": 16, ""2"": 16, ""3"": 16, ""4"": 16, ""5"": 16, ""6"": 16, ""7"": 16, ""8"": 16, ""9"": 16, ""10"": 16, ""11"": 16, ""12"": 16, ""13"": 16}",cached_parquet_balanced_pool,generative_nb,
dbpedia_14,16,0.2,symmetric,multinomial_nb,303,224,2800,14,0.23214285714285715,0.7314285714285714,0.7196236053034923,0.0931708812713623,"{""0"": 16, ""1"": 16, ""2"": 16, ""3"": 16, ""4"": 16, ""5"": 16, ""6"": 16, ""7"": 16, ""8"": 16, ""9"": 16, ""10"": 16, ""11"": 16, ""12"": 16, ""13"": 16}",cached_parquet_balanced_pool,generative_nb,
dbpedia_14,16,0.2,symmetric,multinomial_nb,404,224,2800,14,0.17857142857142858,0.7532142857142857,0.742565936569772,0.09860897064208984,"{""0"": 16, ""1"": 16, ""2"": 16, ""3"": 16, ""4"": 16, ""5"": 16, ""6"": 16, ""7"": 16, ""8"": 16, ""9"": 16, ""10"": 16, ""11"": 16, ""12"": 16, ""13"": 16}",cached_parquet_balanced_pool,generative_nb,
dbpedia_14,16,0.2,symmetric,multinomial_nb,505,224,2800,14,0.17857142857142858,0.7614285714285715,0.74217107458732,0.09133338928222656,"{""0"": 16, ""1"": 16, ""2"": 16, ""3"": 16, ""4"": 16, ""5"": 16, ""6"": 16, ""7"": 16, ""8"": 16, ""9"": 16, ""10"": 16, ""11"": 16, ""12"": 16, ""13"": 16}",cached_parquet_balanced_pool,generative_nb,
dbpedia_14,16,0.2,symmetric,softmax_logreg,101,224,2800,14,0.20535714285714285,0.6925,0.6828743575807579,0.26893067359924316,"{""0"": 16, ""1"": 16, ""2"": 16, ""3"": 16, ""4"": 16, ""5"": 16, ""6"": 16, ""7"": 16, ""8"": 16, ""9"": 16, ""10"": 16, ""11"": 16, ""12"": 16, ""13"": 16}",cached_parquet_balanced_pool,linear_probabilistic,
dbpedia_14,16,0.2,symmetric,softmax_logreg,202,224,2800,14,0.19642857142857142,0.6242857142857143,0.6098635389279302,0.21856427192687988,"{""0"": 16, ""1"": 16, ""2"": 16, ""3"": 16, ""4"": 16, ""5"": 16, ""6"": 16, ""7"": 16, ""8"": 16, ""9"": 16, ""10"": 16, ""11"": 16, ""12"": 16, ""13"": 16}",cached_parquet_balanced_pool,linear_probabilistic,
dbpedia_14,16,0.2,symmetric,softmax_logreg,303,224,2800,14,0.23214285714285715,0.5896428571428571,0.5861644495136348,0.19056224822998047,"{""0"": 16, ""1"": 16, ""2"": 16, ""3"": 16, ""4"": 16, ""5"": 16, ""6"": 16, ""7"": 16, ""8"": 16, ""9"": 16, ""10"": 16, ""11"": 16, ""12"": 16, ""13"": 16}",cached_parquet_balanced_pool,linear_probabilistic,
dbpedia_14,16,0.2,symmetric,softmax_logreg,404,224,2800,14,0.17857142857142858,0.6828571428571428,0.6505939468476373,0.21764755249023438,"{""0"": 16, ""1"": 16, ""2"": 16, ""3"": 16, ""4"": 16, ""5"": 16, ""6"": 16, ""7"": 16, ""8"": 16, ""9"": 16, ""10"": 16, ""11"": 16, ""12"": 16, ""13"": 16}",cached_parquet_balanced_pool,linear_probabilistic,
dbpedia_14,16,0.2,symmetric,softmax_logreg,505,224,2800,14,0.17857142857142858,0.745,0.7241802407127047,0.2618894577026367,"{""0"": 16, ""1"": 16, ""2"": 16, ""3"": 16, ""4"": 16, ""5"": 16, ""6"": 16, ""7"": 16, ""8"": 16, ""9"": 16, ""10"": 16, ""11"": 16, ""12"": 16, ""13"": 16}",cached_parquet_balanced_pool,linear_probabilistic,
dbpedia_14,16,0.2,symmetric,trimmed_softmax_logreg,101,224,2800,14,0.20535714285714285,0.5678571428571428,0.509836008760871,0.25463318824768066,"{""0"": 16, ""1"": 16, ""2"": 16, ""3"": 16, ""4"": 16, ""5"": 16, ""6"": 16, ""7"": 16, ""8"": 16, ""9"": 16, ""10"": 16, ""11"": 16, ""12"": 16, ""13"": 16}",cached_parquet_balanced_pool,bounded_robust_variant,kept_fraction=0.7991
dbpedia_14,16,0.2,symmetric,trimmed_softmax_logreg,202,224,2800,14,0.19642857142857142,0.5646428571428571,0.5159044968742059,0.29035067558288574,"{""0"": 16, ""1"": 16, ""2"": 16, ""3"": 16, ""4"": 16, ""5"": 16, ""6"": 16, ""7"": 16, ""8"": 16, ""9"": 16, ""10"": 16, ""11"": 16, ""12"": 16, ""13"": 16}",cached_parquet_balanced_pool,bounded_robust_variant,kept_fraction=0.8080
dbpedia_14,16,0.2,symmetric,trimmed_softmax_logreg,303,224,2800,14,0.23214285714285715,0.49178571428571427,0.42484750352589734,0.32907843589782715,"{""0"": 16, ""1"": 16, ""2"": 16, ""3"": 16, ""4"": 16, ""5"": 16, ""6"": 16, ""7"": 16, ""8"": 16, ""9"": 16, ""10"": 16, ""11"": 16, ""12"": 16, ""13"": 16}",cached_parquet_balanced_pool,bounded_robust_variant,kept_fraction=0.8080
dbpedia_14,16,0.2,symmetric,trimmed_softmax_logreg,404,224,2800,14,0.17857142857142858,0.5678571428571428,0.494615160390562,0.24269604682922363,"{""0"": 16, ""1"": 16, ""2"": 16, ""3"": 16, ""4"": 16, ""5"": 16, ""6"": 16, ""7"": 16, ""8"": 16, ""9"": 16, ""10"": 16, ""11"": 16, ""12"": 16, ""13"": 16}",cached_parquet_balanced_pool,bounded_robust_variant,kept_fraction=0.8080
dbpedia_14,16,0.2,symmetric,trimmed_softmax_logreg,505,224,2800,14,0.17857142857142858,0.6142857142857143,0.5627372328910641,0.32448768615722656,"{""0"": 16, ""1"": 16, ""2"": 16, ""3"": 16, ""4"": 16, ""5"": 16, ""6"": 16, ""7"": 16, ""8"": 16, ""9"": 16, ""10"": 16, ""11"": 16, ""12"": 16, ""13"": 16}",cached_parquet_balanced_pool,bounded_robust_variant,kept_fraction=0.8036
dbpedia_14,16,0.3,class_conditional,linear_svm_hinge,101,224,2800,14,0.2767857142857143,0.5703571428571429,0.5227010539345992,0.4309823513031006,"{""0"": 16, ""1"": 16, ""2"": 16, ""3"": 16, ""4"": 16, ""5"": 16, ""6"": 16, ""7"": 16, ""8"": 16, ""9"": 16, ""10"": 16, ""11"": 16, ""12"": 16, ""13"": 16}",cached_parquet_balanced_pool,linear_margin,
dbpedia_14,16,0.3,class_conditional,linear_svm_hinge,202,224,2800,14,0.26339285714285715,0.6578571428571428,0.6028650550670427,0.502683162689209,"{""0"": 16, ""1"": 16, ""2"": 16, ""3"": 16, ""4"": 16, ""5"": 16, ""6"": 16, ""7"": 16, ""8"": 16, ""9"": 16, ""10"": 16, ""11"": 16, ""12"": 16, ""13"": 16}",cached_parquet_balanced_pool,linear_margin,
dbpedia_14,16,0.3,class_conditional,linear_svm_hinge,303,224,2800,14,0.3125,0.5803571428571429,0.5441370688230682,0.4417431354522705,"{""0"": 16, ""1"": 16, ""2"": 16, ""3"": 16, ""4"": 16, ""5"": 16, ""6"": 16, ""7"": 16, ""8"": 16, ""9"": 16, ""10"": 16, ""11"": 16, ""12"": 16, ""13"": 16}",cached_parquet_balanced_pool,linear_margin,
dbpedia_14,16,0.3,class_conditional,linear_svm_hinge,404,224,2800,14,0.3392857142857143,0.59,0.5741462420495015,0.4411172866821289,"{""0"": 16, ""1"": 16, ""2"": 16, ""3"": 16, ""4"": 16, ""5"": 16, ""6"": 16, ""7"": 16, ""8"": 16, ""9"": 16, ""10"": 16, ""11"": 16, ""12"": 16, ""13"": 16}",cached_parquet_balanced_pool,linear_margin,
dbpedia_14,16,0.3,class_conditional,linear_svm_hinge,505,224,2800,14,0.25,0.5485714285714286,0.4862651792817367,0.5145127773284912,"{""0"": 16, ""1"": 16, ""2"": 16, ""3"": 16, ""4"": 16, ""5"": 16, ""6"": 16, ""7"": 16, ""8"": 16, ""9"": 16, ""10"": 16, ""11"": 16, ""12"": 16, ""13"": 16}",cached_parquet_balanced_pool,linear_margin,
dbpedia_14,16,0.3,class_conditional,multinomial_nb,101,224,2800,14,0.2767857142857143,0.6196428571428572,0.5986366769435003,0.09850621223449707,"{""0"": 16, ""1"": 16, ""2"": 16, ""3"": 16, ""4"": 16, ""5"": 16, ""6"": 16, ""7"": 16, ""8"": 16, ""9"": 16, ""10"": 16, ""11"": 16, ""12"": 16, ""13"": 16}",cached_parquet_balanced_pool,generative_nb,
dbpedia_14,16,0.3,class_conditional,multinomial_nb,202,224,2800,14,0.26339285714285715,0.6792857142857143,0.6500942032393205,0.09249138832092285,"{""0"": 16, ""1"": 16, ""2"": 16, ""3"": 16, ""4"": 16, ""5"": 16, ""6"": 16, ""7"": 16, ""8"": 16, ""9"": 16, ""10"": 16, ""11"": 16, ""12"": 16, ""13"": 16}",cached_parquet_balanced_pool,generative_nb,
dbpedia_14,16,0.3,class_conditional,multinomial_nb,303,224,2800,14,0.3125,0.6132142857142857,0.5742480202590583,0.09329819679260254,"{""0"": 16, ""1"": 16, ""2"": 16, ""3"": 16, ""4"": 16, ""5"": 16, ""6"": 16, ""7"": 16, ""8"": 16, ""9"": 16, ""10"": 16, ""11"": 16, ""12"": 16, ""13"": 16}",cached_parquet_balanced_pool,generative_nb,
dbpedia_14,16,0.3,class_conditional,multinomial_nb,404,224,2800,14,0.3392857142857143,0.6267857142857143,0.6129265255564394,0.08973956108093262,"{""0"": 16, ""1"": 16, ""2"": 16, ""3"": 16, ""4"": 16, ""5"": 16, ""6"": 16, ""7"": 16, ""8"": 16, ""9"": 16, ""10"": 16, ""11"": 16, ""12"": 16, ""13"": 16}",cached_parquet_balanced_pool,generative_nb,
dbpedia_14,16,0.3,class_conditional,multinomial_nb,505,224,2800,14,0.25,0.6242857142857143,0.6169637807289302,0.09613513946533203,"{""0"": 16, ""1"": 16, ""2"": 16, ""3"": 16, ""4"": 16, ""5"": 16, ""6"": 16, ""7"": 16, ""8"": 16, ""9"": 16, ""10"": 16, ""11"": 16, ""12"": 16, ""13"": 16}",cached_parquet_balanced_pool,generative_nb,
dbpedia_14,16,0.3,class_conditional,softmax_logreg,101,224,2800,14,0.2767857142857143,0.5692857142857143,0.5297781153896282,0.2037971019744873,"{""0"": 16, ""1"": 16, ""2"": 16, ""3"": 16, ""4"": 16, ""5"": 16, ""6"": 16, ""7"": 16, ""8"": 16, ""9"": 16, ""10"": 16, ""11"": 16, ""12"": 16, ""13"": 16}",cached_parquet_balanced_pool,linear_probabilistic,
dbpedia_14,16,0.3,class_conditional,softmax_logreg,202,224,2800,14,0.26339285714285715,0.6014285714285714,0.5623558127235352,0.26446032524108887,"{""0"": 16, ""1"": 16, ""2"": 16, ""3"": 16, ""4"": 16, ""5"": 16, ""6"": 16, ""7"": 16, ""8"": 16, ""9"": 16, ""10"": 16, ""11"": 16, ""12"": 16, ""13"": 16}",cached_parquet_balanced_pool,linear_probabilistic,
dbpedia_14,16,0.3,class_conditional,softmax_logreg,303,224,2800,14,0.3125,0.5703571428571429,0.5124871178478455,0.2438983917236328,"{""0"": 16, ""1"": 16, ""2"": 16, ""3"": 16, ""4"": 16, ""5"": 16, ""6"": 16, ""7"": 16, ""8"": 16, ""9"": 16, ""10"": 16, ""11"": 16, ""12"": 16, ""13"": 16}",cached_parquet_balanced_pool,linear_probabilistic,
dbpedia_14,16,0.3,class_conditional,softmax_logreg,404,224,2800,14,0.3392857142857143,0.6010714285714286,0.5828218661148875,0.21515583992004395,"{""0"": 16, ""1"": 16, ""2"": 16, ""3"": 16, ""4"": 16, ""5"": 16, ""6"": 16, ""7"": 16, ""8"": 16, ""9"": 16, ""10"": 16, ""11"": 16, ""12"": 16, ""13"": 16}",cached_parquet_balanced_pool,linear_probabilistic,
dbpedia_14,16,0.3,class_conditional,softmax_logreg,505,224,2800,14,0.25,0.6128571428571429,0.5851206243302693,0.26670241355895996,"{""0"": 16, ""1"": 16, ""2"": 16, ""3"": 16, ""4"": 16, ""5"": 16, ""6"": 16, ""7"": 16, ""8"": 16, ""9"": 16, ""10"": 16, ""11"": 16, ""12"": 16, ""13"": 16}",cached_parquet_balanced_pool,linear_probabilistic,
dbpedia_14,16,0.3,class_conditional,trimmed_softmax_logreg,101,224,2800,14,0.2767857142857143,0.4710714285714286,0.363045276099165,0.33396196365356445,"{""0"": 16, ""1"": 16, ""2"": 16, ""3"": 16, ""4"": 16, ""5"": 16, ""6"": 16, ""7"": 16, ""8"": 16, ""9"": 16, ""10"": 16, ""11"": 16, ""12"": 16, ""13"": 16}",cached_parquet_balanced_pool,bounded_robust_variant,kept_fraction=0.7991
dbpedia_14,16,0.3,class_conditional,trimmed_softmax_logreg,202,224,2800,14,0.26339285714285715,0.57,0.49711976009379955,0.27943944931030273,"{""0"": 16, ""1"": 16, ""2"": 16, ""3"": 16, ""4"": 16, ""5"": 16, ""6"": 16, ""7"": 16, ""8"": 16, ""9"": 16, ""10"": 16, ""11"": 16, ""12"": 16, ""13"": 16}",cached_parquet_balanced_pool,bounded_robust_variant,kept_fraction=0.8036
dbpedia_14,16,0.3,class_conditional,trimmed_softmax_logreg,303,224,2800,14,0.3125,0.5275,0.4528458970174811,0.22681808471679688,"{""0"": 16, ""1"": 16, ""2"": 16, ""3"": 16, ""4"": 16, ""5"": 16, ""6"": 16, ""7"": 16, ""8"": 16, ""9"": 16, ""10"": 16, ""11"": 16, ""12"": 16, ""13"": 16}",cached_parquet_balanced_pool,bounded_robust_variant,kept_fraction=0.8125
dbpedia_14,16,0.3,class_conditional,trimmed_softmax_logreg,404,224,2800,14,0.3392857142857143,0.5067857142857143,0.4573708788789324,0.3530101776123047,"{""0"": 16, ""1"": 16, ""2"": 16, ""3"": 16, ""4"": 16, ""5"": 16, ""6"": 16, ""7"": 16, ""8"": 16, ""9"": 16, ""10"": 16, ""11"": 16, ""12"": 16, ""13"": 16}",cached_parquet_balanced_pool,bounded_robust_variant,kept_fraction=0.8036
dbpedia_14,16,0.3,class_conditional,trimmed_softmax_logreg,505,224,2800,14,0.25,0.5275,0.4613514294860655,0.2550239562988281,"{""0"": 16, ""1"": 16, ""2"": 16, ""3"": 16, ""4"": 16, ""5"": 16, ""6"": 16, ""7"": 16, ""8"": 16, ""9"": 16, ""10"": 16, ""11"": 16, ""12"": 16, ""13"": 16}",cached_parquet_balanced_pool,bounded_robust_variant,kept_fraction=0.8036
dbpedia_14,16,0.3,symmetric,linear_svm_hinge,101,224,2800,14,0.30357142857142855,0.5982142857142857,0.5672064271502667,0.5108716487884521,"{""0"": 16, ""1"": 16, ""2"": 16, ""3"": 16, ""4"": 16, ""5"": 16, ""6"": 16, ""7"": 16, ""8"": 16, ""9"": 16, ""10"": 16, ""11"": 16, ""12"": 16, ""13"": 16}",cached_parquet_balanced_pool,linear_margin,
dbpedia_14,16,0.3,symmetric,linear_svm_hinge,202,224,2800,14,0.2767857142857143,0.595,0.5806626100885411,0.48212766647338867,"{""0"": 16, ""1"": 16, ""2"": 16, ""3"": 16, ""4"": 16, ""5"": 16, ""6"": 16, ""7"": 16, ""8"": 16, ""9"": 16, ""10"": 16, ""11"": 16, ""12"": 16, ""13"": 16}",cached_parquet_balanced_pool,linear_margin,
dbpedia_14,16,0.3,symmetric,linear_svm_hinge,303,224,2800,14,0.32142857142857145,0.49964285714285717,0.4622074921379418,0.4869530200958252,"{""0"": 16, ""1"": 16, ""2"": 16, ""3"": 16, ""4"": 16, ""5"": 16, ""6"": 16, ""7"": 16, ""8"": 16, ""9"": 16, ""10"": 16, ""11"": 16, ""12"": 16, ""13"": 16}",cached_parquet_balanced_pool,linear_margin,
dbpedia_14,16,0.3,symmetric,linear_svm_hinge,404,224,2800,14,0.27232142857142855,0.6867857142857143,0.6776741660323279,0.4821748733520508,"{""0"": 16, ""1"": 16, ""2"": 16, ""3"": 16, ""4"": 16, ""5"": 16, ""6"": 16, ""7"": 16, ""8"": 16, ""9"": 16, ""10"": 16, ""11"": 16, ""12"": 16, ""13"": 16}",cached_parquet_balanced_pool,linear_margin,
dbpedia_14,16,0.3,symmetric,linear_svm_hinge,505,224,2800,14,0.29017857142857145,0.5789285714285715,0.5939002784710522,0.47731661796569824,"{""0"": 16, ""1"": 16, ""2"": 16, ""3"": 16, ""4"": 16, ""5"": 16, ""6"": 16, ""7"": 16, ""8"": 16, ""9"": 16, ""10"": 16, ""11"": 16, ""12"": 16, ""13"": 16}",cached_parquet_balanced_pool,linear_margin,
dbpedia_14,16,0.3,symmetric,multinomial_nb,101,224,2800,14,0.30357142857142855,0.7371428571428571,0.7330104212325687,0.09185028076171875,"{""0"": 16, ""1"": 16, ""2"": 16, ""3"": 16, ""4"": 16, ""5"": 16, ""6"": 16, ""7"": 16, ""8"": 16, ""9"": 16, ""10"": 16, ""11"": 16, ""12"": 16, ""13"": 16}",cached_parquet_balanced_pool,generative_nb,
dbpedia_14,16,0.3,symmetric,multinomial_nb,202,224,2800,14,0.2767857142857143,0.7067857142857142,0.7043749521856985,0.08947634696960449,"{""0"": 16, ""1"": 16, ""2"": 16, ""3"": 16, ""4"": 16, ""5"": 16, ""6"": 16, ""7"": 16, ""8"": 16, ""9"": 16, ""10"": 16, ""11"": 16, ""12"": 16, ""13"": 16}",cached_parquet_balanced_pool,generative_nb,
dbpedia_14,16,0.3,symmetric,multinomial_nb,303,224,2800,14,0.32142857142857145,0.7085714285714285,0.6933031349689269,0.08808302879333496,"{""0"": 16, ""1"": 16, ""2"": 16, ""3"": 16, ""4"": 16, ""5"": 16, ""6"": 16, ""7"": 16, ""8"": 16, ""9"": 16, ""10"": 16, ""11"": 16, ""12"": 16, ""13"": 16}",cached_parquet_balanced_pool,generative_nb,
dbpedia_14,16,0.3,symmetric,multinomial_nb,404,224,2800,14,0.27232142857142855,0.6835714285714286,0.6693702351310907,0.09600043296813965,"{""0"": 16, ""1"": 16, ""2"": 16, ""3"": 16, ""4"": 16, ""5"": 16, ""6"": 16, ""7"": 16, ""8"": 16, ""9"": 16, ""10"": 16, ""11"": 16, ""12"": 16, ""13"": 16}",cached_parquet_balanced_pool,generative_nb,
dbpedia_14,16,0.3,symmetric,multinomial_nb,505,224,2800,14,0.29017857142857145,0.6639285714285714,0.6472711667573022,0.09174346923828125,"{""0"": 16, ""1"": 16, ""2"": 16, ""3"": 16, ""4"": 16, ""5"": 16, ""6"": 16, ""7"": 16, ""8"": 16, ""9"": 16, ""10"": 16, ""11"": 16, ""12"": 16, ""13"": 16}",cached_parquet_balanced_pool,generative_nb,
dbpedia_14,16,0.3,symmetric,softmax_logreg,101,224,2800,14,0.30357142857142855,0.6671428571428571,0.659095119017451,0.23135781288146973,"{""0"": 16, ""1"": 16, ""2"": 16, ""3"": 16, ""4"": 16, ""5"": 16, ""6"": 16, ""7"": 16, ""8"": 16, ""9"": 16, ""10"": 16, ""11"": 16, ""12"": 16, ""13"": 16}",cached_parquet_balanced_pool,linear_probabilistic,
dbpedia_14,16,0.3,symmetric,softmax_logreg,202,224,2800,14,0.2767857142857143,0.6532142857142857,0.6501752358663931,0.2283792495727539,"{""0"": 16, ""1"": 16, ""2"": 16, ""3"": 16, ""4"": 16, ""5"": 16, ""6"": 16, ""7"": 16, ""8"": 16, ""9"": 16, ""10"": 16, ""11"": 16, ""12"": 16, ""13"": 16}",cached_parquet_balanced_pool,linear_probabilistic,
dbpedia_14,16,0.3,symmetric,softmax_logreg,303,224,2800,14,0.32142857142857145,0.6260714285714286,0.5979897784962735,0.19730114936828613,"{""0"": 16, ""1"": 16, ""2"": 16, ""3"": 16, ""4"": 16, ""5"": 16, ""6"": 16, ""7"": 16, ""8"": 16, ""9"": 16, ""10"": 16, ""11"": 16, ""12"": 16, ""13"": 16}",cached_parquet_balanced_pool,linear_probabilistic,
dbpedia_14,16,0.3,symmetric,softmax_logreg,404,224,2800,14,0.27232142857142855,0.6532142857142857,0.6141788129482231,0.1988818645477295,"{""0"": 16, ""1"": 16, ""2"": 16, ""3"": 16, ""4"": 16, ""5"": 16, ""6"": 16, ""7"": 16, ""8"": 16, ""9"": 16, ""10"": 16, ""11"": 16, ""12"": 16, ""13"": 16}",cached_parquet_balanced_pool,linear_probabilistic,
dbpedia_14,16,0.3,symmetric,softmax_logreg,505,224,2800,14,0.29017857142857145,0.6307142857142857,0.5900003211961049,0.3103933334350586,"{""0"": 16, ""1"": 16, ""2"": 16, ""3"": 16, ""4"": 16, ""5"": 16, ""6"": 16, ""7"": 16, ""8"": 16, ""9"": 16, ""10"": 16, ""11"": 16, ""12"": 16, ""13"": 16}",cached_parquet_balanced_pool,linear_probabilistic,
dbpedia_14,16,0.3,symmetric,trimmed_softmax_logreg,101,224,2800,14,0.30357142857142855,0.5139285714285714,0.42997966794575876,0.3437819480895996,"{""0"": 16, ""1"": 16, ""2"": 16, ""3"": 16, ""4"": 16, ""5"": 16, ""6"": 16, ""7"": 16, ""8"": 16, ""9"": 16, ""10"": 16, ""11"": 16, ""12"": 16, ""13"": 16}",cached_parquet_balanced_pool,bounded_robust_variant,kept_fraction=0.8036
dbpedia_14,16,0.3,symmetric,trimmed_softmax_logreg,202,224,2800,14,0.2767857142857143,0.51,0.46003741935798115,0.22612977027893066,"{""0"": 16, ""1"": 16, ""2"": 16, ""3"": 16, ""4"": 16, ""5"": 16, ""6"": 16, ""7"": 16, ""8"": 16, ""9"": 16, ""10"": 16, ""11"": 16, ""12"": 16, ""13"": 16}",cached_parquet_balanced_pool,bounded_robust_variant,kept_fraction=0.8036
dbpedia_14,16,0.3,symmetric,trimmed_softmax_logreg,303,224,2800,14,0.32142857142857145,0.47214285714285714,0.3925617188379529,0.2634732723236084,"{""0"": 16, ""1"": 16, ""2"": 16, ""3"": 16, ""4"": 16, ""5"": 16, ""6"": 16, ""7"": 16, ""8"": 16, ""9"": 16, ""10"": 16, ""11"": 16, ""12"": 16, ""13"": 16}",cached_parquet_balanced_pool,bounded_robust_variant,kept_fraction=0.8036
dbpedia_14,16,0.3,symmetric,trimmed_softmax_logreg,404,224,2800,14,0.27232142857142855,0.5678571428571428,0.47869525934196766,0.3002901077270508,"{""0"": 16, ""1"": 16, ""2"": 16, ""3"": 16, ""4"": 16, ""5"": 16, ""6"": 16, ""7"": 16, ""8"": 16, ""9"": 16, ""10"": 16, ""11"": 16, ""12"": 16, ""13"": 16}",cached_parquet_balanced_pool,bounded_robust_variant,kept_fraction=0.8080
dbpedia_14,16,0.3,symmetric,trimmed_softmax_logreg,505,224,2800,14,0.29017857142857145,0.5614285714285714,0.4737627720753041,0.23202061653137207,"{""0"": 16, ""1"": 16, ""2"": 16, ""3"": 16, ""4"": 16, ""5"": 16, ""6"": 16, ""7"": 16, ""8"": 16, ""9"": 16, ""10"": 16, ""11"": 16, ""12"": 16, ""13"": 16}",cached_parquet_balanced_pool,bounded_robust_variant,kept_fraction=0.8036
dbpedia_14,64,0.0,class_conditional,linear_svm_hinge,101,896,2800,14,0.0,0.8303571428571429,0.8226199035197241,1.5487518310546875,"{""0"": 64, ""1"": 64, ""2"": 64, ""3"": 64, ""4"": 64, ""5"": 64, ""6"": 64, ""7"": 64, ""8"": 64, ""9"": 64, ""10"": 64, ""11"": 64, ""12"": 64, ""13"": 64}",cached_parquet_balanced_pool,linear_margin,
dbpedia_14,64,0.0,class_conditional,linear_svm_hinge,202,896,2800,14,0.0,0.8339285714285715,0.8300416526984264,1.552135944366455,"{""0"": 64, ""1"": 64, ""2"": 64, ""3"": 64, ""4"": 64, ""5"": 64, ""6"": 64, ""7"": 64, ""8"": 64, ""9"": 64, ""10"": 64, ""11"": 64, ""12"": 64, ""13"": 64}",cached_parquet_balanced_pool,linear_margin,
dbpedia_14,64,0.0,class_conditional,linear_svm_hinge,303,896,2800,14,0.0,0.8235714285714286,0.8119629294989515,1.4990956783294678,"{""0"": 64, ""1"": 64, ""2"": 64, ""3"": 64, ""4"": 64, ""5"": 64, ""6"": 64, ""7"": 64, ""8"": 64, ""9"": 64, ""10"": 64, ""11"": 64, ""12"": 64, ""13"": 64}",cached_parquet_balanced_pool,linear_margin,
dbpedia_14,64,0.0,class_conditional,linear_svm_hinge,404,896,2800,14,0.0,0.7839285714285714,0.7659629282602651,1.4615607261657715,"{""0"": 64, ""1"": 64, ""2"": 64, ""3"": 64, ""4"": 64, ""5"": 64, ""6"": 64, ""7"": 64, ""8"": 64, ""9"": 64, ""10"": 64, ""11"": 64, ""12"": 64, ""13"": 64}",cached_parquet_balanced_pool,linear_margin,
dbpedia_14,64,0.0,class_conditional,linear_svm_hinge,505,896,2800,14,0.0,0.8278571428571428,0.8121220124389625,1.8983542919158936,"{""0"": 64, ""1"": 64, ""2"": 64, ""3"": 64, ""4"": 64, ""5"": 64, ""6"": 64, ""7"": 64, ""8"": 64, ""9"": 64, ""10"": 64, ""11"": 64, ""12"": 64, ""13"": 64}",cached_parquet_balanced_pool,linear_margin,
dbpedia_14,64,0.0,class_conditional,multinomial_nb,101,896,2800,14,0.0,0.8942857142857142,0.8929686746154555,0.11956381797790527,"{""0"": 64, ""1"": 64, ""2"": 64, ""3"": 64, ""4"": 64, ""5"": 64, ""6"": 64, ""7"": 64, ""8"": 64, ""9"": 64, ""10"": 64, ""11"": 64, ""12"": 64, ""13"": 64}",cached_parquet_balanced_pool,generative_nb,
dbpedia_14,64,0.0,class_conditional,multinomial_nb,202,896,2800,14,0.0,0.9057142857142857,0.9047082448513794,0.11973905563354492,"{""0"": 64, ""1"": 64, ""2"": 64, ""3"": 64, ""4"": 64, ""5"": 64, ""6"": 64, ""7"": 64, ""8"": 64, ""9"": 64, ""10"": 64, ""11"": 64, ""12"": 64, ""13"": 64}",cached_parquet_balanced_pool,generative_nb,
dbpedia_14,64,0.0,class_conditional,multinomial_nb,303,896,2800,14,0.0,0.8857142857142857,0.8842027464864923,0.12124824523925781,"{""0"": 64, ""1"": 64, ""2"": 64, ""3"": 64, ""4"": 64, ""5"": 64, ""6"": 64, ""7"": 64, ""8"": 64, ""9"": 64, ""10"": 64, ""11"": 64, ""12"": 64, ""13"": 64}",cached_parquet_balanced_pool,generative_nb,
dbpedia_14,64,0.0,class_conditional,multinomial_nb,404,896,2800,14,0.0,0.895,0.893530277627115,0.12033414840698242,"{""0"": 64, ""1"": 64, ""2"": 64, ""3"": 64, ""4"": 64, ""5"": 64, ""6"": 64, ""7"": 64, ""8"": 64, ""9"": 64, ""10"": 64, ""11"": 64, ""12"": 64, ""13"": 64}",cached_parquet_balanced_pool,generative_nb,
dbpedia_14,64,0.0,class_conditional,multinomial_nb,505,896,2800,14,0.0,0.8985714285714286,0.8975246054612052,0.12426161766052246,"{""0"": 64, ""1"": 64, ""2"": 64, ""3"": 64, ""4"": 64, ""5"": 64, ""6"": 64, ""7"": 64, ""8"": 64, ""9"": 64, ""10"": 64, ""11"": 64, ""12"": 64, ""13"": 64}",cached_parquet_balanced_pool,generative_nb,
dbpedia_14,64,0.0,class_conditional,softmax_logreg,101,896,2800,14,0.0,0.8914285714285715,0.8898028644272211,0.45242810249328613,"{""0"": 64, ""1"": 64, ""2"": 64, ""3"": 64, ""4"": 64, ""5"": 64, ""6"": 64, ""7"": 64, ""8"": 64, ""9"": 64, ""10"": 64, ""11"": 64, ""12"": 64, ""13"": 64}",cached_parquet_balanced_pool,linear_probabilistic,
dbpedia_14,64,0.0,class_conditional,softmax_logreg,202,896,2800,14,0.0,0.8903571428571428,0.8887658049545337,0.3720526695251465,"{""0"": 64, ""1"": 64, ""2"": 64, ""3"": 64, ""4"": 64, ""5"": 64, ""6"": 64, ""7"": 64, ""8"": 64, ""9"": 64, ""10"": 64, ""11"": 64, ""12"": 64, ""13"": 64}",cached_parquet_balanced_pool,linear_probabilistic,
dbpedia_14,64,0.0,class_conditional,softmax_logreg,303,896,2800,14,0.0,0.8907142857142857,0.8877442730231483,0.46792101860046387,"{""0"": 64, ""1"": 64, ""2"": 64, ""3"": 64, ""4"": 64, ""5"": 64, ""6"": 64, ""7"": 64, ""8"": 64, ""9"": 64, ""10"": 64, ""11"": 64, ""12"": 64, ""13"": 64}",cached_parquet_balanced_pool,linear_probabilistic,
dbpedia_14,64,0.0,class_conditional,softmax_logreg,404,896,2800,14,0.0,0.89,0.8883220063314325,0.4076542854309082,"{""0"": 64, ""1"": 64, ""2"": 64, ""3"": 64, ""4"": 64, ""5"": 64, ""6"": 64, ""7"": 64, ""8"": 64, ""9"": 64, ""10"": 64, ""11"": 64, ""12"": 64, ""13"": 64}",cached_parquet_balanced_pool,linear_probabilistic,
dbpedia_14,64,0.0,class_conditional,softmax_logreg,505,896,2800,14,0.0,0.8935714285714286,0.891922404993407,0.44371700286865234,"{""0"": 64, ""1"": 64, ""2"": 64, ""3"": 64, ""4"": 64, ""5"": 64, ""6"": 64, ""7"": 64, ""8"": 64, ""9"": 64, ""10"": 64, ""11"": 64, ""12"": 64, ""13"": 64}",cached_parquet_balanced_pool,linear_probabilistic,
dbpedia_14,64,0.0,class_conditional,trimmed_softmax_logreg,101,896,2800,14,0.0,0.7225,0.6722763237371794,0.5703768730163574,"{""0"": 64, ""1"": 64, ""2"": 64, ""3"": 64, ""4"": 64, ""5"": 64, ""6"": 64, ""7"": 64, ""8"": 64, ""9"": 64, ""10"": 64, ""11"": 64, ""12"": 64, ""13"": 64}",cached_parquet_balanced_pool,bounded_robust_variant,kept_fraction=0.8002
dbpedia_14,64,0.0,class_conditional,trimmed_softmax_logreg,202,896,2800,14,0.0,0.6807142857142857,0.6257204998056813,0.4599490165710449,"{""0"": 64, ""1"": 64, ""2"": 64, ""3"": 64, ""4"": 64, ""5"": 64, ""6"": 64, ""7"": 64, ""8"": 64, ""9"": 64, ""10"": 64, ""11"": 64, ""12"": 64, ""13"": 64}",cached_parquet_balanced_pool,bounded_robust_variant,kept_fraction=0.8002
dbpedia_14,64,0.0,class_conditional,trimmed_softmax_logreg,303,896,2800,14,0.0,0.7296428571428571,0.6754411349788015,0.6445534229278564,"{""0"": 64, ""1"": 64, ""2"": 64, ""3"": 64, ""4"": 64, ""5"": 64, ""6"": 64, ""7"": 64, ""8"": 64, ""9"": 64, ""10"": 64, ""11"": 64, ""12"": 64, ""13"": 64}",cached_parquet_balanced_pool,bounded_robust_variant,kept_fraction=0.8002
dbpedia_14,64,0.0,class_conditional,trimmed_softmax_logreg,404,896,2800,14,0.0,0.7257142857142858,0.6819104673524017,3.6069507598876953,"{""0"": 64, ""1"": 64, ""2"": 64, ""3"": 64, ""4"": 64, ""5"": 64, ""6"": 64, ""7"": 64, ""8"": 64, ""9"": 64, ""10"": 64, ""11"": 64, ""12"": 64, ""13"": 64}",cached_parquet_balanced_pool,bounded_robust_variant,kept_fraction=0.8002
dbpedia_14,64,0.0,class_conditional,trimmed_softmax_logreg,505,896,2800,14,0.0,0.7046428571428571,0.6634030552327408,0.5146498680114746,"{""0"": 64, ""1"": 64, ""2"": 64, ""3"": 64, ""4"": 64, ""5"": 64, ""6"": 64, ""7"": 64, ""8"": 64, ""9"": 64, ""10"": 64, ""11"": 64, ""12"": 64, ""13"": 64}",cached_parquet_balanced_pool,bounded_robust_variant,kept_fraction=0.8002
dbpedia_14,64,0.0,symmetric,linear_svm_hinge,101,896,2800,14,0.0,0.8303571428571429,0.8226199035197241,1.7862536907196045,"{""0"": 64, ""1"": 64, ""2"": 64, ""3"": 64, ""4"": 64, ""5"": 64, ""6"": 64, ""7"": 64, ""8"": 64, ""9"": 64, ""10"": 64, ""11"": 64, ""12"": 64, ""13"": 64}",cached_parquet_balanced_pool,linear_margin,
dbpedia_14,64,0.0,symmetric,linear_svm_hinge,202,896,2800,14,0.0,0.8339285714285715,0.8300416526984264,2.1726222038269043,"{""0"": 64, ""1"": 64, ""2"": 64, ""3"": 64, ""4"": 64, ""5"": 64, ""6"": 64, ""7"": 64, ""8"": 64, ""9"": 64, ""10"": 64, ""11"": 64, ""12"": 64, ""13"": 64}",cached_parquet_balanced_pool,linear_margin,
dbpedia_14,64,0.0,symmetric,linear_svm_hinge,303,896,2800,14,0.0,0.8235714285714286,0.8119629294989515,1.8611946105957031,"{""0"": 64, ""1"": 64, ""2"": 64, ""3"": 64, ""4"": 64, ""5"": 64, ""6"": 64, ""7"": 64, ""8"": 64, ""9"": 64, ""10"": 64, ""11"": 64, ""12"": 64, ""13"": 64}",cached_parquet_balanced_pool,linear_margin,
dbpedia_14,64,0.0,symmetric,linear_svm_hinge,404,896,2800,14,0.0,0.7839285714285714,0.7659629282602651,1.8107140064239502,"{""0"": 64, ""1"": 64, ""2"": 64, ""3"": 64, ""4"": 64, ""5"": 64, ""6"": 64, ""7"": 64, ""8"": 64, ""9"": 64, ""10"": 64, ""11"": 64, ""12"": 64, ""13"": 64}",cached_parquet_balanced_pool,linear_margin,
dbpedia_14,64,0.0,symmetric,linear_svm_hinge,505,896,2800,14,0.0,0.8278571428571428,0.8121220124389625,1.8748176097869873,"{""0"": 64, ""1"": 64, ""2"": 64, ""3"": 64, ""4"": 64, ""5"": 64, ""6"": 64, ""7"": 64, ""8"": 64, ""9"": 64, ""10"": 64, ""11"": 64, ""12"": 64, ""13"": 64}",cached_parquet_balanced_pool,linear_margin,
dbpedia_14,64,0.0,symmetric,multinomial_nb,101,896,2800,14,0.0,0.8942857142857142,0.8929686746154555,0.12032651901245117,"{""0"": 64, ""1"": 64, ""2"": 64, ""3"": 64, ""4"": 64, ""5"": 64, ""6"": 64, ""7"": 64, ""8"": 64, ""9"": 64, ""10"": 64, ""11"": 64, ""12"": 64, ""13"": 64}",cached_parquet_balanced_pool,generative_nb,
dbpedia_14,64,0.0,symmetric,multinomial_nb,202,896,2800,14,0.0,0.9057142857142857,0.9047082448513794,0.12721824645996094,"{""0"": 64, ""1"": 64, ""2"": 64, ""3"": 64, ""4"": 64, ""5"": 64, ""6"": 64, ""7"": 64, ""8"": 64, ""9"": 64, ""10"": 64, ""11"": 64, ""12"": 64, ""13"": 64}",cached_parquet_balanced_pool,generative_nb,
dbpedia_14,64,0.0,symmetric,multinomial_nb,303,896,2800,14,0.0,0.8857142857142857,0.8842027464864923,0.12178158760070801,"{""0"": 64, ""1"": 64, ""2"": 64, ""3"": 64, ""4"": 64, ""5"": 64, ""6"": 64, ""7"": 64, ""8"": 64, ""9"": 64, ""10"": 64, ""11"": 64, ""12"": 64, ""13"": 64}",cached_parquet_balanced_pool,generative_nb,
dbpedia_14,64,0.0,symmetric,multinomial_nb,404,896,2800,14,0.0,0.895,0.893530277627115,0.12430763244628906,"{""0"": 64, ""1"": 64, ""2"": 64, ""3"": 64, ""4"": 64, ""5"": 64, ""6"": 64, ""7"": 64, ""8"": 64, ""9"": 64, ""10"": 64, ""11"": 64, ""12"": 64, ""13"": 64}",cached_parquet_balanced_pool,generative_nb,
dbpedia_14,64,0.0,symmetric,multinomial_nb,505,896,2800,14,0.0,0.8985714285714286,0.8975246054612052,0.12534451484680176,"{""0"": 64, ""1"": 64, ""2"": 64, ""3"": 64, ""4"": 64, ""5"": 64, ""6"": 64, ""7"": 64, ""8"": 64, ""9"": 64, ""10"": 64, ""11"": 64, ""12"": 64, ""13"": 64}",cached_parquet_balanced_pool,generative_nb,
dbpedia_14,64,0.0,symmetric,softmax_logreg,101,896,2800,14,0.0,0.8914285714285715,0.8898028644272211,0.40044713020324707,"{""0"": 64, ""1"": 64, ""2"": 64, ""3"": 64, ""4"": 64, ""5"": 64, ""6"": 64, ""7"": 64, ""8"": 64, ""9"": 64, ""10"": 64, ""11"": 64, ""12"": 64, ""13"": 64}",cached_parquet_balanced_pool,linear_probabilistic,
dbpedia_14,64,0.0,symmetric,softmax_logreg,202,896,2800,14,0.0,0.8903571428571428,0.8887658049545337,0.4332561492919922,"{""0"": 64, ""1"": 64, ""2"": 64, ""3"": 64, ""4"": 64, ""5"": 64, ""6"": 64, ""7"": 64, ""8"": 64, ""9"": 64, ""10"": 64, ""11"": 64, ""12"": 64, ""13"": 64}",cached_parquet_balanced_pool,linear_probabilistic,
dbpedia_14,64,0.0,symmetric,softmax_logreg,303,896,2800,14,0.0,0.8907142857142857,0.8877442730231483,0.39758992195129395,"{""0"": 64, ""1"": 64, ""2"": 64, ""3"": 64, ""4"": 64, ""5"": 64, ""6"": 64, ""7"": 64, ""8"": 64, ""9"": 64, ""10"": 64, ""11"": 64, ""12"": 64, ""13"": 64}",cached_parquet_balanced_pool,linear_probabilistic,
dbpedia_14,64,0.0,symmetric,softmax_logreg,404,896,2800,14,0.0,0.89,0.8883220063314325,0.4819481372833252,"{""0"": 64, ""1"": 64, ""2"": 64, ""3"": 64, ""4"": 64, ""5"": 64, ""6"": 64, ""7"": 64, ""8"": 64, ""9"": 64, ""10"": 64, ""11"": 64, ""12"": 64, ""13"": 64}",cached_parquet_balanced_pool,linear_probabilistic,
dbpedia_14,64,0.0,symmetric,softmax_logreg,505,896,2800,14,0.0,0.8935714285714286,0.891922404993407,0.42278242111206055,"{""0"": 64, ""1"": 64, ""2"": 64, ""3"": 64, ""4"": 64, ""5"": 64, ""6"": 64, ""7"": 64, ""8"": 64, ""9"": 64, ""10"": 64, ""11"": 64, ""12"": 64, ""13"": 64}",cached_parquet_balanced_pool,linear_probabilistic,
dbpedia_14,64,0.0,symmetric,trimmed_softmax_logreg,101,896,2800,14,0.0,0.7225,0.6722763237371794,0.6227014064788818,"{""0"": 64, ""1"": 64, ""2"": 64, ""3"": 64, ""4"": 64, ""5"": 64, ""6"": 64, ""7"": 64, ""8"": 64, ""9"": 64, ""10"": 64, ""11"": 64, ""12"": 64, ""13"": 64}",cached_parquet_balanced_pool,bounded_robust_variant,kept_fraction=0.8002
dbpedia_14,64,0.0,symmetric,trimmed_softmax_logreg,202,896,2800,14,0.0,0.6807142857142857,0.6257204998056813,0.4539775848388672,"{""0"": 64, ""1"": 64, ""2"": 64, ""3"": 64, ""4"": 64, ""5"": 64, ""6"": 64, ""7"": 64, ""8"": 64, ""9"": 64, ""10"": 64, ""11"": 64, ""12"": 64, ""13"": 64}",cached_parquet_balanced_pool,bounded_robust_variant,kept_fraction=0.8002
dbpedia_14,64,0.0,symmetric,trimmed_softmax_logreg,303,896,2800,14,0.0,0.7296428571428571,0.6754411349788015,0.47633981704711914,"{""0"": 64, ""1"": 64, ""2"": 64, ""3"": 64, ""4"": 64, ""5"": 64, ""6"": 64, ""7"": 64, ""8"": 64, ""9"": 64, ""10"": 64, ""11"": 64, ""12"": 64, ""13"": 64}",cached_parquet_balanced_pool,bounded_robust_variant,kept_fraction=0.8002
dbpedia_14,64,0.0,symmetric,trimmed_softmax_logreg,404,896,2800,14,0.0,0.7257142857142858,0.6819104673524017,0.558215856552124,"{""0"": 64, ""1"": 64, ""2"": 64, ""3"": 64, ""4"": 64, ""5"": 64, ""6"": 64, ""7"": 64, ""8"": 64, ""9"": 64, ""10"": 64, ""11"": 64, ""12"": 64, ""13"": 64}",cached_parquet_balanced_pool,bounded_robust_variant,kept_fraction=0.8002
dbpedia_14,64,0.0,symmetric,trimmed_softmax_logreg,505,896,2800,14,0.0,0.7046428571428571,0.6634030552327408,0.5722522735595703,"{""0"": 64, ""1"": 64, ""2"": 64, ""3"": 64, ""4"": 64, ""5"": 64, ""6"": 64, ""7"": 64, ""8"": 64, ""9"": 64, ""10"": 64, ""11"": 64, ""12"": 64, ""13"": 64}",cached_parquet_balanced_pool,bounded_robust_variant,kept_fraction=0.8002
dbpedia_14,64,0.05,class_conditional,linear_svm_hinge,101,896,2800,14,0.041294642857142856,0.8157142857142857,0.7899051424142797,1.8506100177764893,"{""0"": 64, ""1"": 64, ""2"": 64, ""3"": 64, ""4"": 64, ""5"": 64, ""6"": 64, ""7"": 64, ""8"": 64, ""9"": 64, ""10"": 64, ""11"": 64, ""12"": 64, ""13"": 64}",cached_parquet_balanced_pool,linear_margin,
dbpedia_14,64,0.05,class_conditional,linear_svm_hinge,202,896,2800,14,0.04575892857142857,0.8132142857142857,0.8023357139007733,1.7874674797058105,"{""0"": 64, ""1"": 64, ""2"": 64, ""3"": 64, ""4"": 64, ""5"": 64, ""6"": 64, ""7"": 64, ""8"": 64, ""9"": 64, ""10"": 64, ""11"": 64, ""12"": 64, ""13"": 64}",cached_parquet_balanced_pool,linear_margin,
dbpedia_14,64,0.05,class_conditional,linear_svm_hinge,303,896,2800,14,0.049107142857142856,0.775,0.7573091530051558,1.7662112712860107,"{""0"": 64, ""1"": 64, ""2"": 64, ""3"": 64, ""4"": 64, ""5"": 64, ""6"": 64, ""7"": 64, ""8"": 64, ""9"": 64, ""10"": 64, ""11"": 64, ""12"": 64, ""13"": 64}",cached_parquet_balanced_pool,linear_margin,
dbpedia_14,64,0.05,class_conditional,linear_svm_hinge,404,896,2800,14,0.0546875,0.8410714285714286,0.8379414757236576,1.7163193225860596,"{""0"": 64, ""1"": 64, ""2"": 64, ""3"": 64, ""4"": 64, ""5"": 64, ""6"": 64, ""7"": 64, ""8"": 64, ""9"": 64, ""10"": 64, ""11"": 64, ""12"": 64, ""13"": 64}",cached_parquet_balanced_pool,linear_margin,
dbpedia_14,64,0.05,class_conditional,linear_svm_hinge,505,896,2800,14,0.04799107142857143,0.8535714285714285,0.8522670904992775,2.6586296558380127,"{""0"": 64, ""1"": 64, ""2"": 64, ""3"": 64, ""4"": 64, ""5"": 64, ""6"": 64, ""7"": 64, ""8"": 64, ""9"": 64, ""10"": 64, ""11"": 64, ""12"": 64, ""13"": 64}",cached_parquet_balanced_pool,linear_margin,
dbpedia_14,64,0.05,class_conditional,multinomial_nb,101,896,2800,14,0.041294642857142856,0.8789285714285714,0.8768445852022653,0.12221169471740723,"{""0"": 64, ""1"": 64, ""2"": 64, ""3"": 64, ""4"": 64, ""5"": 64, ""6"": 64, ""7"": 64, ""8"": 64, ""9"": 64, ""10"": 64, ""11"": 64, ""12"": 64, ""13"": 64}",cached_parquet_balanced_pool,generative_nb,
dbpedia_14,64,0.05,class_conditional,multinomial_nb,202,896,2800,14,0.04575892857142857,0.89,0.8881642166717076,0.12238597869873047,"{""0"": 64, ""1"": 64, ""2"": 64, ""3"": 64, ""4"": 64, ""5"": 64, ""6"": 64, ""7"": 64, ""8"": 64, ""9"": 64, ""10"": 64, ""11"": 64, ""12"": 64, ""13"": 64}",cached_parquet_balanced_pool,generative_nb,
dbpedia_14,64,0.05,class_conditional,multinomial_nb,303,896,2800,14,0.049107142857142856,0.8796428571428572,0.8776071033402152,0.12334895133972168,"{""0"": 64, ""1"": 64, ""2"": 64, ""3"": 64, ""4"": 64, ""5"": 64, ""6"": 64, ""7"": 64, ""8"": 64, ""9"": 64, ""10"": 64, ""11"": 64, ""12"": 64, ""13"": 64}",cached_parquet_balanced_pool,generative_nb,
dbpedia_14,64,0.05,class_conditional,multinomial_nb,404,896,2800,14,0.0546875,0.8832142857142857,0.8811477764721615,0.11905217170715332,"{""0"": 64, ""1"": 64, ""2"": 64, ""3"": 64, ""4"": 64, ""5"": 64, ""6"": 64, ""7"": 64, ""8"": 64, ""9"": 64, ""10"": 64, ""11"": 64, ""12"": 64, ""13"": 64}",cached_parquet_balanced_pool,generative_nb,
dbpedia_14,64,0.05,class_conditional,multinomial_nb,505,896,2800,14,0.04799107142857143,0.8875,0.8862746190070095,0.12256503105163574,"{""0"": 64, ""1"": 64, ""2"": 64, ""3"": 64, ""4"": 64, ""5"": 64, ""6"": 64, ""7"": 64, ""8"": 64, ""9"": 64, ""10"": 64, ""11"": 64, ""12"": 64, ""13"": 64}",cached_parquet_balanced_pool,generative_nb,
dbpedia_14,64,0.05,class_conditional,softmax_logreg,101,896,2800,14,0.041294642857142856,0.8703571428571428,0.8673688721309744,0.4362063407897949,"{""0"": 64, ""1"": 64, ""2"": 64, ""3"": 64, ""4"": 64, ""5"": 64, ""6"": 64, ""7"": 64, ""8"": 64, ""9"": 64, ""10"": 64, ""11"": 64, ""12"": 64, ""13"": 64}",cached_parquet_balanced_pool,linear_probabilistic,
dbpedia_14,64,0.05,class_conditional,softmax_logreg,202,896,2800,14,0.04575892857142857,0.8596428571428572,0.8522631946734631,0.45616674423217773,"{""0"": 64, ""1"": 64, ""2"": 64, ""3"": 64, ""4"": 64, ""5"": 64, ""6"": 64, ""7"": 64, ""8"": 64, ""9"": 64, ""10"": 64, ""11"": 64, ""12"": 64, ""13"": 64}",cached_parquet_balanced_pool,linear_probabilistic,
dbpedia_14,64,0.05,class_conditional,softmax_logreg,303,896,2800,14,0.049107142857142856,0.8739285714285714,0.8687998998092424,0.42632079124450684,"{""0"": 64, ""1"": 64, ""2"": 64, ""3"": 64, ""4"": 64, ""5"": 64, ""6"": 64, ""7"": 64, ""8"": 64, ""9"": 64, ""10"": 64, ""11"": 64, ""12"": 64, ""13"": 64}",cached_parquet_balanced_pool,linear_probabilistic,
dbpedia_14,64,0.05,class_conditional,softmax_logreg,404,896,2800,14,0.0546875,0.8685714285714285,0.8658566517846796,0.372417688369751,"{""0"": 64, ""1"": 64, ""2"": 64, ""3"": 64, ""4"": 64, ""5"": 64, ""6"": 64, ""7"": 64, ""8"": 64, ""9"": 64, ""10"": 64, ""11"": 64, ""12"": 64, ""13"": 64}",cached_parquet_balanced_pool,linear_probabilistic,
dbpedia_14,64,0.05,class_conditional,softmax_logreg,505,896,2800,14,0.04799107142857143,0.8778571428571429,0.8767247886476134,0.46355676651000977,"{""0"": 64, ""1"": 64, ""2"": 64, ""3"": 64, ""4"": 64, ""5"": 64, ""6"": 64, ""7"": 64, ""8"": 64, ""9"": 64, ""10"": 64, ""11"": 64, ""12"": 64, ""13"": 64}",cached_parquet_balanced_pool,linear_probabilistic,
dbpedia_14,64,0.05,class_conditional,trimmed_softmax_logreg,101,896,2800,14,0.041294642857142856,0.7060714285714286,0.6670254431699146,0.5113439559936523,"{""0"": 64, ""1"": 64, ""2"": 64, ""3"": 64, ""4"": 64, ""5"": 64, ""6"": 64, ""7"": 64, ""8"": 64, ""9"": 64, ""10"": 64, ""11"": 64, ""12"": 64, ""13"": 64}",cached_parquet_balanced_pool,bounded_robust_variant,kept_fraction=0.8002
dbpedia_14,64,0.05,class_conditional,trimmed_softmax_logreg,202,896,2800,14,0.04575892857142857,0.7014285714285714,0.6652698820073917,0.5497515201568604,"{""0"": 64, ""1"": 64, ""2"": 64, ""3"": 64, ""4"": 64, ""5"": 64, ""6"": 64, ""7"": 64, ""8"": 64, ""9"": 64, ""10"": 64, ""11"": 64, ""12"": 64, ""13"": 64}",cached_parquet_balanced_pool,bounded_robust_variant,kept_fraction=0.8002
dbpedia_14,64,0.05,class_conditional,trimmed_softmax_logreg,303,896,2800,14,0.049107142857142856,0.7264285714285714,0.6831471387822325,0.4900553226470947,"{""0"": 64, ""1"": 64, ""2"": 64, ""3"": 64, ""4"": 64, ""5"": 64, ""6"": 64, ""7"": 64, ""8"": 64, ""9"": 64, ""10"": 64, ""11"": 64, ""12"": 64, ""13"": 64}",cached_parquet_balanced_pool,bounded_robust_variant,kept_fraction=0.8002
dbpedia_14,64,0.05,class_conditional,trimmed_softmax_logreg,404,896,2800,14,0.0546875,0.7142857142857143,0.6638723090858749,0.5633952617645264,"{""0"": 64, ""1"": 64, ""2"": 64, ""3"": 64, ""4"": 64, ""5"": 64, ""6"": 64, ""7"": 64, ""8"": 64, ""9"": 64, ""10"": 64, ""11"": 64, ""12"": 64, ""13"": 64}",cached_parquet_balanced_pool,bounded_robust_variant,kept_fraction=0.8002
dbpedia_14,64,0.05,class_conditional,trimmed_softmax_logreg,505,896,2800,14,0.04799107142857143,0.7121428571428572,0.6901728693784902,0.4385509490966797,"{""0"": 64, ""1"": 64, ""2"": 64, ""3"": 64, ""4"": 64, ""5"": 64, ""6"": 64, ""7"": 64, ""8"": 64, ""9"": 64, ""10"": 64, ""11"": 64, ""12"": 64, ""13"": 64}",cached_parquet_balanced_pool,bounded_robust_variant,kept_fraction=0.8002
dbpedia_14,64,0.05,symmetric,linear_svm_hinge,101,896,2800,14,0.04575892857142857,0.7864285714285715,0.7635150535427755,2.7446281909942627,"{""0"": 64, ""1"": 64, ""2"": 64, ""3"": 64, ""4"": 64, ""5"": 64, ""6"": 64, ""7"": 64, ""8"": 64, ""9"": 64, ""10"": 64, ""11"": 64, ""12"": 64, ""13"": 64}",cached_parquet_balanced_pool,linear_margin,
dbpedia_14,64,0.05,symmetric,linear_svm_hinge,202,896,2800,14,0.05803571428571429,0.8307142857142857,0.824001418921366,1.8140296936035156,"{""0"": 64, ""1"": 64, ""2"": 64, ""3"": 64, ""4"": 64, ""5"": 64, ""6"": 64, ""7"": 64, ""8"": 64, ""9"": 64, ""10"": 64, ""11"": 64, ""12"": 64, ""13"": 64}",cached_parquet_balanced_pool,linear_margin,
dbpedia_14,64,0.05,symmetric,linear_svm_hinge,303,896,2800,14,0.05022321428571429,0.8267857142857142,0.8054991148115498,1.7601733207702637,"{""0"": 64, ""1"": 64, ""2"": 64, ""3"": 64, ""4"": 64, ""5"": 64, ""6"": 64, ""7"": 64, ""8"": 64, ""9"": 64, ""10"": 64, ""11"": 64, ""12"": 64, ""13"": 64}",cached_parquet_balanced_pool,linear_margin,
dbpedia_14,64,0.05,symmetric,linear_svm_hinge,404,896,2800,14,0.05803571428571429,0.8757142857142857,0.8729103435342024,1.7948200702667236,"{""0"": 64, ""1"": 64, ""2"": 64, ""3"": 64, ""4"": 64, ""5"": 64, ""6"": 64, ""7"": 64, ""8"": 64, ""9"": 64, ""10"": 64, ""11"": 64, ""12"": 64, ""13"": 64}",cached_parquet_balanced_pool,linear_margin,
dbpedia_14,64,0.05,symmetric,linear_svm_hinge,505,896,2800,14,0.05133928571428571,0.8,0.7676574800258333,1.9319102764129639,"{""0"": 64, ""1"": 64, ""2"": 64, ""3"": 64, ""4"": 64, ""5"": 64, ""6"": 64, ""7"": 64, ""8"": 64, ""9"": 64, ""10"": 64, ""11"": 64, ""12"": 64, ""13"": 64}",cached_parquet_balanced_pool,linear_margin,
dbpedia_14,64,0.05,symmetric,multinomial_nb,101,896,2800,14,0.04575892857142857,0.8903571428571428,0.8890538544377369,0.1422567367553711,"{""0"": 64, ""1"": 64, ""2"": 64, ""3"": 64, ""4"": 64, ""5"": 64, ""6"": 64, ""7"": 64, ""8"": 64, ""9"": 64, ""10"": 64, ""11"": 64, ""12"": 64, ""13"": 64}",cached_parquet_balanced_pool,generative_nb,
dbpedia_14,64,0.05,symmetric,multinomial_nb,202,896,2800,14,0.05803571428571429,0.8975,0.8965096823479586,0.13561606407165527,"{""0"": 64, ""1"": 64, ""2"": 64, ""3"": 64, ""4"": 64, ""5"": 64, ""6"": 64, ""7"": 64, ""8"": 64, ""9"": 64, ""10"": 64, ""11"": 64, ""12"": 64, ""13"": 64}",cached_parquet_balanced_pool,generative_nb,
dbpedia_14,64,0.05,symmetric,multinomial_nb,303,896,2800,14,0.05022321428571429,0.8821428571428571,0.8801694261359421,0.13164496421813965,"{""0"": 64, ""1"": 64, ""2"": 64, ""3"": 64, ""4"": 64, ""5"": 64, ""6"": 64, ""7"": 64, ""8"": 64, ""9"": 64, ""10"": 64, ""11"": 64, ""12"": 64, ""13"": 64}",cached_parquet_balanced_pool,generative_nb,
dbpedia_14,64,0.05,symmetric,multinomial_nb,404,896,2800,14,0.05803571428571429,0.8878571428571429,0.8866743573767664,0.12869954109191895,"{""0"": 64, ""1"": 64, ""2"": 64, ""3"": 64, ""4"": 64, ""5"": 64, ""6"": 64, ""7"": 64, ""8"": 64, ""9"": 64, ""10"": 64, ""11"": 64, ""12"": 64, ""13"": 64}",cached_parquet_balanced_pool,generative_nb,
dbpedia_14,64,0.05,symmetric,multinomial_nb,505,896,2800,14,0.05133928571428571,0.8917857142857143,0.8907005541753035,0.13154077529907227,"{""0"": 64, ""1"": 64, ""2"": 64, ""3"": 64, ""4"": 64, ""5"": 64, ""6"": 64, ""7"": 64, ""8"": 64, ""9"": 64, ""10"": 64, ""11"": 64, ""12"": 64, ""13"": 64}",cached_parquet_balanced_pool,generative_nb,
dbpedia_14,64,0.05,symmetric,softmax_logreg,101,896,2800,14,0.04575892857142857,0.8796428571428572,0.8771592019472616,0.4810361862182617,"{""0"": 64, ""1"": 64, ""2"": 64, ""3"": 64, ""4"": 64, ""5"": 64, ""6"": 64, ""7"": 64, ""8"": 64, ""9"": 64, ""10"": 64, ""11"": 64, ""12"": 64, ""13"": 64}",cached_parquet_balanced_pool,linear_probabilistic,
dbpedia_14,64,0.05,symmetric,softmax_logreg,202,896,2800,14,0.05803571428571429,0.8903571428571428,0.8900841250331482,0.43685364723205566,"{""0"": 64, ""1"": 64, ""2"": 64, ""3"": 64, ""4"": 64, ""5"": 64, ""6"": 64, ""7"": 64, ""8"": 64, ""9"": 64, ""10"": 64, ""11"": 64, ""12"": 64, ""13"": 64}",cached_parquet_balanced_pool,linear_probabilistic,
dbpedia_14,64,0.05,symmetric,softmax_logreg,303,896,2800,14,0.05022321428571429,0.8653571428571428,0.8573904239407282,0.41182470321655273,"{""0"": 64, ""1"": 64, ""2"": 64, ""3"": 64, ""4"": 64, ""5"": 64, ""6"": 64, ""7"": 64, ""8"": 64, ""9"": 64, ""10"": 64, ""11"": 64, ""12"": 64, ""13"": 64}",cached_parquet_balanced_pool,linear_probabilistic,
dbpedia_14,64,0.05,symmetric,softmax_logreg,404,896,2800,14,0.05803571428571429,0.8782142857142857,0.8776880941570028,0.5274486541748047,"{""0"": 64, ""1"": 64, ""2"": 64, ""3"": 64, ""4"": 64, ""5"": 64, ""6"": 64, ""7"": 64, ""8"": 64, ""9"": 64, ""10"": 64, ""11"": 64, ""12"": 64, ""13"": 64}",cached_parquet_balanced_pool,linear_probabilistic,
dbpedia_14,64,0.05,symmetric,softmax_logreg,505,896,2800,14,0.05133928571428571,0.8860714285714286,0.8843468726037447,0.4217338562011719,"{""0"": 64, ""1"": 64, ""2"": 64, ""3"": 64, ""4"": 64, ""5"": 64, ""6"": 64, ""7"": 64, ""8"": 64, ""9"": 64, ""10"": 64, ""11"": 64, ""12"": 64, ""13"": 64}",cached_parquet_balanced_pool,linear_probabilistic,
dbpedia_14,64,0.05,symmetric,trimmed_softmax_logreg,101,896,2800,14,0.04575892857142857,0.7417857142857143,0.7044493556802556,0.5809040069580078,"{""0"": 64, ""1"": 64, ""2"": 64, ""3"": 64, ""4"": 64, ""5"": 64, ""6"": 64, ""7"": 64, ""8"": 64, ""9"": 64, ""10"": 64, ""11"": 64, ""12"": 64, ""13"": 64}",cached_parquet_balanced_pool,bounded_robust_variant,kept_fraction=0.8002
dbpedia_14,64,0.05,symmetric,trimmed_softmax_logreg,202,896,2800,14,0.05803571428571429,0.7614285714285715,0.7456269682592268,0.5192897319793701,"{""0"": 64, ""1"": 64, ""2"": 64, ""3"": 64, ""4"": 64, ""5"": 64, ""6"": 64, ""7"": 64, ""8"": 64, ""9"": 64, ""10"": 64, ""11"": 64, ""12"": 64, ""13"": 64}",cached_parquet_balanced_pool,bounded_robust_variant,kept_fraction=0.8002
dbpedia_14,64,0.05,symmetric,trimmed_softmax_logreg,303,896,2800,14,0.05022321428571429,0.7314285714285714,0.6713235434925673,0.49552059173583984,"{""0"": 64, ""1"": 64, ""2"": 64, ""3"": 64, ""4"": 64, ""5"": 64, ""6"": 64, ""7"": 64, ""8"": 64, ""9"": 64, ""10"": 64, ""11"": 64, ""12"": 64, ""13"": 64}",cached_parquet_balanced_pool,bounded_robust_variant,kept_fraction=0.8002
dbpedia_14,64,0.05,symmetric,trimmed_softmax_logreg,404,896,2800,14,0.05803571428571429,0.7442857142857143,0.7259319067997986,0.5082809925079346,"{""0"": 64, ""1"": 64, ""2"": 64, ""3"": 64, ""4"": 64, ""5"": 64, ""6"": 64, ""7"": 64, ""8"": 64, ""9"": 64, ""10"": 64, ""11"": 64, ""12"": 64, ""13"": 64}",cached_parquet_balanced_pool,bounded_robust_variant,kept_fraction=0.8002
dbpedia_14,64,0.05,symmetric,trimmed_softmax_logreg,505,896,2800,14,0.05133928571428571,0.7242857142857143,0.6764369949346618,0.4871194362640381,"{""0"": 64, ""1"": 64, ""2"": 64, ""3"": 64, ""4"": 64, ""5"": 64, ""6"": 64, ""7"": 64, ""8"": 64, ""9"": 64, ""10"": 64, ""11"": 64, ""12"": 64, ""13"": 64}",cached_parquet_balanced_pool,bounded_robust_variant,kept_fraction=0.8002
dbpedia_14,64,0.1,class_conditional,linear_svm_hinge,101,896,2800,14,0.09263392857142858,0.8239285714285715,0.8180362171796105,1.8702623844146729,"{""0"": 64, ""1"": 64, ""2"": 64, ""3"": 64, ""4"": 64, ""5"": 64, ""6"": 64, ""7"": 64, ""8"": 64, ""9"": 64, ""10"": 64, ""11"": 64, ""12"": 64, ""13"": 64}",cached_parquet_balanced_pool,linear_margin,
dbpedia_14,64,0.1,class_conditional,linear_svm_hinge,202,896,2800,14,0.08705357142857142,0.8082142857142857,0.800030871350207,1.8195116519927979,"{""0"": 64, ""1"": 64, ""2"": 64, ""3"": 64, ""4"": 64, ""5"": 64, ""6"": 64, ""7"": 64, ""8"": 64, ""9"": 64, ""10"": 64, ""11"": 64, ""12"": 64, ""13"": 64}",cached_parquet_balanced_pool,linear_margin,
dbpedia_14,64,0.1,class_conditional,linear_svm_hinge,303,896,2800,14,0.11495535714285714,0.8128571428571428,0.7833785576189053,1.8073675632476807,"{""0"": 64, ""1"": 64, ""2"": 64, ""3"": 64, ""4"": 64, ""5"": 64, ""6"": 64, ""7"": 64, ""8"": 64, ""9"": 64, ""10"": 64, ""11"": 64, ""12"": 64, ""13"": 64}",cached_parquet_balanced_pool,linear_margin,
dbpedia_14,64,0.1,class_conditional,linear_svm_hinge,404,896,2800,14,0.109375,0.8064285714285714,0.7952277650645481,1.8282806873321533,"{""0"": 64, ""1"": 64, ""2"": 64, ""3"": 64, ""4"": 64, ""5"": 64, ""6"": 64, ""7"": 64, ""8"": 64, ""9"": 64, ""10"": 64, ""11"": 64, ""12"": 64, ""13"": 64}",cached_parquet_balanced_pool,linear_margin,
dbpedia_14,64,0.1,class_conditional,linear_svm_hinge,505,896,2800,14,0.10379464285714286,0.8042857142857143,0.7890790136409984,1.8872368335723877,"{""0"": 64, ""1"": 64, ""2"": 64, ""3"": 64, ""4"": 64, ""5"": 64, ""6"": 64, ""7"": 64, ""8"": 64, ""9"": 64, ""10"": 64, ""11"": 64, ""12"": 64, ""13"": 64}",cached_parquet_balanced_pool,linear_margin,
dbpedia_14,64,0.1,class_conditional,multinomial_nb,101,896,2800,14,0.09263392857142858,0.8664285714285714,0.8640480609111485,0.12182140350341797,"{""0"": 64, ""1"": 64, ""2"": 64, ""3"": 64, ""4"": 64, ""5"": 64, ""6"": 64, ""7"": 64, ""8"": 64, ""9"": 64, ""10"": 64, ""11"": 64, ""12"": 64, ""13"": 64}",cached_parquet_balanced_pool,generative_nb,
dbpedia_14,64,0.1,class_conditional,multinomial_nb,202,896,2800,14,0.08705357142857142,0.8814285714285715,0.8793625866492597,0.12299132347106934,"{""0"": 64, ""1"": 64, ""2"": 64, ""3"": 64, ""4"": 64, ""5"": 64, ""6"": 64, ""7"": 64, ""8"": 64, ""9"": 64, ""10"": 64, ""11"": 64, ""12"": 64, ""13"": 64}",cached_parquet_balanced_pool,generative_nb,
dbpedia_14,64,0.1,class_conditional,multinomial_nb,303,896,2800,14,0.11495535714285714,0.8742857142857143,0.8724732430689958,0.12308812141418457,"{""0"": 64, ""1"": 64, ""2"": 64, ""3"": 64, ""4"": 64, ""5"": 64, ""6"": 64, ""7"": 64, ""8"": 64, ""9"": 64, ""10"": 64, ""11"": 64, ""12"": 64, ""13"": 64}",cached_parquet_balanced_pool,generative_nb,
dbpedia_14,64,0.1,class_conditional,multinomial_nb,404,896,2800,14,0.109375,0.87,0.8670228912732304,0.12084531784057617,"{""0"": 64, ""1"": 64, ""2"": 64, ""3"": 64, ""4"": 64, ""5"": 64, ""6"": 64, ""7"": 64, ""8"": 64, ""9"": 64, ""10"": 64, ""11"": 64, ""12"": 64, ""13"": 64}",cached_parquet_balanced_pool,generative_nb,
dbpedia_14,64,0.1,class_conditional,multinomial_nb,505,896,2800,14,0.10379464285714286,0.8717857142857143,0.869670649337233,0.12191367149353027,"{""0"": 64, ""1"": 64, ""2"": 64, ""3"": 64, ""4"": 64, ""5"": 64, ""6"": 64, ""7"": 64, ""8"": 64, ""9"": 64, ""10"": 64, ""11"": 64, ""12"": 64, ""13"": 64}",cached_parquet_balanced_pool,generative_nb,
dbpedia_14,64,0.1,class_conditional,softmax_logreg,101,896,2800,14,0.09263392857142858,0.83,0.8234787649372594,0.4532191753387451,"{""0"": 64, ""1"": 64, ""2"": 64, ""3"": 64, ""4"": 64, ""5"": 64, ""6"": 64, ""7"": 64, ""8"": 64, ""9"": 64, ""10"": 64, ""11"": 64, ""12"": 64, ""13"": 64}",cached_parquet_balanced_pool,linear_probabilistic,
dbpedia_14,64,0.1,class_conditional,softmax_logreg,202,896,2800,14,0.08705357142857142,0.8321428571428572,0.8207790834483069,0.469789981842041,"{""0"": 64, ""1"": 64, ""2"": 64, ""3"": 64, ""4"": 64, ""5"": 64, ""6"": 64, ""7"": 64, ""8"": 64, ""9"": 64, ""10"": 64, ""11"": 64, ""12"": 64, ""13"": 64}",cached_parquet_balanced_pool,linear_probabilistic,
dbpedia_14,64,0.1,class_conditional,softmax_logreg,303,896,2800,14,0.11495535714285714,0.8717857142857143,0.869931412573164,0.38985586166381836,"{""0"": 64, ""1"": 64, ""2"": 64, ""3"": 64, ""4"": 64, ""5"": 64, ""6"": 64, ""7"": 64, ""8"": 64, ""9"": 64, ""10"": 64, ""11"": 64, ""12"": 64, ""13"": 64}",cached_parquet_balanced_pool,linear_probabilistic,
dbpedia_14,64,0.1,class_conditional,softmax_logreg,404,896,2800,14,0.109375,0.8553571428571428,0.8475942943003185,0.46512317657470703,"{""0"": 64, ""1"": 64, ""2"": 64, ""3"": 64, ""4"": 64, ""5"": 64, ""6"": 64, ""7"": 64, ""8"": 64, ""9"": 64, ""10"": 64, ""11"": 64, ""12"": 64, ""13"": 64}",cached_parquet_balanced_pool,linear_probabilistic,
dbpedia_14,64,0.1,class_conditional,softmax_logreg,505,896,2800,14,0.10379464285714286,0.8760714285714286,0.8733210336725195,0.4138832092285156,"{""0"": 64, ""1"": 64, ""2"": 64, ""3"": 64, ""4"": 64, ""5"": 64, ""6"": 64, ""7"": 64, ""8"": 64, ""9"": 64, ""10"": 64, ""11"": 64, ""12"": 64, ""13"": 64}",cached_parquet_balanced_pool,linear_probabilistic,
dbpedia_14,64,0.1,class_conditional,trimmed_softmax_logreg,101,896,2800,14,0.09263392857142858,0.6478571428571429,0.6053325016609384,0.5670559406280518,"{""0"": 64, ""1"": 64, ""2"": 64, ""3"": 64, ""4"": 64, ""5"": 64, ""6"": 64, ""7"": 64, ""8"": 64, ""9"": 64, ""10"": 64, ""11"": 64, ""12"": 64, ""13"": 64}",cached_parquet_balanced_pool,bounded_robust_variant,kept_fraction=0.8013
dbpedia_14,64,0.1,class_conditional,trimmed_softmax_logreg,202,896,2800,14,0.08705357142857142,0.6746428571428571,0.6212680294323594,0.4310429096221924,"{""0"": 64, ""1"": 64, ""2"": 64, ""3"": 64, ""4"": 64, ""5"": 64, ""6"": 64, ""7"": 64, ""8"": 64, ""9"": 64, ""10"": 64, ""11"": 64, ""12"": 64, ""13"": 64}",cached_parquet_balanced_pool,bounded_robust_variant,kept_fraction=0.8002
dbpedia_14,64,0.1,class_conditional,trimmed_softmax_logreg,303,896,2800,14,0.11495535714285714,0.6364285714285715,0.5962787354173892,0.49547672271728516,"{""0"": 64, ""1"": 64, ""2"": 64, ""3"": 64, ""4"": 64, ""5"": 64, ""6"": 64, ""7"": 64, ""8"": 64, ""9"": 64, ""10"": 64, ""11"": 64, ""12"": 64, ""13"": 64}",cached_parquet_balanced_pool,bounded_robust_variant,kept_fraction=0.8002
dbpedia_14,64,0.1,class_conditional,trimmed_softmax_logreg,404,896,2800,14,0.109375,0.725,0.6777093273062531,0.5586564540863037,"{""0"": 64, ""1"": 64, ""2"": 64, ""3"": 64, ""4"": 64, ""5"": 64, ""6"": 64, ""7"": 64, ""8"": 64, ""9"": 64, ""10"": 64, ""11"": 64, ""12"": 64, ""13"": 64}",cached_parquet_balanced_pool,bounded_robust_variant,kept_fraction=0.8002
dbpedia_14,64,0.1,class_conditional,trimmed_softmax_logreg,505,896,2800,14,0.10379464285714286,0.7517857142857143,0.7312024349950089,0.46164917945861816,"{""0"": 64, ""1"": 64, ""2"": 64, ""3"": 64, ""4"": 64, ""5"": 64, ""6"": 64, ""7"": 64, ""8"": 64, ""9"": 64, ""10"": 64, ""11"": 64, ""12"": 64, ""13"": 64}",cached_parquet_balanced_pool,bounded_robust_variant,kept_fraction=0.8002
dbpedia_14,64,0.1,symmetric,linear_svm_hinge,101,896,2800,14,0.109375,0.8271428571428572,0.8132590124191887,1.678307056427002,"{""0"": 64, ""1"": 64, ""2"": 64, ""3"": 64, ""4"": 64, ""5"": 64, ""6"": 64, ""7"": 64, ""8"": 64, ""9"": 64, ""10"": 64, ""11"": 64, ""12"": 64, ""13"": 64}",cached_parquet_balanced_pool,linear_margin,
dbpedia_14,64,0.1,symmetric,linear_svm_hinge,202,896,2800,14,0.09263392857142858,0.7714285714285715,0.7482363283380652,1.8715522289276123,"{""0"": 64, ""1"": 64, ""2"": 64, ""3"": 64, ""4"": 64, ""5"": 64, ""6"": 64, ""7"": 64, ""8"": 64, ""9"": 64, ""10"": 64, ""11"": 64, ""12"": 64, ""13"": 64}",cached_parquet_balanced_pool,linear_margin,
dbpedia_14,64,0.1,symmetric,linear_svm_hinge,303,896,2800,14,0.09598214285714286,0.8114285714285714,0.7829864716486534,4.695281982421875,"{""0"": 64, ""1"": 64, ""2"": 64, ""3"": 64, ""4"": 64, ""5"": 64, ""6"": 64, ""7"": 64, ""8"": 64, ""9"": 64, ""10"": 64, ""11"": 64, ""12"": 64, ""13"": 64}",cached_parquet_balanced_pool,linear_margin,
dbpedia_14,64,0.1,symmetric,linear_svm_hinge,404,896,2800,14,0.11607142857142858,0.7917857142857143,0.7639829588005976,1.7771553993225098,"{""0"": 64, ""1"": 64, ""2"": 64, ""3"": 64, ""4"": 64, ""5"": 64, ""6"": 64, ""7"": 64, ""8"": 64, ""9"": 64, ""10"": 64, ""11"": 64, ""12"": 64, ""13"": 64}",cached_parquet_balanced_pool,linear_margin,
dbpedia_14,64,0.1,symmetric,linear_svm_hinge,505,896,2800,14,0.09375,0.8471428571428572,0.843113997443416,1.8053555488586426,"{""0"": 64, ""1"": 64, ""2"": 64, ""3"": 64, ""4"": 64, ""5"": 64, ""6"": 64, ""7"": 64, ""8"": 64, ""9"": 64, ""10"": 64, ""11"": 64, ""12"": 64, ""13"": 64}",cached_parquet_balanced_pool,linear_margin,
dbpedia_14,64,0.1,symmetric,multinomial_nb,101,896,2800,14,0.109375,0.8789285714285714,0.8775596235862384,3.309697151184082,"{""0"": 64, ""1"": 64, ""2"": 64, ""3"": 64, ""4"": 64, ""5"": 64, ""6"": 64, ""7"": 64, ""8"": 64, ""9"": 64, ""10"": 64, ""11"": 64, ""12"": 64, ""13"": 64}",cached_parquet_balanced_pool,generative_nb,
dbpedia_14,64,0.1,symmetric,multinomial_nb,202,896,2800,14,0.09263392857142858,0.8957142857142857,0.8948012880740901,0.12786078453063965,"{""0"": 64, ""1"": 64, ""2"": 64, ""3"": 64, ""4"": 64, ""5"": 64, ""6"": 64, ""7"": 64, ""8"": 64, ""9"": 64, ""10"": 64, ""11"": 64, ""12"": 64, ""13"": 64}",cached_parquet_balanced_pool,generative_nb,
dbpedia_14,64,0.1,symmetric,multinomial_nb,303,896,2800,14,0.09598214285714286,0.8742857142857143,0.8717946891275352,0.13069701194763184,"{""0"": 64, ""1"": 64, ""2"": 64, ""3"": 64, ""4"": 64, ""5"": 64, ""6"": 64, ""7"": 64, ""8"": 64, ""9"": 64, ""10"": 64, ""11"": 64, ""12"": 64, ""13"": 64}",cached_parquet_balanced_pool,generative_nb,
dbpedia_14,64,0.1,symmetric,multinomial_nb,404,896,2800,14,0.11607142857142858,0.8771428571428571,0.8750354755994423,0.13172459602355957,"{""0"": 64, ""1"": 64, ""2"": 64, ""3"": 64, ""4"": 64, ""5"": 64, ""6"": 64, ""7"": 64, ""8"": 64, ""9"": 64, ""10"": 64, ""11"": 64, ""12"": 64, ""13"": 64}",cached_parquet_balanced_pool,generative_nb,
dbpedia_14,64,0.1,symmetric,multinomial_nb,505,896,2800,14,0.09375,0.8871428571428571,0.886347766571995,0.13581085205078125,"{""0"": 64, ""1"": 64, ""2"": 64, ""3"": 64, ""4"": 64, ""5"": 64, ""6"": 64, ""7"": 64, ""8"": 64, ""9"": 64, ""10"": 64, ""11"": 64, ""12"": 64, ""13"": 64}",cached_parquet_balanced_pool,generative_nb,
dbpedia_14,64,0.1,symmetric,softmax_logreg,101,896,2800,14,0.109375,0.835,0.8292293053542193,0.48095226287841797,"{""0"": 64, ""1"": 64, ""2"": 64, ""3"": 64, ""4"": 64, ""5"": 64, ""6"": 64, ""7"": 64, ""8"": 64, ""9"": 64, ""10"": 64, ""11"": 64, ""12"": 64, ""13"": 64}",cached_parquet_balanced_pool,linear_probabilistic,
dbpedia_14,64,0.1,symmetric,softmax_logreg,202,896,2800,14,0.09263392857142858,0.8846428571428572,0.8849366771211494,0.375990629196167,"{""0"": 64, ""1"": 64, ""2"": 64, ""3"": 64, ""4"": 64, ""5"": 64, ""6"": 64, ""7"": 64, ""8"": 64, ""9"": 64, ""10"": 64, ""11"": 64, ""12"": 64, ""13"": 64}",cached_parquet_balanced_pool,linear_probabilistic,
dbpedia_14,64,0.1,symmetric,softmax_logreg,303,896,2800,14,0.09598214285714286,0.8567857142857143,0.8458910504714101,0.4685044288635254,"{""0"": 64, ""1"": 64, ""2"": 64, ""3"": 64, ""4"": 64, ""5"": 64, ""6"": 64, ""7"": 64, ""8"": 64, ""9"": 64, ""10"": 64, ""11"": 64, ""12"": 64, ""13"": 64}",cached_parquet_balanced_pool,linear_probabilistic,
dbpedia_14,64,0.1,symmetric,softmax_logreg,404,896,2800,14,0.11607142857142858,0.8528571428571429,0.8527413148749055,0.44213438034057617,"{""0"": 64, ""1"": 64, ""2"": 64, ""3"": 64, ""4"": 64, ""5"": 64, ""6"": 64, ""7"": 64, ""8"": 64, ""9"": 64, ""10"": 64, ""11"": 64, ""12"": 64, ""13"": 64}",cached_parquet_balanced_pool,linear_probabilistic,
dbpedia_14,64,0.1,symmetric,softmax_logreg,505,896,2800,14,0.09375,0.8396428571428571,0.844456265577385,0.46738290786743164,"{""0"": 64, ""1"": 64, ""2"": 64, ""3"": 64, ""4"": 64, ""5"": 64, ""6"": 64, ""7"": 64, ""8"": 64, ""9"": 64, ""10"": 64, ""11"": 64, ""12"": 64, ""13"": 64}",cached_parquet_balanced_pool,linear_probabilistic,
dbpedia_14,64,0.1,symmetric,trimmed_softmax_logreg,101,896,2800,14,0.109375,0.7146428571428571,0.6813370602448056,0.5296258926391602,"{""0"": 64, ""1"": 64, ""2"": 64, ""3"": 64, ""4"": 64, ""5"": 64, ""6"": 64, ""7"": 64, ""8"": 64, ""9"": 64, ""10"": 64, ""11"": 64, ""12"": 64, ""13"": 64}",cached_parquet_balanced_pool,bounded_robust_variant,kept_fraction=0.8013
dbpedia_14,64,0.1,symmetric,trimmed_softmax_logreg,202,896,2800,14,0.09263392857142858,0.6864285714285714,0.648110885412339,0.5438411235809326,"{""0"": 64, ""1"": 64, ""2"": 64, ""3"": 64, ""4"": 64, ""5"": 64, ""6"": 64, ""7"": 64, ""8"": 64, ""9"": 64, ""10"": 64, ""11"": 64, ""12"": 64, ""13"": 64}",cached_parquet_balanced_pool,bounded_robust_variant,kept_fraction=0.8002
dbpedia_14,64,0.1,symmetric,trimmed_softmax_logreg,303,896,2800,14,0.09598214285714286,0.7821428571428571,0.7531569588144563,0.5189495086669922,"{""0"": 64, ""1"": 64, ""2"": 64, ""3"": 64, ""4"": 64, ""5"": 64, ""6"": 64, ""7"": 64, ""8"": 64, ""9"": 64, ""10"": 64, ""11"": 64, ""12"": 64, ""13"": 64}",cached_parquet_balanced_pool,bounded_robust_variant,kept_fraction=0.8002
dbpedia_14,64,0.1,symmetric,trimmed_softmax_logreg,404,896,2800,14,0.11607142857142858,0.725,0.7100831629334986,0.472125768661499,"{""0"": 64, ""1"": 64, ""2"": 64, ""3"": 64, ""4"": 64, ""5"": 64, ""6"": 64, ""7"": 64, ""8"": 64, ""9"": 64, ""10"": 64, ""11"": 64, ""12"": 64, ""13"": 64}",cached_parquet_balanced_pool,bounded_robust_variant,kept_fraction=0.8002
dbpedia_14,64,0.1,symmetric,trimmed_softmax_logreg,505,896,2800,14,0.09375,0.6789285714285714,0.6794225005510756,0.5199785232543945,"{""0"": 64, ""1"": 64, ""2"": 64, ""3"": 64, ""4"": 64, ""5"": 64, ""6"": 64, ""7"": 64, ""8"": 64, ""9"": 64, ""10"": 64, ""11"": 64, ""12"": 64, ""13"": 64}",cached_parquet_balanced_pool,bounded_robust_variant,kept_fraction=0.8002
dbpedia_14,64,0.2,class_conditional,linear_svm_hinge,101,896,2800,14,0.18526785714285715,0.8317857142857142,0.8249517784756106,1.75528883934021,"{""0"": 64, ""1"": 64, ""2"": 64, ""3"": 64, ""4"": 64, ""5"": 64, ""6"": 64, ""7"": 64, ""8"": 64, ""9"": 64, ""10"": 64, ""11"": 64, ""12"": 64, ""13"": 64}",cached_parquet_balanced_pool,linear_margin,
dbpedia_14,64,0.2,class_conditional,linear_svm_hinge,202,896,2800,14,0.19196428571428573,0.8125,0.7984540268530853,1.7854962348937988,"{""0"": 64, ""1"": 64, ""2"": 64, ""3"": 64, ""4"": 64, ""5"": 64, ""6"": 64, ""7"": 64, ""8"": 64, ""9"": 64, ""10"": 64, ""11"": 64, ""12"": 64, ""13"": 64}",cached_parquet_balanced_pool,linear_margin,
dbpedia_14,64,0.2,class_conditional,linear_svm_hinge,303,896,2800,14,0.21540178571428573,0.8196428571428571,0.8122054476767705,1.8347651958465576,"{""0"": 64, ""1"": 64, ""2"": 64, ""3"": 64, ""4"": 64, ""5"": 64, ""6"": 64, ""7"": 64, ""8"": 64, ""9"": 64, ""10"": 64, ""11"": 64, ""12"": 64, ""13"": 64}",cached_parquet_balanced_pool,linear_margin,
dbpedia_14,64,0.2,class_conditional,linear_svm_hinge,404,896,2800,14,0.22433035714285715,0.7657142857142857,0.7595539336622796,1.768254280090332,"{""0"": 64, ""1"": 64, ""2"": 64, ""3"": 64, ""4"": 64, ""5"": 64, ""6"": 64, ""7"": 64, ""8"": 64, ""9"": 64, ""10"": 64, ""11"": 64, ""12"": 64, ""13"": 64}",cached_parquet_balanced_pool,linear_margin,
dbpedia_14,64,0.2,class_conditional,linear_svm_hinge,505,896,2800,14,0.21651785714285715,0.7596428571428572,0.7351573732468101,1.788881540298462,"{""0"": 64, ""1"": 64, ""2"": 64, ""3"": 64, ""4"": 64, ""5"": 64, ""6"": 64, ""7"": 64, ""8"": 64, ""9"": 64, ""10"": 64, ""11"": 64, ""12"": 64, ""13"": 64}",cached_parquet_balanced_pool,linear_margin,
dbpedia_14,64,0.2,class_conditional,multinomial_nb,101,896,2800,14,0.18526785714285715,0.8360714285714286,0.8320090922301507,0.12929415702819824,"{""0"": 64, ""1"": 64, ""2"": 64, ""3"": 64, ""4"": 64, ""5"": 64, ""6"": 64, ""7"": 64, ""8"": 64, ""9"": 64, ""10"": 64, ""11"": 64, ""12"": 64, ""13"": 64}",cached_parquet_balanced_pool,generative_nb,
dbpedia_14,64,0.2,class_conditional,multinomial_nb,202,896,2800,14,0.19196428571428573,0.8407142857142857,0.8368863251034807,0.12142181396484375,"{""0"": 64, ""1"": 64, ""2"": 64, ""3"": 64, ""4"": 64, ""5"": 64, ""6"": 64, ""7"": 64, ""8"": 64, ""9"": 64, ""10"": 64, ""11"": 64, ""12"": 64, ""13"": 64}",cached_parquet_balanced_pool,generative_nb,
dbpedia_14,64,0.2,class_conditional,multinomial_nb,303,896,2800,14,0.21540178571428573,0.8325,0.8274424284578484,0.12378191947937012,"{""0"": 64, ""1"": 64, ""2"": 64, ""3"": 64, ""4"": 64, ""5"": 64, ""6"": 64, ""7"": 64, ""8"": 64, ""9"": 64, ""10"": 64, ""11"": 64, ""12"": 64, ""13"": 64}",cached_parquet_balanced_pool,generative_nb,
dbpedia_14,64,0.2,class_conditional,multinomial_nb,404,896,2800,14,0.22433035714285715,0.8239285714285715,0.8203932306266655,0.12130856513977051,"{""0"": 64, ""1"": 64, ""2"": 64, ""3"": 64, ""4"": 64, ""5"": 64, ""6"": 64, ""7"": 64, ""8"": 64, ""9"": 64, ""10"": 64, ""11"": 64, ""12"": 64, ""13"": 64}",cached_parquet_balanced_pool,generative_nb,
dbpedia_14,64,0.2,class_conditional,multinomial_nb,505,896,2800,14,0.21651785714285715,0.8210714285714286,0.8176296300710447,0.12014126777648926,"{""0"": 64, ""1"": 64, ""2"": 64, ""3"": 64, ""4"": 64, ""5"": 64, ""6"": 64, ""7"": 64, ""8"": 64, ""9"": 64, ""10"": 64, ""11"": 64, ""12"": 64, ""13"": 64}",cached_parquet_balanced_pool,generative_nb,
dbpedia_14,64,0.2,class_conditional,softmax_logreg,101,896,2800,14,0.18526785714285715,0.8071428571428572,0.7972870175914178,0.39711570739746094,"{""0"": 64, ""1"": 64, ""2"": 64, ""3"": 64, ""4"": 64, ""5"": 64, ""6"": 64, ""7"": 64, ""8"": 64, ""9"": 64, ""10"": 64, ""11"": 64, ""12"": 64, ""13"": 64}",cached_parquet_balanced_pool,linear_probabilistic,
dbpedia_14,64,0.2,class_conditional,softmax_logreg,202,896,2800,14,0.19196428571428573,0.7571428571428571,0.7379187543241781,0.46346426010131836,"{""0"": 64, ""1"": 64, ""2"": 64, ""3"": 64, ""4"": 64, ""5"": 64, ""6"": 64, ""7"": 64, ""8"": 64, ""9"": 64, ""10"": 64, ""11"": 64, ""12"": 64, ""13"": 64}",cached_parquet_balanced_pool,linear_probabilistic,
dbpedia_14,64,0.2,class_conditional,softmax_logreg,303,896,2800,14,0.21540178571428573,0.7796428571428572,0.7644479139075866,0.38801074028015137,"{""0"": 64, ""1"": 64, ""2"": 64, ""3"": 64, ""4"": 64, ""5"": 64, ""6"": 64, ""7"": 64, ""8"": 64, ""9"": 64, ""10"": 64, ""11"": 64, ""12"": 64, ""13"": 64}",cached_parquet_balanced_pool,linear_probabilistic,
dbpedia_14,64,0.2,class_conditional,softmax_logreg,404,896,2800,14,0.22433035714285715,0.8307142857142857,0.8259906284008984,0.47153186798095703,"{""0"": 64, ""1"": 64, ""2"": 64, ""3"": 64, ""4"": 64, ""5"": 64, ""6"": 64, ""7"": 64, ""8"": 64, ""9"": 64, ""10"": 64, ""11"": 64, ""12"": 64, ""13"": 64}",cached_parquet_balanced_pool,linear_probabilistic,
dbpedia_14,64,0.2,class_conditional,softmax_logreg,505,896,2800,14,0.21651785714285715,0.8389285714285715,0.8367912435532026,0.41933608055114746,"{""0"": 64, ""1"": 64, ""2"": 64, ""3"": 64, ""4"": 64, ""5"": 64, ""6"": 64, ""7"": 64, ""8"": 64, ""9"": 64, ""10"": 64, ""11"": 64, ""12"": 64, ""13"": 64}",cached_parquet_balanced_pool,linear_probabilistic,
dbpedia_14,64,0.2,class_conditional,trimmed_softmax_logreg,101,896,2800,14,0.18526785714285715,0.6532142857142857,0.6109198339699734,0.5754776000976562,"{""0"": 64, ""1"": 64, ""2"": 64, ""3"": 64, ""4"": 64, ""5"": 64, ""6"": 64, ""7"": 64, ""8"": 64, ""9"": 64, ""10"": 64, ""11"": 64, ""12"": 64, ""13"": 64}",cached_parquet_balanced_pool,bounded_robust_variant,kept_fraction=0.8002
dbpedia_14,64,0.2,class_conditional,trimmed_softmax_logreg,202,896,2800,14,0.19196428571428573,0.6489285714285714,0.5820019883948178,0.45680928230285645,"{""0"": 64, ""1"": 64, ""2"": 64, ""3"": 64, ""4"": 64, ""5"": 64, ""6"": 64, ""7"": 64, ""8"": 64, ""9"": 64, ""10"": 64, ""11"": 64, ""12"": 64, ""13"": 64}",cached_parquet_balanced_pool,bounded_robust_variant,kept_fraction=0.8002
dbpedia_14,64,0.2,class_conditional,trimmed_softmax_logreg,303,896,2800,14,0.21540178571428573,0.5653571428571429,0.48294069569870285,0.5179879665374756,"{""0"": 64, ""1"": 64, ""2"": 64, ""3"": 64, ""4"": 64, ""5"": 64, ""6"": 64, ""7"": 64, ""8"": 64, ""9"": 64, ""10"": 64, ""11"": 64, ""12"": 64, ""13"": 64}",cached_parquet_balanced_pool,bounded_robust_variant,kept_fraction=0.8002
dbpedia_14,64,0.2,class_conditional,trimmed_softmax_logreg,404,896,2800,14,0.22433035714285715,0.6128571428571429,0.5759504914191049,0.4380955696105957,"{""0"": 64, ""1"": 64, ""2"": 64, ""3"": 64, ""4"": 64, ""5"": 64, ""6"": 64, ""7"": 64, ""8"": 64, ""9"": 64, ""10"": 64, ""11"": 64, ""12"": 64, ""13"": 64}",cached_parquet_balanced_pool,bounded_robust_variant,kept_fraction=0.8002
dbpedia_14,64,0.2,class_conditional,trimmed_softmax_logreg,505,896,2800,14,0.21651785714285715,0.6289285714285714,0.5780685846115153,0.5692033767700195,"{""0"": 64, ""1"": 64, ""2"": 64, ""3"": 64, ""4"": 64, ""5"": 64, ""6"": 64, ""7"": 64, ""8"": 64, ""9"": 64, ""10"": 64, ""11"": 64, ""12"": 64, ""13"": 64}",cached_parquet_balanced_pool,bounded_robust_variant,kept_fraction=0.8002
dbpedia_14,64,0.2,symmetric,linear_svm_hinge,101,896,2800,14,0.19308035714285715,0.79,0.7782907955077331,1.7657179832458496,"{""0"": 64, ""1"": 64, ""2"": 64, ""3"": 64, ""4"": 64, ""5"": 64, ""6"": 64, ""7"": 64, ""8"": 64, ""9"": 64, ""10"": 64, ""11"": 64, ""12"": 64, ""13"": 64}",cached_parquet_balanced_pool,linear_margin,
dbpedia_14,64,0.2,symmetric,linear_svm_hinge,202,896,2800,14,0.203125,0.7996428571428571,0.7832159521720217,1.8074915409088135,"{""0"": 64, ""1"": 64, ""2"": 64, ""3"": 64, ""4"": 64, ""5"": 64, ""6"": 64, ""7"": 64, ""8"": 64, ""9"": 64, ""10"": 64, ""11"": 64, ""12"": 64, ""13"": 64}",cached_parquet_balanced_pool,linear_margin,
dbpedia_14,64,0.2,symmetric,linear_svm_hinge,303,896,2800,14,0.19642857142857142,0.8153571428571429,0.802490554736507,1.7736334800720215,"{""0"": 64, ""1"": 64, ""2"": 64, ""3"": 64, ""4"": 64, ""5"": 64, ""6"": 64, ""7"": 64, ""8"": 64, ""9"": 64, ""10"": 64, ""11"": 64, ""12"": 64, ""13"": 64}",cached_parquet_balanced_pool,linear_margin,
dbpedia_14,64,0.2,symmetric,linear_svm_hinge,404,896,2800,14,0.20535714285714285,0.7417857142857143,0.7377798043597472,1.7646706104278564,"{""0"": 64, ""1"": 64, ""2"": 64, ""3"": 64, ""4"": 64, ""5"": 64, ""6"": 64, ""7"": 64, ""8"": 64, ""9"": 64, ""10"": 64, ""11"": 64, ""12"": 64, ""13"": 64}",cached_parquet_balanced_pool,linear_margin,
dbpedia_14,64,0.2,symmetric,linear_svm_hinge,505,896,2800,14,0.21540178571428573,0.8210714285714286,0.7928787646133851,1.82918381690979,"{""0"": 64, ""1"": 64, ""2"": 64, ""3"": 64, ""4"": 64, ""5"": 64, ""6"": 64, ""7"": 64, ""8"": 64, ""9"": 64, ""10"": 64, ""11"": 64, ""12"": 64, ""13"": 64}",cached_parquet_balanced_pool,linear_margin,
dbpedia_14,64,0.2,symmetric,multinomial_nb,101,896,2800,14,0.19308035714285715,0.865,0.8635421520195049,0.12251687049865723,"{""0"": 64, ""1"": 64, ""2"": 64, ""3"": 64, ""4"": 64, ""5"": 64, ""6"": 64, ""7"": 64, ""8"": 64, ""9"": 64, ""10"": 64, ""11"": 64, ""12"": 64, ""13"": 64}",cached_parquet_balanced_pool,generative_nb,
dbpedia_14,64,0.2,symmetric,multinomial_nb,202,896,2800,14,0.203125,0.8632142857142857,0.861182816935101,0.12202215194702148,"{""0"": 64, ""1"": 64, ""2"": 64, ""3"": 64, ""4"": 64, ""5"": 64, ""6"": 64, ""7"": 64, ""8"": 64, ""9"": 64, ""10"": 64, ""11"": 64, ""12"": 64, ""13"": 64}",cached_parquet_balanced_pool,generative_nb,
dbpedia_14,64,0.2,symmetric,multinomial_nb,303,896,2800,14,0.19642857142857142,0.8617857142857143,0.85878401322055,0.128342866897583,"{""0"": 64, ""1"": 64, ""2"": 64, ""3"": 64, ""4"": 64, ""5"": 64, ""6"": 64, ""7"": 64, ""8"": 64, ""9"": 64, ""10"": 64, ""11"": 64, ""12"": 64, ""13"": 64}",cached_parquet_balanced_pool,generative_nb,
dbpedia_14,64,0.2,symmetric,multinomial_nb,404,896,2800,14,0.20535714285714285,0.8582142857142857,0.8561744839945575,0.12049674987792969,"{""0"": 64, ""1"": 64, ""2"": 64, ""3"": 64, ""4"": 64, ""5"": 64, ""6"": 64, ""7"": 64, ""8"": 64, ""9"": 64, ""10"": 64, ""11"": 64, ""12"": 64, ""13"": 64}",cached_parquet_balanced_pool,generative_nb,
dbpedia_14,64,0.2,symmetric,multinomial_nb,505,896,2800,14,0.21540178571428573,0.8692857142857143,0.8672818019356209,0.11698007583618164,"{""0"": 64, ""1"": 64, ""2"": 64, ""3"": 64, ""4"": 64, ""5"": 64, ""6"": 64, ""7"": 64, ""8"": 64, ""9"": 64, ""10"": 64, ""11"": 64, ""12"": 64, ""13"": 64}",cached_parquet_balanced_pool,generative_nb,
dbpedia_14,64,0.2,symmetric,softmax_logreg,101,896,2800,14,0.19308035714285715,0.7960714285714285,0.7967038129533414,0.4468708038330078,"{""0"": 64, ""1"": 64, ""2"": 64, ""3"": 64, ""4"": 64, ""5"": 64, ""6"": 64, ""7"": 64, ""8"": 64, ""9"": 64, ""10"": 64, ""11"": 64, ""12"": 64, ""13"": 64}",cached_parquet_balanced_pool,linear_probabilistic,
dbpedia_14,64,0.2,symmetric,softmax_logreg,202,896,2800,14,0.203125,0.8007142857142857,0.7874217955146199,0.3907003402709961,"{""0"": 64, ""1"": 64, ""2"": 64, ""3"": 64, ""4"": 64, ""5"": 64, ""6"": 64, ""7"": 64, ""8"": 64, ""9"": 64, ""10"": 64, ""11"": 64, ""12"": 64, ""13"": 64}",cached_parquet_balanced_pool,linear_probabilistic,
dbpedia_14,64,0.2,symmetric,softmax_logreg,303,896,2800,14,0.19642857142857142,0.8485714285714285,0.8389756114838838,0.46771764755249023,"{""0"": 64, ""1"": 64, ""2"": 64, ""3"": 64, ""4"": 64, ""5"": 64, ""6"": 64, ""7"": 64, ""8"": 64, ""9"": 64, ""10"": 64, ""11"": 64, ""12"": 64, ""13"": 64}",cached_parquet_balanced_pool,linear_probabilistic,
dbpedia_14,64,0.2,symmetric,softmax_logreg,404,896,2800,14,0.20535714285714285,0.7942857142857143,0.7888331776568244,0.41418886184692383,"{""0"": 64, ""1"": 64, ""2"": 64, ""3"": 64, ""4"": 64, ""5"": 64, ""6"": 64, ""7"": 64, ""8"": 64, ""9"": 64, ""10"": 64, ""11"": 64, ""12"": 64, ""13"": 64}",cached_parquet_balanced_pool,linear_probabilistic,
dbpedia_14,64,0.2,symmetric,softmax_logreg,505,896,2800,14,0.21540178571428573,0.825,0.8176937338202703,0.4645226001739502,"{""0"": 64, ""1"": 64, ""2"": 64, ""3"": 64, ""4"": 64, ""5"": 64, ""6"": 64, ""7"": 64, ""8"": 64, ""9"": 64, ""10"": 64, ""11"": 64, ""12"": 64, ""13"": 64}",cached_parquet_balanced_pool,linear_probabilistic,
dbpedia_14,64,0.2,symmetric,trimmed_softmax_logreg,101,896,2800,14,0.19308035714285715,0.6214285714285714,0.5826751469757074,0.4643244743347168,"{""0"": 64, ""1"": 64, ""2"": 64, ""3"": 64, ""4"": 64, ""5"": 64, ""6"": 64, ""7"": 64, ""8"": 64, ""9"": 64, ""10"": 64, ""11"": 64, ""12"": 64, ""13"": 64}",cached_parquet_balanced_pool,bounded_robust_variant,kept_fraction=0.8002
dbpedia_14,64,0.2,symmetric,trimmed_softmax_logreg,202,896,2800,14,0.203125,0.67,0.6063558679519484,0.513169527053833,"{""0"": 64, ""1"": 64, ""2"": 64, ""3"": 64, ""4"": 64, ""5"": 64, ""6"": 64, ""7"": 64, ""8"": 64, ""9"": 64, ""10"": 64, ""11"": 64, ""12"": 64, ""13"": 64}",cached_parquet_balanced_pool,bounded_robust_variant,kept_fraction=0.8002
dbpedia_14,64,0.2,symmetric,trimmed_softmax_logreg,303,896,2800,14,0.19642857142857142,0.7278571428571429,0.6946880575524969,0.44849181175231934,"{""0"": 64, ""1"": 64, ""2"": 64, ""3"": 64, ""4"": 64, ""5"": 64, ""6"": 64, ""7"": 64, ""8"": 64, ""9"": 64, ""10"": 64, ""11"": 64, ""12"": 64, ""13"": 64}",cached_parquet_balanced_pool,bounded_robust_variant,kept_fraction=0.8002
dbpedia_14,64,0.2,symmetric,trimmed_softmax_logreg,404,896,2800,14,0.20535714285714285,0.5892857142857143,0.5237045744192427,0.5621414184570312,"{""0"": 64, ""1"": 64, ""2"": 64, ""3"": 64, ""4"": 64, ""5"": 64, ""6"": 64, ""7"": 64, ""8"": 64, ""9"": 64, ""10"": 64, ""11"": 64, ""12"": 64, ""13"": 64}",cached_parquet_balanced_pool,bounded_robust_variant,kept_fraction=0.8002
dbpedia_14,64,0.2,symmetric,trimmed_softmax_logreg,505,896,2800,14,0.21540178571428573,0.6785714285714286,0.6708380580669833,0.5143122673034668,"{""0"": 64, ""1"": 64, ""2"": 64, ""3"": 64, ""4"": 64, ""5"": 64, ""6"": 64, ""7"": 64, ""8"": 64, ""9"": 64, ""10"": 64, ""11"": 64, ""12"": 64, ""13"": 64}",cached_parquet_balanced_pool,bounded_robust_variant,kept_fraction=0.8002
dbpedia_14,64,0.3,class_conditional,linear_svm_hinge,101,896,2800,14,0.28794642857142855,0.7732142857142857,0.7506919144898527,1.7042458057403564,"{""0"": 64, ""1"": 64, ""2"": 64, ""3"": 64, ""4"": 64, ""5"": 64, ""6"": 64, ""7"": 64, ""8"": 64, ""9"": 64, ""10"": 64, ""11"": 64, ""12"": 64, ""13"": 64}",cached_parquet_balanced_pool,linear_margin,
dbpedia_14,64,0.3,class_conditional,linear_svm_hinge,202,896,2800,14,0.3091517857142857,0.7253571428571428,0.6913009614365447,4.749473571777344,"{""0"": 64, ""1"": 64, ""2"": 64, ""3"": 64, ""4"": 64, ""5"": 64, ""6"": 64, ""7"": 64, ""8"": 64, ""9"": 64, ""10"": 64, ""11"": 64, ""12"": 64, ""13"": 64}",cached_parquet_balanced_pool,linear_margin,
dbpedia_14,64,0.3,class_conditional,linear_svm_hinge,303,896,2800,14,0.31026785714285715,0.7535714285714286,0.7505470078102333,1.8764891624450684,"{""0"": 64, ""1"": 64, ""2"": 64, ""3"": 64, ""4"": 64, ""5"": 64, ""6"": 64, ""7"": 64, ""8"": 64, ""9"": 64, ""10"": 64, ""11"": 64, ""12"": 64, ""13"": 64}",cached_parquet_balanced_pool,linear_margin,
dbpedia_14,64,0.3,class_conditional,linear_svm_hinge,404,896,2800,14,0.3158482142857143,0.7553571428571428,0.7464711712569544,1.7965176105499268,"{""0"": 64, ""1"": 64, ""2"": 64, ""3"": 64, ""4"": 64, ""5"": 64, ""6"": 64, ""7"": 64, ""8"": 64, ""9"": 64, ""10"": 64, ""11"": 64, ""12"": 64, ""13"": 64}",cached_parquet_balanced_pool,linear_margin,
dbpedia_14,64,0.3,class_conditional,linear_svm_hinge,505,896,2800,14,0.30580357142857145,0.7692857142857142,0.7641756646402519,1.683168888092041,"{""0"": 64, ""1"": 64, ""2"": 64, ""3"": 64, ""4"": 64, ""5"": 64, ""6"": 64, ""7"": 64, ""8"": 64, ""9"": 64, ""10"": 64, ""11"": 64, ""12"": 64, ""13"": 64}",cached_parquet_balanced_pool,linear_margin,
dbpedia_14,64,0.3,class_conditional,multinomial_nb,101,896,2800,14,0.28794642857142855,0.7710714285714285,0.7651545533437887,0.12847256660461426,"{""0"": 64, ""1"": 64, ""2"": 64, ""3"": 64, ""4"": 64, ""5"": 64, ""6"": 64, ""7"": 64, ""8"": 64, ""9"": 64, ""10"": 64, ""11"": 64, ""12"": 64, ""13"": 64}",cached_parquet_balanced_pool,generative_nb,
dbpedia_14,64,0.3,class_conditional,multinomial_nb,202,896,2800,14,0.3091517857142857,0.7485714285714286,0.7356049916200565,0.12262082099914551,"{""0"": 64, ""1"": 64, ""2"": 64, ""3"": 64, ""4"": 64, ""5"": 64, ""6"": 64, ""7"": 64, ""8"": 64, ""9"": 64, ""10"": 64, ""11"": 64, ""12"": 64, ""13"": 64}",cached_parquet_balanced_pool,generative_nb,
dbpedia_14,64,0.3,class_conditional,multinomial_nb,303,896,2800,14,0.31026785714285715,0.7517857142857143,0.7414177397562594,0.12734389305114746,"{""0"": 64, ""1"": 64, ""2"": 64, ""3"": 64, ""4"": 64, ""5"": 64, ""6"": 64, ""7"": 64, ""8"": 64, ""9"": 64, ""10"": 64, ""11"": 64, ""12"": 64, ""13"": 64}",cached_parquet_balanced_pool,generative_nb,
dbpedia_14,64,0.3,class_conditional,multinomial_nb,404,896,2800,14,0.3158482142857143,0.745,0.7414691356951365,0.12610602378845215,"{""0"": 64, ""1"": 64, ""2"": 64, ""3"": 64, ""4"": 64, ""5"": 64, ""6"": 64, ""7"": 64, ""8"": 64, ""9"": 64, ""10"": 64, ""11"": 64, ""12"": 64, ""13"": 64}",cached_parquet_balanced_pool,generative_nb,
dbpedia_14,64,0.3,class_conditional,multinomial_nb,505,896,2800,14,0.30580357142857145,0.7521428571428571,0.7493478584414045,0.11978268623352051,"{""0"": 64, ""1"": 64, ""2"": 64, ""3"": 64, ""4"": 64, ""5"": 64, ""6"": 64, ""7"": 64, ""8"": 64, ""9"": 64, ""10"": 64, ""11"": 64, ""12"": 64, ""13"": 64}",cached_parquet_balanced_pool,generative_nb,
dbpedia_14,64,0.3,class_conditional,softmax_logreg,101,896,2800,14,0.28794642857142855,0.7782142857142857,0.7555910099882096,0.4650285243988037,"{""0"": 64, ""1"": 64, ""2"": 64, ""3"": 64, ""4"": 64, ""5"": 64, ""6"": 64, ""7"": 64, ""8"": 64, ""9"": 64, ""10"": 64, ""11"": 64, ""12"": 64, ""13"": 64}",cached_parquet_balanced_pool,linear_probabilistic,
dbpedia_14,64,0.3,class_conditional,softmax_logreg,202,896,2800,14,0.3091517857142857,0.625,0.5718281860453798,0.4499392509460449,"{""0"": 64, ""1"": 64, ""2"": 64, ""3"": 64, ""4"": 64, ""5"": 64, ""6"": 64, ""7"": 64, ""8"": 64, ""9"": 64, ""10"": 64, ""11"": 64, ""12"": 64, ""13"": 64}",cached_parquet_balanced_pool,linear_probabilistic,
dbpedia_14,64,0.3,class_conditional,softmax_logreg,303,896,2800,14,0.31026785714285715,0.7046428571428571,0.6671203190851048,0.4199652671813965,"{""0"": 64, ""1"": 64, ""2"": 64, ""3"": 64, ""4"": 64, ""5"": 64, ""6"": 64, ""7"": 64, ""8"": 64, ""9"": 64, ""10"": 64, ""11"": 64, ""12"": 64, ""13"": 64}",cached_parquet_balanced_pool,linear_probabilistic,
dbpedia_14,64,0.3,class_conditional,softmax_logreg,404,896,2800,14,0.3158482142857143,0.7160714285714286,0.7047120580517622,0.5023062229156494,"{""0"": 64, ""1"": 64, ""2"": 64, ""3"": 64, ""4"": 64, ""5"": 64, ""6"": 64, ""7"": 64, ""8"": 64, ""9"": 64, ""10"": 64, ""11"": 64, ""12"": 64, ""13"": 64}",cached_parquet_balanced_pool,linear_probabilistic,
dbpedia_14,64,0.3,class_conditional,softmax_logreg,505,896,2800,14,0.30580357142857145,0.7967857142857143,0.7980452775467999,0.40677380561828613,"{""0"": 64, ""1"": 64, ""2"": 64, ""3"": 64, ""4"": 64, ""5"": 64, ""6"": 64, ""7"": 64, ""8"": 64, ""9"": 64, ""10"": 64, ""11"": 64, ""12"": 64, ""13"": 64}",cached_parquet_balanced_pool,linear_probabilistic,
dbpedia_14,64,0.3,class_conditional,trimmed_softmax_logreg,101,896,2800,14,0.28794642857142855,0.6460714285714285,0.5761551591462357,0.5485501289367676,"{""0"": 64, ""1"": 64, ""2"": 64, ""3"": 64, ""4"": 64, ""5"": 64, ""6"": 64, ""7"": 64, ""8"": 64, ""9"": 64, ""10"": 64, ""11"": 64, ""12"": 64, ""13"": 64}",cached_parquet_balanced_pool,bounded_robust_variant,kept_fraction=0.8002
dbpedia_14,64,0.3,class_conditional,trimmed_softmax_logreg,202,896,2800,14,0.3091517857142857,0.5703571428571429,0.49959206152318364,0.5121753215789795,"{""0"": 64, ""1"": 64, ""2"": 64, ""3"": 64, ""4"": 64, ""5"": 64, ""6"": 64, ""7"": 64, ""8"": 64, ""9"": 64, ""10"": 64, ""11"": 64, ""12"": 64, ""13"": 64}",cached_parquet_balanced_pool,bounded_robust_variant,kept_fraction=0.8002
dbpedia_14,64,0.3,class_conditional,trimmed_softmax_logreg,303,896,2800,14,0.31026785714285715,0.5810714285714286,0.49016299984259126,0.4889500141143799,"{""0"": 64, ""1"": 64, ""2"": 64, ""3"": 64, ""4"": 64, ""5"": 64, ""6"": 64, ""7"": 64, ""8"": 64, ""9"": 64, ""10"": 64, ""11"": 64, ""12"": 64, ""13"": 64}",cached_parquet_balanced_pool,bounded_robust_variant,kept_fraction=0.8002
dbpedia_14,64,0.3,class_conditional,trimmed_softmax_logreg,404,896,2800,14,0.3158482142857143,0.5535714285714286,0.4959895101103166,0.4649922847747803,"{""0"": 64, ""1"": 64, ""2"": 64, ""3"": 64, ""4"": 64, ""5"": 64, ""6"": 64, ""7"": 64, ""8"": 64, ""9"": 64, ""10"": 64, ""11"": 64, ""12"": 64, ""13"": 64}",cached_parquet_balanced_pool,bounded_robust_variant,kept_fraction=0.8013
dbpedia_14,64,0.3,class_conditional,trimmed_softmax_logreg,505,896,2800,14,0.30580357142857145,0.5503571428571429,0.5176433279251544,0.547046422958374,"{""0"": 64, ""1"": 64, ""2"": 64, ""3"": 64, ""4"": 64, ""5"": 64, ""6"": 64, ""7"": 64, ""8"": 64, ""9"": 64, ""10"": 64, ""11"": 64, ""12"": 64, ""13"": 64}",cached_parquet_balanced_pool,bounded_robust_variant,kept_fraction=0.8002
dbpedia_14,64,0.3,symmetric,linear_svm_hinge,101,896,2800,14,0.28348214285714285,0.71,0.695394825791225,1.7517361640930176,"{""0"": 64, ""1"": 64, ""2"": 64, ""3"": 64, ""4"": 64, ""5"": 64, ""6"": 64, ""7"": 64, ""8"": 64, ""9"": 64, ""10"": 64, ""11"": 64, ""12"": 64, ""13"": 64}",cached_parquet_balanced_pool,linear_margin,
dbpedia_14,64,0.3,symmetric,linear_svm_hinge,202,896,2800,14,0.30245535714285715,0.7192857142857143,0.6970988045228076,1.7177753448486328,"{""0"": 64, ""1"": 64, ""2"": 64, ""3"": 64, ""4"": 64, ""5"": 64, ""6"": 64, ""7"": 64, ""8"": 64, ""9"": 64, ""10"": 64, ""11"": 64, ""12"": 64, ""13"": 64}",cached_parquet_balanced_pool,linear_margin,
dbpedia_14,64,0.3,symmetric,linear_svm_hinge,303,896,2800,14,0.3080357142857143,0.6728571428571428,0.620341024194922,1.76084566116333,"{""0"": 64, ""1"": 64, ""2"": 64, ""3"": 64, ""4"": 64, ""5"": 64, ""6"": 64, ""7"": 64, ""8"": 64, ""9"": 64, ""10"": 64, ""11"": 64, ""12"": 64, ""13"": 64}",cached_parquet_balanced_pool,linear_margin,
dbpedia_14,64,0.3,symmetric,linear_svm_hinge,404,896,2800,14,0.28683035714285715,0.7535714285714286,0.731934452890375,1.8009798526763916,"{""0"": 64, ""1"": 64, ""2"": 64, ""3"": 64, ""4"": 64, ""5"": 64, ""6"": 64, ""7"": 64, ""8"": 64, ""9"": 64, ""10"": 64, ""11"": 64, ""12"": 64, ""13"": 64}",cached_parquet_balanced_pool,linear_margin,
dbpedia_14,64,0.3,symmetric,linear_svm_hinge,505,896,2800,14,0.31361607142857145,0.6989285714285715,0.6586566019108203,1.7992053031921387,"{""0"": 64, ""1"": 64, ""2"": 64, ""3"": 64, ""4"": 64, ""5"": 64, ""6"": 64, ""7"": 64, ""8"": 64, ""9"": 64, ""10"": 64, ""11"": 64, ""12"": 64, ""13"": 64}",cached_parquet_balanced_pool,linear_margin,
dbpedia_14,64,0.3,symmetric,multinomial_nb,101,896,2800,14,0.28348214285714285,0.8421428571428572,0.8408686309778365,0.12240839004516602,"{""0"": 64, ""1"": 64, ""2"": 64, ""3"": 64, ""4"": 64, ""5"": 64, ""6"": 64, ""7"": 64, ""8"": 64, ""9"": 64, ""10"": 64, ""11"": 64, ""12"": 64, ""13"": 64}",cached_parquet_balanced_pool,generative_nb,
dbpedia_14,64,0.3,symmetric,multinomial_nb,202,896,2800,14,0.30245535714285715,0.8496428571428571,0.8470837985162766,0.12757062911987305,"{""0"": 64, ""1"": 64, ""2"": 64, ""3"": 64, ""4"": 64, ""5"": 64, ""6"": 64, ""7"": 64, ""8"": 64, ""9"": 64, ""10"": 64, ""11"": 64, ""12"": 64, ""13"": 64}",cached_parquet_balanced_pool,generative_nb,
dbpedia_14,64,0.3,symmetric,multinomial_nb,303,896,2800,14,0.3080357142857143,0.835,0.8304290061974667,0.11946821212768555,"{""0"": 64, ""1"": 64, ""2"": 64, ""3"": 64, ""4"": 64, ""5"": 64, ""6"": 64, ""7"": 64, ""8"": 64, ""9"": 64, ""10"": 64, ""11"": 64, ""12"": 64, ""13"": 64}",cached_parquet_balanced_pool,generative_nb,
dbpedia_14,64,0.3,symmetric,multinomial_nb,404,896,2800,14,0.28683035714285715,0.8425,0.838687606872662,0.1185157299041748,"{""0"": 64, ""1"": 64, ""2"": 64, ""3"": 64, ""4"": 64, ""5"": 64, ""6"": 64, ""7"": 64, ""8"": 64, ""9"": 64, ""10"": 64, ""11"": 64, ""12"": 64, ""13"": 64}",cached_parquet_balanced_pool,generative_nb,
dbpedia_14,64,0.3,symmetric,multinomial_nb,505,896,2800,14,0.31361607142857145,0.8507142857142858,0.849880127968781,0.12128281593322754,"{""0"": 64, ""1"": 64, ""2"": 64, ""3"": 64, ""4"": 64, ""5"": 64, ""6"": 64, ""7"": 64, ""8"": 64, ""9"": 64, ""10"": 64, ""11"": 64, ""12"": 64, ""13"": 64}",cached_parquet_balanced_pool,generative_nb,
dbpedia_14,64,0.3,symmetric,softmax_logreg,101,896,2800,14,0.28348214285714285,0.8271428571428572,0.8306444352333429,0.37365150451660156,"{""0"": 64, ""1"": 64, ""2"": 64, ""3"": 64, ""4"": 64, ""5"": 64, ""6"": 64, ""7"": 64, ""8"": 64, ""9"": 64, ""10"": 64, ""11"": 64, ""12"": 64, ""13"": 64}",cached_parquet_balanced_pool,linear_probabilistic,
dbpedia_14,64,0.3,symmetric,softmax_logreg,202,896,2800,14,0.30245535714285715,0.7739285714285714,0.756423780484012,0.3911473751068115,"{""0"": 64, ""1"": 64, ""2"": 64, ""3"": 64, ""4"": 64, ""5"": 64, ""6"": 64, ""7"": 64, ""8"": 64, ""9"": 64, ""10"": 64, ""11"": 64, ""12"": 64, ""13"": 64}",cached_parquet_balanced_pool,linear_probabilistic,
dbpedia_14,64,0.3,symmetric,softmax_logreg,303,896,2800,14,0.3080357142857143,0.8017857142857143,0.7929570008041299,0.45508670806884766,"{""0"": 64, ""1"": 64, ""2"": 64, ""3"": 64, ""4"": 64, ""5"": 64, ""6"": 64, ""7"": 64, ""8"": 64, ""9"": 64, ""10"": 64, ""11"": 64, ""12"": 64, ""13"": 64}",cached_parquet_balanced_pool,linear_probabilistic,
dbpedia_14,64,0.3,symmetric,softmax_logreg,404,896,2800,14,0.28683035714285715,0.7975,0.7836847473955888,0.4601869583129883,"{""0"": 64, ""1"": 64, ""2"": 64, ""3"": 64, ""4"": 64, ""5"": 64, ""6"": 64, ""7"": 64, ""8"": 64, ""9"": 64, ""10"": 64, ""11"": 64, ""12"": 64, ""13"": 64}",cached_parquet_balanced_pool,linear_probabilistic,
dbpedia_14,64,0.3,symmetric,softmax_logreg,505,896,2800,14,0.31361607142857145,0.7417857142857143,0.7724599593562578,0.37842464447021484,"{""0"": 64, ""1"": 64, ""2"": 64, ""3"": 64, ""4"": 64, ""5"": 64, ""6"": 64, ""7"": 64, ""8"": 64, ""9"": 64, ""10"": 64, ""11"": 64, ""12"": 64, ""13"": 64}",cached_parquet_balanced_pool,linear_probabilistic,
dbpedia_14,64,0.3,symmetric,trimmed_softmax_logreg,101,896,2800,14,0.28348214285714285,0.6139285714285714,0.5769011676726951,0.5560789108276367,"{""0"": 64, ""1"": 64, ""2"": 64, ""3"": 64, ""4"": 64, ""5"": 64, ""6"": 64, ""7"": 64, ""8"": 64, ""9"": 64, ""10"": 64, ""11"": 64, ""12"": 64, ""13"": 64}",cached_parquet_balanced_pool,bounded_robust_variant,kept_fraction=0.8002
dbpedia_14,64,0.3,symmetric,trimmed_softmax_logreg,202,896,2800,14,0.30245535714285715,0.625,0.5516341532207417,0.4731254577636719,"{""0"": 64, ""1"": 64, ""2"": 64, ""3"": 64, ""4"": 64, ""5"": 64, ""6"": 64, ""7"": 64, ""8"": 64, ""9"": 64, ""10"": 64, ""11"": 64, ""12"": 64, ""13"": 64}",cached_parquet_balanced_pool,bounded_robust_variant,kept_fraction=0.8002
dbpedia_14,64,0.3,symmetric,trimmed_softmax_logreg,303,896,2800,14,0.3080357142857143,0.6103571428571428,0.5333950161589097,0.49455928802490234,"{""0"": 64, ""1"": 64, ""2"": 64, ""3"": 64, ""4"": 64, ""5"": 64, ""6"": 64, ""7"": 64, ""8"": 64, ""9"": 64, ""10"": 64, ""11"": 64, ""12"": 64, ""13"": 64}",cached_parquet_balanced_pool,bounded_robust_variant,kept_fraction=0.8002
dbpedia_14,64,0.3,symmetric,trimmed_softmax_logreg,404,896,2800,14,0.28683035714285715,0.6764285714285714,0.6103338230350863,0.5537536144256592,"{""0"": 64, ""1"": 64, ""2"": 64, ""3"": 64, ""4"": 64, ""5"": 64, ""6"": 64, ""7"": 64, ""8"": 64, ""9"": 64, ""10"": 64, ""11"": 64, ""12"": 64, ""13"": 64}",cached_parquet_balanced_pool,bounded_robust_variant,kept_fraction=0.8013
dbpedia_14,64,0.3,symmetric,trimmed_softmax_logreg,505,896,2800,14,0.31361607142857145,0.5942857142857143,0.5955824165359217,0.5156819820404053,"{""0"": 64, ""1"": 64, ""2"": 64, ""3"": 64, ""4"": 64, ""5"": 64, ""6"": 64, ""7"": 64, ""8"": 64, ""9"": 64, ""10"": 64, ""11"": 64, ""12"": 64, ""13"": 64}",cached_parquet_balanced_pool,bounded_robust_variant,kept_fraction=0.8002
dbpedia_14,128,0.0,class_conditional,linear_svm_hinge,101,1792,2800,14,0.0,0.8875,0.8848771060794025,3.4306888580322266,"{""0"": 128, ""1"": 128, ""2"": 128, ""3"": 128, ""4"": 128, ""5"": 128, ""6"": 128, ""7"": 128, ""8"": 128, ""9"": 128, ""10"": 128, ""11"": 128, ""12"": 128, ""13"": 128}",cached_parquet_balanced_pool,linear_margin,
dbpedia_14,128,0.0,class_conditional,linear_svm_hinge,202,1792,2800,14,0.0,0.8785714285714286,0.8733002721375916,3.5284759998321533,"{""0"": 128, ""1"": 128, ""2"": 128, ""3"": 128, ""4"": 128, ""5"": 128, ""6"": 128, ""7"": 128, ""8"": 128, ""9"": 128, ""10"": 128, ""11"": 128, ""12"": 128, ""13"": 128}",cached_parquet_balanced_pool,linear_margin,
dbpedia_14,128,0.0,class_conditional,linear_svm_hinge,303,1792,2800,14,0.0,0.8782142857142857,0.8749863839483328,3.465380907058716,"{""0"": 128, ""1"": 128, ""2"": 128, ""3"": 128, ""4"": 128, ""5"": 128, ""6"": 128, ""7"": 128, ""8"": 128, ""9"": 128, ""10"": 128, ""11"": 128, ""12"": 128, ""13"": 128}",cached_parquet_balanced_pool,linear_margin,
dbpedia_14,128,0.0,class_conditional,linear_svm_hinge,404,1792,2800,14,0.0,0.87,0.8666935301163324,6.409559488296509,"{""0"": 128, ""1"": 128, ""2"": 128, ""3"": 128, ""4"": 128, ""5"": 128, ""6"": 128, ""7"": 128, ""8"": 128, ""9"": 128, ""10"": 128, ""11"": 128, ""12"": 128, ""13"": 128}",cached_parquet_balanced_pool,linear_margin,
dbpedia_14,128,0.0,class_conditional,linear_svm_hinge,505,1792,2800,14,0.0,0.8575,0.8531142183125127,3.4032208919525146,"{""0"": 128, ""1"": 128, ""2"": 128, ""3"": 128, ""4"": 128, ""5"": 128, ""6"": 128, ""7"": 128, ""8"": 128, ""9"": 128, ""10"": 128, ""11"": 128, ""12"": 128, ""13"": 128}",cached_parquet_balanced_pool,linear_margin,
dbpedia_14,128,0.0,class_conditional,multinomial_nb,101,1792,2800,14,0.0,0.9042857142857142,0.9033120056425806,0.15261340141296387,"{""0"": 128, ""1"": 128, ""2"": 128, ""3"": 128, ""4"": 128, ""5"": 128, ""6"": 128, ""7"": 128, ""8"": 128, ""9"": 128, ""10"": 128, ""11"": 128, ""12"": 128, ""13"": 128}",cached_parquet_balanced_pool,generative_nb,
dbpedia_14,128,0.0,class_conditional,multinomial_nb,202,1792,2800,14,0.0,0.9232142857142858,0.9228348756527233,0.14995265007019043,"{""0"": 128, ""1"": 128, ""2"": 128, ""3"": 128, ""4"": 128, ""5"": 128, ""6"": 128, ""7"": 128, ""8"": 128, ""9"": 128, ""10"": 128, ""11"": 128, ""12"": 128, ""13"": 128}",cached_parquet_balanced_pool,generative_nb,
dbpedia_14,128,0.0,class_conditional,multinomial_nb,303,1792,2800,14,0.0,0.91,0.9089535453827287,0.17993474006652832,"{""0"": 128, ""1"": 128, ""2"": 128, ""3"": 128, ""4"": 128, ""5"": 128, ""6"": 128, ""7"": 128, ""8"": 128, ""9"": 128, ""10"": 128, ""11"": 128, ""12"": 128, ""13"": 128}",cached_parquet_balanced_pool,generative_nb,
dbpedia_14,128,0.0,class_conditional,multinomial_nb,404,1792,2800,14,0.0,0.9028571428571428,0.9018420127819117,0.15157008171081543,"{""0"": 128, ""1"": 128, ""2"": 128, ""3"": 128, ""4"": 128, ""5"": 128, ""6"": 128, ""7"": 128, ""8"": 128, ""9"": 128, ""10"": 128, ""11"": 128, ""12"": 128, ""13"": 128}",cached_parquet_balanced_pool,generative_nb,
dbpedia_14,128,0.0,class_conditional,multinomial_nb,505,1792,2800,14,0.0,0.9114285714285715,0.9105211809739195,0.1481184959411621,"{""0"": 128, ""1"": 128, ""2"": 128, ""3"": 128, ""4"": 128, ""5"": 128, ""6"": 128, ""7"": 128, ""8"": 128, ""9"": 128, ""10"": 128, ""11"": 128, ""12"": 128, ""13"": 128}",cached_parquet_balanced_pool,generative_nb,
dbpedia_14,128,0.0,class_conditional,softmax_logreg,101,1792,2800,14,0.0,0.9082142857142858,0.9071669987911726,0.7684223651885986,"{""0"": 128, ""1"": 128, ""2"": 128, ""3"": 128, ""4"": 128, ""5"": 128, ""6"": 128, ""7"": 128, ""8"": 128, ""9"": 128, ""10"": 128, ""11"": 128, ""12"": 128, ""13"": 128}",cached_parquet_balanced_pool,linear_probabilistic,
dbpedia_14,128,0.0,class_conditional,softmax_logreg,202,1792,2800,14,0.0,0.9067857142857143,0.9057242599440967,0.7106575965881348,"{""0"": 128, ""1"": 128, ""2"": 128, ""3"": 128, ""4"": 128, ""5"": 128, ""6"": 128, ""7"": 128, ""8"": 128, ""9"": 128, ""10"": 128, ""11"": 128, ""12"": 128, ""13"": 128}",cached_parquet_balanced_pool,linear_probabilistic,
dbpedia_14,128,0.0,class_conditional,softmax_logreg,303,1792,2800,14,0.0,0.9096428571428572,0.90802498897172,0.7364742755889893,"{""0"": 128, ""1"": 128, ""2"": 128, ""3"": 128, ""4"": 128, ""5"": 128, ""6"": 128, ""7"": 128, ""8"": 128, ""9"": 128, ""10"": 128, ""11"": 128, ""12"": 128, ""13"": 128}",cached_parquet_balanced_pool,linear_probabilistic,
dbpedia_14,128,0.0,class_conditional,softmax_logreg,404,1792,2800,14,0.0,0.8992857142857142,0.8979244246745507,0.744692325592041,"{""0"": 128, ""1"": 128, ""2"": 128, ""3"": 128, ""4"": 128, ""5"": 128, ""6"": 128, ""7"": 128, ""8"": 128, ""9"": 128, ""10"": 128, ""11"": 128, ""12"": 128, ""13"": 128}",cached_parquet_balanced_pool,linear_probabilistic,
dbpedia_14,128,0.0,class_conditional,softmax_logreg,505,1792,2800,14,0.0,0.9014285714285715,0.9000195594862858,0.7639260292053223,"{""0"": 128, ""1"": 128, ""2"": 128, ""3"": 128, ""4"": 128, ""5"": 128, ""6"": 128, ""7"": 128, ""8"": 128, ""9"": 128, ""10"": 128, ""11"": 128, ""12"": 128, ""13"": 128}",cached_parquet_balanced_pool,linear_probabilistic,
dbpedia_14,128,0.0,class_conditional,trimmed_softmax_logreg,101,1792,2800,14,0.0,0.7317857142857143,0.683606060889623,0.9367096424102783,"{""0"": 128, ""1"": 128, ""2"": 128, ""3"": 128, ""4"": 128, ""5"": 128, ""6"": 128, ""7"": 128, ""8"": 128, ""9"": 128, ""10"": 128, ""11"": 128, ""12"": 128, ""13"": 128}",cached_parquet_balanced_pool,bounded_robust_variant,kept_fraction=0.8002
dbpedia_14,128,0.0,class_conditional,trimmed_softmax_logreg,202,1792,2800,14,0.0,0.715,0.6824318179945175,0.8790154457092285,"{""0"": 128, ""1"": 128, ""2"": 128, ""3"": 128, ""4"": 128, ""5"": 128, ""6"": 128, ""7"": 128, ""8"": 128, ""9"": 128, ""10"": 128, ""11"": 128, ""12"": 128, ""13"": 128}",cached_parquet_balanced_pool,bounded_robust_variant,kept_fraction=0.8002
dbpedia_14,128,0.0,class_conditional,trimmed_softmax_logreg,303,1792,2800,14,0.0,0.7282142857142857,0.6739253105478241,0.8968799114227295,"{""0"": 128, ""1"": 128, ""2"": 128, ""3"": 128, ""4"": 128, ""5"": 128, ""6"": 128, ""7"": 128, ""8"": 128, ""9"": 128, ""10"": 128, ""11"": 128, ""12"": 128, ""13"": 128}",cached_parquet_balanced_pool,bounded_robust_variant,kept_fraction=0.8002
dbpedia_14,128,0.0,class_conditional,trimmed_softmax_logreg,404,1792,2800,14,0.0,0.7157142857142857,0.6758374616916021,0.8951990604400635,"{""0"": 128, ""1"": 128, ""2"": 128, ""3"": 128, ""4"": 128, ""5"": 128, ""6"": 128, ""7"": 128, ""8"": 128, ""9"": 128, ""10"": 128, ""11"": 128, ""12"": 128, ""13"": 128}",cached_parquet_balanced_pool,bounded_robust_variant,kept_fraction=0.8002
dbpedia_14,128,0.0,class_conditional,trimmed_softmax_logreg,505,1792,2800,14,0.0,0.7232142857142857,0.6884791780439506,0.8866531848907471,"{""0"": 128, ""1"": 128, ""2"": 128, ""3"": 128, ""4"": 128, ""5"": 128, ""6"": 128, ""7"": 128, ""8"": 128, ""9"": 128, ""10"": 128, ""11"": 128, ""12"": 128, ""13"": 128}",cached_parquet_balanced_pool,bounded_robust_variant,kept_fraction=0.8002
dbpedia_14,128,0.0,symmetric,linear_svm_hinge,101,1792,2800,14,0.0,0.8875,0.8848771060794025,3.517589569091797,"{""0"": 128, ""1"": 128, ""2"": 128, ""3"": 128, ""4"": 128, ""5"": 128, ""6"": 128, ""7"": 128, ""8"": 128, ""9"": 128, ""10"": 128, ""11"": 128, ""12"": 128, ""13"": 128}",cached_parquet_balanced_pool,linear_margin,
dbpedia_14,128,0.0,symmetric,linear_svm_hinge,202,1792,2800,14,0.0,0.8785714285714286,0.8733002721375916,3.417124032974243,"{""0"": 128, ""1"": 128, ""2"": 128, ""3"": 128, ""4"": 128, ""5"": 128, ""6"": 128, ""7"": 128, ""8"": 128, ""9"": 128, ""10"": 128, ""11"": 128, ""12"": 128, ""13"": 128}",cached_parquet_balanced_pool,linear_margin,
dbpedia_14,128,0.0,symmetric,linear_svm_hinge,303,1792,2800,14,0.0,0.8782142857142857,0.8749863839483328,3.3450658321380615,"{""0"": 128, ""1"": 128, ""2"": 128, ""3"": 128, ""4"": 128, ""5"": 128, ""6"": 128, ""7"": 128, ""8"": 128, ""9"": 128, ""10"": 128, ""11"": 128, ""12"": 128, ""13"": 128}",cached_parquet_balanced_pool,linear_margin,
dbpedia_14,128,0.0,symmetric,linear_svm_hinge,404,1792,2800,14,0.0,0.87,0.8666935301163324,3.4597740173339844,"{""0"": 128, ""1"": 128, ""2"": 128, ""3"": 128, ""4"": 128, ""5"": 128, ""6"": 128, ""7"": 128, ""8"": 128, ""9"": 128, ""10"": 128, ""11"": 128, ""12"": 128, ""13"": 128}",cached_parquet_balanced_pool,linear_margin,
dbpedia_14,128,0.0,symmetric,linear_svm_hinge,505,1792,2800,14,0.0,0.8575,0.8531142183125127,3.498281240463257,"{""0"": 128, ""1"": 128, ""2"": 128, ""3"": 128, ""4"": 128, ""5"": 128, ""6"": 128, ""7"": 128, ""8"": 128, ""9"": 128, ""10"": 128, ""11"": 128, ""12"": 128, ""13"": 128}",cached_parquet_balanced_pool,linear_margin,
dbpedia_14,128,0.0,symmetric,multinomial_nb,101,1792,2800,14,0.0,0.9042857142857142,0.9033120056425806,0.15329790115356445,"{""0"": 128, ""1"": 128, ""2"": 128, ""3"": 128, ""4"": 128, ""5"": 128, ""6"": 128, ""7"": 128, ""8"": 128, ""9"": 128, ""10"": 128, ""11"": 128, ""12"": 128, ""13"": 128}",cached_parquet_balanced_pool,generative_nb,
dbpedia_14,128,0.0,symmetric,multinomial_nb,202,1792,2800,14,0.0,0.9232142857142858,0.9228348756527233,0.15332603454589844,"{""0"": 128, ""1"": 128, ""2"": 128, ""3"": 128, ""4"": 128, ""5"": 128, ""6"": 128, ""7"": 128, ""8"": 128, ""9"": 128, ""10"": 128, ""11"": 128, ""12"": 128, ""13"": 128}",cached_parquet_balanced_pool,generative_nb,
dbpedia_14,128,0.0,symmetric,multinomial_nb,303,1792,2800,14,0.0,0.91,0.9089535453827287,0.1559302806854248,"{""0"": 128, ""1"": 128, ""2"": 128, ""3"": 128, ""4"": 128, ""5"": 128, ""6"": 128, ""7"": 128, ""8"": 128, ""9"": 128, ""10"": 128, ""11"": 128, ""12"": 128, ""13"": 128}",cached_parquet_balanced_pool,generative_nb,
dbpedia_14,128,0.0,symmetric,multinomial_nb,404,1792,2800,14,0.0,0.9028571428571428,0.9018420127819117,0.1526651382446289,"{""0"": 128, ""1"": 128, ""2"": 128, ""3"": 128, ""4"": 128, ""5"": 128, ""6"": 128, ""7"": 128, ""8"": 128, ""9"": 128, ""10"": 128, ""11"": 128, ""12"": 128, ""13"": 128}",cached_parquet_balanced_pool,generative_nb,
dbpedia_14,128,0.0,symmetric,multinomial_nb,505,1792,2800,14,0.0,0.9114285714285715,0.9105211809739195,0.15366005897521973,"{""0"": 128, ""1"": 128, ""2"": 128, ""3"": 128, ""4"": 128, ""5"": 128, ""6"": 128, ""7"": 128, ""8"": 128, ""9"": 128, ""10"": 128, ""11"": 128, ""12"": 128, ""13"": 128}",cached_parquet_balanced_pool,generative_nb,
dbpedia_14,128,0.0,symmetric,softmax_logreg,101,1792,2800,14,0.0,0.9082142857142858,0.9071669987911726,0.7120747566223145,"{""0"": 128, ""1"": 128, ""2"": 128, ""3"": 128, ""4"": 128, ""5"": 128, ""6"": 128, ""7"": 128, ""8"": 128, ""9"": 128, ""10"": 128, ""11"": 128, ""12"": 128, ""13"": 128}",cached_parquet_balanced_pool,linear_probabilistic,
dbpedia_14,128,0.0,symmetric,softmax_logreg,202,1792,2800,14,0.0,0.9067857142857143,0.9057242599440967,0.7318115234375,"{""0"": 128, ""1"": 128, ""2"": 128, ""3"": 128, ""4"": 128, ""5"": 128, ""6"": 128, ""7"": 128, ""8"": 128, ""9"": 128, ""10"": 128, ""11"": 128, ""12"": 128, ""13"": 128}",cached_parquet_balanced_pool,linear_probabilistic,
dbpedia_14,128,0.0,symmetric,softmax_logreg,303,1792,2800,14,0.0,0.9096428571428572,0.90802498897172,0.7371823787689209,"{""0"": 128, ""1"": 128, ""2"": 128, ""3"": 128, ""4"": 128, ""5"": 128, ""6"": 128, ""7"": 128, ""8"": 128, ""9"": 128, ""10"": 128, ""11"": 128, ""12"": 128, ""13"": 128}",cached_parquet_balanced_pool,linear_probabilistic,
dbpedia_14,128,0.0,symmetric,softmax_logreg,404,1792,2800,14,0.0,0.8992857142857142,0.8979244246745507,0.7920839786529541,"{""0"": 128, ""1"": 128, ""2"": 128, ""3"": 128, ""4"": 128, ""5"": 128, ""6"": 128, ""7"": 128, ""8"": 128, ""9"": 128, ""10"": 128, ""11"": 128, ""12"": 128, ""13"": 128}",cached_parquet_balanced_pool,linear_probabilistic,
dbpedia_14,128,0.0,symmetric,softmax_logreg,505,1792,2800,14,0.0,0.9014285714285715,0.9000195594862858,0.7812206745147705,"{""0"": 128, ""1"": 128, ""2"": 128, ""3"": 128, ""4"": 128, ""5"": 128, ""6"": 128, ""7"": 128, ""8"": 128, ""9"": 128, ""10"": 128, ""11"": 128, ""12"": 128, ""13"": 128}",cached_parquet_balanced_pool,linear_probabilistic,
dbpedia_14,128,0.0,symmetric,trimmed_softmax_logreg,101,1792,2800,14,0.0,0.7317857142857143,0.683606060889623,0.884310245513916,"{""0"": 128, ""1"": 128, ""2"": 128, ""3"": 128, ""4"": 128, ""5"": 128, ""6"": 128, ""7"": 128, ""8"": 128, ""9"": 128, ""10"": 128, ""11"": 128, ""12"": 128, ""13"": 128}",cached_parquet_balanced_pool,bounded_robust_variant,kept_fraction=0.8002
dbpedia_14,128,0.0,symmetric,trimmed_softmax_logreg,202,1792,2800,14,0.0,0.715,0.6824318179945175,0.978611946105957,"{""0"": 128, ""1"": 128, ""2"": 128, ""3"": 128, ""4"": 128, ""5"": 128, ""6"": 128, ""7"": 128, ""8"": 128, ""9"": 128, ""10"": 128, ""11"": 128, ""12"": 128, ""13"": 128}",cached_parquet_balanced_pool,bounded_robust_variant,kept_fraction=0.8002
dbpedia_14,128,0.0,symmetric,trimmed_softmax_logreg,303,1792,2800,14,0.0,0.7282142857142857,0.6739253105478241,0.8923497200012207,"{""0"": 128, ""1"": 128, ""2"": 128, ""3"": 128, ""4"": 128, ""5"": 128, ""6"": 128, ""7"": 128, ""8"": 128, ""9"": 128, ""10"": 128, ""11"": 128, ""12"": 128, ""13"": 128}",cached_parquet_balanced_pool,bounded_robust_variant,kept_fraction=0.8002
dbpedia_14,128,0.0,symmetric,trimmed_softmax_logreg,404,1792,2800,14,0.0,0.7157142857142857,0.6758374616916021,0.881598949432373,"{""0"": 128, ""1"": 128, ""2"": 128, ""3"": 128, ""4"": 128, ""5"": 128, ""6"": 128, ""7"": 128, ""8"": 128, ""9"": 128, ""10"": 128, ""11"": 128, ""12"": 128, ""13"": 128}",cached_parquet_balanced_pool,bounded_robust_variant,kept_fraction=0.8002
dbpedia_14,128,0.0,symmetric,trimmed_softmax_logreg,505,1792,2800,14,0.0,0.7232142857142857,0.6884791780439506,0.9345064163208008,"{""0"": 128, ""1"": 128, ""2"": 128, ""3"": 128, ""4"": 128, ""5"": 128, ""6"": 128, ""7"": 128, ""8"": 128, ""9"": 128, ""10"": 128, ""11"": 128, ""12"": 128, ""13"": 128}",cached_parquet_balanced_pool,bounded_robust_variant,kept_fraction=0.8002
dbpedia_14,128,0.05,class_conditional,linear_svm_hinge,101,1792,2800,14,0.053013392857142856,0.8696428571428572,0.8664938812185488,3.4790971279144287,"{""0"": 128, ""1"": 128, ""2"": 128, ""3"": 128, ""4"": 128, ""5"": 128, ""6"": 128, ""7"": 128, ""8"": 128, ""9"": 128, ""10"": 128, ""11"": 128, ""12"": 128, ""13"": 128}",cached_parquet_balanced_pool,linear_margin,
dbpedia_14,128,0.05,class_conditional,linear_svm_hinge,202,1792,2800,14,0.048549107142857144,0.8875,0.884714043330895,6.48244571685791,"{""0"": 128, ""1"": 128, ""2"": 128, ""3"": 128, ""4"": 128, ""5"": 128, ""6"": 128, ""7"": 128, ""8"": 128, ""9"": 128, ""10"": 128, ""11"": 128, ""12"": 128, ""13"": 128}",cached_parquet_balanced_pool,linear_margin,
dbpedia_14,128,0.05,class_conditional,linear_svm_hinge,303,1792,2800,14,0.04743303571428571,0.8532142857142857,0.8441877058046344,3.2855303287506104,"{""0"": 128, ""1"": 128, ""2"": 128, ""3"": 128, ""4"": 128, ""5"": 128, ""6"": 128, ""7"": 128, ""8"": 128, ""9"": 128, ""10"": 128, ""11"": 128, ""12"": 128, ""13"": 128}",cached_parquet_balanced_pool,linear_margin,
dbpedia_14,128,0.05,class_conditional,linear_svm_hinge,404,1792,2800,14,0.053013392857142856,0.8639285714285714,0.8603765719080722,3.337585926055908,"{""0"": 128, ""1"": 128, ""2"": 128, ""3"": 128, ""4"": 128, ""5"": 128, ""6"": 128, ""7"": 128, ""8"": 128, ""9"": 128, ""10"": 128, ""11"": 128, ""12"": 128, ""13"": 128}",cached_parquet_balanced_pool,linear_margin,
dbpedia_14,128,0.05,class_conditional,linear_svm_hinge,505,1792,2800,14,0.05133928571428571,0.8417857142857142,0.8349967425181797,3.473416805267334,"{""0"": 128, ""1"": 128, ""2"": 128, ""3"": 128, ""4"": 128, ""5"": 128, ""6"": 128, ""7"": 128, ""8"": 128, ""9"": 128, ""10"": 128, ""11"": 128, ""12"": 128, ""13"": 128}",cached_parquet_balanced_pool,linear_margin,
dbpedia_14,128,0.05,class_conditional,multinomial_nb,101,1792,2800,14,0.053013392857142856,0.8992857142857142,0.8981332754659743,0.1552717685699463,"{""0"": 128, ""1"": 128, ""2"": 128, ""3"": 128, ""4"": 128, ""5"": 128, ""6"": 128, ""7"": 128, ""8"": 128, ""9"": 128, ""10"": 128, ""11"": 128, ""12"": 128, ""13"": 128}",cached_parquet_balanced_pool,generative_nb,
dbpedia_14,128,0.05,class_conditional,multinomial_nb,202,1792,2800,14,0.048549107142857144,0.9125,0.9118689305965997,0.15252041816711426,"{""0"": 128, ""1"": 128, ""2"": 128, ""3"": 128, ""4"": 128, ""5"": 128, ""6"": 128, ""7"": 128, ""8"": 128, ""9"": 128, ""10"": 128, ""11"": 128, ""12"": 128, ""13"": 128}",cached_parquet_balanced_pool,generative_nb,
dbpedia_14,128,0.05,class_conditional,multinomial_nb,303,1792,2800,14,0.04743303571428571,0.9060714285714285,0.9050410849367067,0.15801072120666504,"{""0"": 128, ""1"": 128, ""2"": 128, ""3"": 128, ""4"": 128, ""5"": 128, ""6"": 128, ""7"": 128, ""8"": 128, ""9"": 128, ""10"": 128, ""11"": 128, ""12"": 128, ""13"": 128}",cached_parquet_balanced_pool,generative_nb,
dbpedia_14,128,0.05,class_conditional,multinomial_nb,404,1792,2800,14,0.053013392857142856,0.8910714285714286,0.8898402301027455,0.1480865478515625,"{""0"": 128, ""1"": 128, ""2"": 128, ""3"": 128, ""4"": 128, ""5"": 128, ""6"": 128, ""7"": 128, ""8"": 128, ""9"": 128, ""10"": 128, ""11"": 128, ""12"": 128, ""13"": 128}",cached_parquet_balanced_pool,generative_nb,
dbpedia_14,128,0.05,class_conditional,multinomial_nb,505,1792,2800,14,0.05133928571428571,0.9025,0.90143665594992,0.1545267105102539,"{""0"": 128, ""1"": 128, ""2"": 128, ""3"": 128, ""4"": 128, ""5"": 128, ""6"": 128, ""7"": 128, ""8"": 128, ""9"": 128, ""10"": 128, ""11"": 128, ""12"": 128, ""13"": 128}",cached_parquet_balanced_pool,generative_nb,
dbpedia_14,128,0.05,class_conditional,softmax_logreg,101,1792,2800,14,0.053013392857142856,0.8953571428571429,0.8932467884843618,0.7630057334899902,"{""0"": 128, ""1"": 128, ""2"": 128, ""3"": 128, ""4"": 128, ""5"": 128, ""6"": 128, ""7"": 128, ""8"": 128, ""9"": 128, ""10"": 128, ""11"": 128, ""12"": 128, ""13"": 128}",cached_parquet_balanced_pool,linear_probabilistic,
dbpedia_14,128,0.05,class_conditional,softmax_logreg,202,1792,2800,14,0.048549107142857144,0.8967857142857143,0.894677464097707,0.7244150638580322,"{""0"": 128, ""1"": 128, ""2"": 128, ""3"": 128, ""4"": 128, ""5"": 128, ""6"": 128, ""7"": 128, ""8"": 128, ""9"": 128, ""10"": 128, ""11"": 128, ""12"": 128, ""13"": 128}",cached_parquet_balanced_pool,linear_probabilistic,
dbpedia_14,128,0.05,class_conditional,softmax_logreg,303,1792,2800,14,0.04743303571428571,0.9039285714285714,0.9020302818494885,0.7518389225006104,"{""0"": 128, ""1"": 128, ""2"": 128, ""3"": 128, ""4"": 128, ""5"": 128, ""6"": 128, ""7"": 128, ""8"": 128, ""9"": 128, ""10"": 128, ""11"": 128, ""12"": 128, ""13"": 128}",cached_parquet_balanced_pool,linear_probabilistic,
dbpedia_14,128,0.05,class_conditional,softmax_logreg,404,1792,2800,14,0.053013392857142856,0.8878571428571429,0.8855670073651675,0.71112060546875,"{""0"": 128, ""1"": 128, ""2"": 128, ""3"": 128, ""4"": 128, ""5"": 128, ""6"": 128, ""7"": 128, ""8"": 128, ""9"": 128, ""10"": 128, ""11"": 128, ""12"": 128, ""13"": 128}",cached_parquet_balanced_pool,linear_probabilistic,
dbpedia_14,128,0.05,class_conditional,softmax_logreg,505,1792,2800,14,0.05133928571428571,0.8914285714285715,0.8882473470126231,0.733405590057373,"{""0"": 128, ""1"": 128, ""2"": 128, ""3"": 128, ""4"": 128, ""5"": 128, ""6"": 128, ""7"": 128, ""8"": 128, ""9"": 128, ""10"": 128, ""11"": 128, ""12"": 128, ""13"": 128}",cached_parquet_balanced_pool,linear_probabilistic,
dbpedia_14,128,0.05,class_conditional,trimmed_softmax_logreg,101,1792,2800,14,0.053013392857142856,0.7385714285714285,0.7174987602724439,0.9155199527740479,"{""0"": 128, ""1"": 128, ""2"": 128, ""3"": 128, ""4"": 128, ""5"": 128, ""6"": 128, ""7"": 128, ""8"": 128, ""9"": 128, ""10"": 128, ""11"": 128, ""12"": 128, ""13"": 128}",cached_parquet_balanced_pool,bounded_robust_variant,kept_fraction=0.8002
dbpedia_14,128,0.05,class_conditional,trimmed_softmax_logreg,202,1792,2800,14,0.048549107142857144,0.7471428571428571,0.7248620461360625,0.9311656951904297,"{""0"": 128, ""1"": 128, ""2"": 128, ""3"": 128, ""4"": 128, ""5"": 128, ""6"": 128, ""7"": 128, ""8"": 128, ""9"": 128, ""10"": 128, ""11"": 128, ""12"": 128, ""13"": 128}",cached_parquet_balanced_pool,bounded_robust_variant,kept_fraction=0.8002
dbpedia_14,128,0.05,class_conditional,trimmed_softmax_logreg,303,1792,2800,14,0.04743303571428571,0.7153571428571428,0.661976343619074,4.30050802230835,"{""0"": 128, ""1"": 128, ""2"": 128, ""3"": 128, ""4"": 128, ""5"": 128, ""6"": 128, ""7"": 128, ""8"": 128, ""9"": 128, ""10"": 128, ""11"": 128, ""12"": 128, ""13"": 128}",cached_parquet_balanced_pool,bounded_robust_variant,kept_fraction=0.8002
dbpedia_14,128,0.05,class_conditional,trimmed_softmax_logreg,404,1792,2800,14,0.053013392857142856,0.7328571428571429,0.6838946921403194,0.9423718452453613,"{""0"": 128, ""1"": 128, ""2"": 128, ""3"": 128, ""4"": 128, ""5"": 128, ""6"": 128, ""7"": 128, ""8"": 128, ""9"": 128, ""10"": 128, ""11"": 128, ""12"": 128, ""13"": 128}",cached_parquet_balanced_pool,bounded_robust_variant,kept_fraction=0.8002
dbpedia_14,128,0.05,class_conditional,trimmed_softmax_logreg,505,1792,2800,14,0.05133928571428571,0.7028571428571428,0.6919336211125524,0.9266595840454102,"{""0"": 128, ""1"": 128, ""2"": 128, ""3"": 128, ""4"": 128, ""5"": 128, ""6"": 128, ""7"": 128, ""8"": 128, ""9"": 128, ""10"": 128, ""11"": 128, ""12"": 128, ""13"": 128}",cached_parquet_balanced_pool,bounded_robust_variant,kept_fraction=0.8002
dbpedia_14,128,0.05,symmetric,linear_svm_hinge,101,1792,2800,14,0.048549107142857144,0.8628571428571429,0.8589948385606841,3.4231526851654053,"{""0"": 128, ""1"": 128, ""2"": 128, ""3"": 128, ""4"": 128, ""5"": 128, ""6"": 128, ""7"": 128, ""8"": 128, ""9"": 128, ""10"": 128, ""11"": 128, ""12"": 128, ""13"": 128}",cached_parquet_balanced_pool,linear_margin,
dbpedia_14,128,0.05,symmetric,linear_svm_hinge,202,1792,2800,14,0.056919642857142856,0.8882142857142857,0.8868543260513764,3.363504409790039,"{""0"": 128, ""1"": 128, ""2"": 128, ""3"": 128, ""4"": 128, ""5"": 128, ""6"": 128, ""7"": 128, ""8"": 128, ""9"": 128, ""10"": 128, ""11"": 128, ""12"": 128, ""13"": 128}",cached_parquet_balanced_pool,linear_margin,
dbpedia_14,128,0.05,symmetric,linear_svm_hinge,303,1792,2800,14,0.04966517857142857,0.8307142857142857,0.8200213111528326,3.570056438446045,"{""0"": 128, ""1"": 128, ""2"": 128, ""3"": 128, ""4"": 128, ""5"": 128, ""6"": 128, ""7"": 128, ""8"": 128, ""9"": 128, ""10"": 128, ""11"": 128, ""12"": 128, ""13"": 128}",cached_parquet_balanced_pool,linear_margin,
dbpedia_14,128,0.05,symmetric,linear_svm_hinge,404,1792,2800,14,0.05412946428571429,0.8696428571428572,0.8672755078427867,3.3790218830108643,"{""0"": 128, ""1"": 128, ""2"": 128, ""3"": 128, ""4"": 128, ""5"": 128, ""6"": 128, ""7"": 128, ""8"": 128, ""9"": 128, ""10"": 128, ""11"": 128, ""12"": 128, ""13"": 128}",cached_parquet_balanced_pool,linear_margin,
dbpedia_14,128,0.05,symmetric,linear_svm_hinge,505,1792,2800,14,0.05189732142857143,0.8771428571428571,0.8747830113756397,6.427908897399902,"{""0"": 128, ""1"": 128, ""2"": 128, ""3"": 128, ""4"": 128, ""5"": 128, ""6"": 128, ""7"": 128, ""8"": 128, ""9"": 128, ""10"": 128, ""11"": 128, ""12"": 128, ""13"": 128}",cached_parquet_balanced_pool,linear_margin,
dbpedia_14,128,0.05,symmetric,multinomial_nb,101,1792,2800,14,0.048549107142857144,0.8978571428571429,0.8968178668091342,0.15379929542541504,"{""0"": 128, ""1"": 128, ""2"": 128, ""3"": 128, ""4"": 128, ""5"": 128, ""6"": 128, ""7"": 128, ""8"": 128, ""9"": 128, ""10"": 128, ""11"": 128, ""12"": 128, ""13"": 128}",cached_parquet_balanced_pool,generative_nb,
dbpedia_14,128,0.05,symmetric,multinomial_nb,202,1792,2800,14,0.056919642857142856,0.9117857142857143,0.9110865215437035,0.15619397163391113,"{""0"": 128, ""1"": 128, ""2"": 128, ""3"": 128, ""4"": 128, ""5"": 128, ""6"": 128, ""7"": 128, ""8"": 128, ""9"": 128, ""10"": 128, ""11"": 128, ""12"": 128, ""13"": 128}",cached_parquet_balanced_pool,generative_nb,
dbpedia_14,128,0.05,symmetric,multinomial_nb,303,1792,2800,14,0.04966517857142857,0.9028571428571428,0.9016155655844441,0.1551198959350586,"{""0"": 128, ""1"": 128, ""2"": 128, ""3"": 128, ""4"": 128, ""5"": 128, ""6"": 128, ""7"": 128, ""8"": 128, ""9"": 128, ""10"": 128, ""11"": 128, ""12"": 128, ""13"": 128}",cached_parquet_balanced_pool,generative_nb,
dbpedia_14,128,0.05,symmetric,multinomial_nb,404,1792,2800,14,0.05412946428571429,0.8953571428571429,0.8943581916248565,0.15308761596679688,"{""0"": 128, ""1"": 128, ""2"": 128, ""3"": 128, ""4"": 128, ""5"": 128, ""6"": 128, ""7"": 128, ""8"": 128, ""9"": 128, ""10"": 128, ""11"": 128, ""12"": 128, ""13"": 128}",cached_parquet_balanced_pool,generative_nb,
dbpedia_14,128,0.05,symmetric,multinomial_nb,505,1792,2800,14,0.05189732142857143,0.9096428571428572,0.9088801372273938,0.1581881046295166,"{""0"": 128, ""1"": 128, ""2"": 128, ""3"": 128, ""4"": 128, ""5"": 128, ""6"": 128, ""7"": 128, ""8"": 128, ""9"": 128, ""10"": 128, ""11"": 128, ""12"": 128, ""13"": 128}",cached_parquet_balanced_pool,generative_nb,
dbpedia_14,128,0.05,symmetric,softmax_logreg,101,1792,2800,14,0.048549107142857144,0.9046428571428572,0.9047203456985818,0.7588541507720947,"{""0"": 128, ""1"": 128, ""2"": 128, ""3"": 128, ""4"": 128, ""5"": 128, ""6"": 128, ""7"": 128, ""8"": 128, ""9"": 128, ""10"": 128, ""11"": 128, ""12"": 128, ""13"": 128}",cached_parquet_balanced_pool,linear_probabilistic,
dbpedia_14,128,0.05,symmetric,softmax_logreg,202,1792,2800,14,0.056919642857142856,0.8871428571428571,0.885335245478313,0.7791032791137695,"{""0"": 128, ""1"": 128, ""2"": 128, ""3"": 128, ""4"": 128, ""5"": 128, ""6"": 128, ""7"": 128, ""8"": 128, ""9"": 128, ""10"": 128, ""11"": 128, ""12"": 128, ""13"": 128}",cached_parquet_balanced_pool,linear_probabilistic,
dbpedia_14,128,0.05,symmetric,softmax_logreg,303,1792,2800,14,0.04966517857142857,0.8992857142857142,0.8972254180938075,0.7284953594207764,"{""0"": 128, ""1"": 128, ""2"": 128, ""3"": 128, ""4"": 128, ""5"": 128, ""6"": 128, ""7"": 128, ""8"": 128, ""9"": 128, ""10"": 128, ""11"": 128, ""12"": 128, ""13"": 128}",cached_parquet_balanced_pool,linear_probabilistic,
dbpedia_14,128,0.05,symmetric,softmax_logreg,404,1792,2800,14,0.05412946428571429,0.8996428571428572,0.8980607709396093,0.727031946182251,"{""0"": 128, ""1"": 128, ""2"": 128, ""3"": 128, ""4"": 128, ""5"": 128, ""6"": 128, ""7"": 128, ""8"": 128, ""9"": 128, ""10"": 128, ""11"": 128, ""12"": 128, ""13"": 128}",cached_parquet_balanced_pool,linear_probabilistic,
dbpedia_14,128,0.05,symmetric,softmax_logreg,505,1792,2800,14,0.05189732142857143,0.8892857142857142,0.8884358864876667,0.6912245750427246,"{""0"": 128, ""1"": 128, ""2"": 128, ""3"": 128, ""4"": 128, ""5"": 128, ""6"": 128, ""7"": 128, ""8"": 128, ""9"": 128, ""10"": 128, ""11"": 128, ""12"": 128, ""13"": 128}",cached_parquet_balanced_pool,linear_probabilistic,
dbpedia_14,128,0.05,symmetric,trimmed_softmax_logreg,101,1792,2800,14,0.048549107142857144,0.8142857142857143,0.8076825297728002,0.9231076240539551,"{""0"": 128, ""1"": 128, ""2"": 128, ""3"": 128, ""4"": 128, ""5"": 128, ""6"": 128, ""7"": 128, ""8"": 128, ""9"": 128, ""10"": 128, ""11"": 128, ""12"": 128, ""13"": 128}",cached_parquet_balanced_pool,bounded_robust_variant,kept_fraction=0.8002
dbpedia_14,128,0.05,symmetric,trimmed_softmax_logreg,202,1792,2800,14,0.056919642857142856,0.7246428571428571,0.6854688657405337,0.9004471302032471,"{""0"": 128, ""1"": 128, ""2"": 128, ""3"": 128, ""4"": 128, ""5"": 128, ""6"": 128, ""7"": 128, ""8"": 128, ""9"": 128, ""10"": 128, ""11"": 128, ""12"": 128, ""13"": 128}",cached_parquet_balanced_pool,bounded_robust_variant,kept_fraction=0.8002
dbpedia_14,128,0.05,symmetric,trimmed_softmax_logreg,303,1792,2800,14,0.04966517857142857,0.7189285714285715,0.6694629487826081,0.8763258457183838,"{""0"": 128, ""1"": 128, ""2"": 128, ""3"": 128, ""4"": 128, ""5"": 128, ""6"": 128, ""7"": 128, ""8"": 128, ""9"": 128, ""10"": 128, ""11"": 128, ""12"": 128, ""13"": 128}",cached_parquet_balanced_pool,bounded_robust_variant,kept_fraction=0.8002
dbpedia_14,128,0.05,symmetric,trimmed_softmax_logreg,404,1792,2800,14,0.05412946428571429,0.7514285714285714,0.7225156769571534,0.9026713371276855,"{""0"": 128, ""1"": 128, ""2"": 128, ""3"": 128, ""4"": 128, ""5"": 128, ""6"": 128, ""7"": 128, ""8"": 128, ""9"": 128, ""10"": 128, ""11"": 128, ""12"": 128, ""13"": 128}",cached_parquet_balanced_pool,bounded_robust_variant,kept_fraction=0.8002
dbpedia_14,128,0.05,symmetric,trimmed_softmax_logreg,505,1792,2800,14,0.05189732142857143,0.7414285714285714,0.7374499936790507,0.9032182693481445,"{""0"": 128, ""1"": 128, ""2"": 128, ""3"": 128, ""4"": 128, ""5"": 128, ""6"": 128, ""7"": 128, ""8"": 128, ""9"": 128, ""10"": 128, ""11"": 128, ""12"": 128, ""13"": 128}",cached_parquet_balanced_pool,bounded_robust_variant,kept_fraction=0.8002
dbpedia_14,128,0.1,class_conditional,linear_svm_hinge,101,1792,2800,14,0.10546875,0.8232142857142857,0.7985656884761388,3.5444490909576416,"{""0"": 128, ""1"": 128, ""2"": 128, ""3"": 128, ""4"": 128, ""5"": 128, ""6"": 128, ""7"": 128, ""8"": 128, ""9"": 128, ""10"": 128, ""11"": 128, ""12"": 128, ""13"": 128}",cached_parquet_balanced_pool,linear_margin,
dbpedia_14,128,0.1,class_conditional,linear_svm_hinge,202,1792,2800,14,0.09430803571428571,0.8371428571428572,0.8297860465183426,3.5128912925720215,"{""0"": 128, ""1"": 128, ""2"": 128, ""3"": 128, ""4"": 128, ""5"": 128, ""6"": 128, ""7"": 128, ""8"": 128, ""9"": 128, ""10"": 128, ""11"": 128, ""12"": 128, ""13"": 128}",cached_parquet_balanced_pool,linear_margin,
dbpedia_14,128,0.1,class_conditional,linear_svm_hinge,303,1792,2800,14,0.10881696428571429,0.8571428571428571,0.8521756532181202,3.598432779312134,"{""0"": 128, ""1"": 128, ""2"": 128, ""3"": 128, ""4"": 128, ""5"": 128, ""6"": 128, ""7"": 128, ""8"": 128, ""9"": 128, ""10"": 128, ""11"": 128, ""12"": 128, ""13"": 128}",cached_parquet_balanced_pool,linear_margin,
dbpedia_14,128,0.1,class_conditional,linear_svm_hinge,404,1792,2800,14,0.10435267857142858,0.8578571428571429,0.853373411642888,3.4666519165039062,"{""0"": 128, ""1"": 128, ""2"": 128, ""3"": 128, ""4"": 128, ""5"": 128, ""6"": 128, ""7"": 128, ""8"": 128, ""9"": 128, ""10"": 128, ""11"": 128, ""12"": 128, ""13"": 128}",cached_parquet_balanced_pool,linear_margin,
dbpedia_14,128,0.1,class_conditional,linear_svm_hinge,505,1792,2800,14,0.10323660714285714,0.8646428571428572,0.8619165812403423,3.4896209239959717,"{""0"": 128, ""1"": 128, ""2"": 128, ""3"": 128, ""4"": 128, ""5"": 128, ""6"": 128, ""7"": 128, ""8"": 128, ""9"": 128, ""10"": 128, ""11"": 128, ""12"": 128, ""13"": 128}",cached_parquet_balanced_pool,linear_margin,
dbpedia_14,128,0.1,class_conditional,multinomial_nb,101,1792,2800,14,0.10546875,0.8914285714285715,0.890232895077155,0.16139554977416992,"{""0"": 128, ""1"": 128, ""2"": 128, ""3"": 128, ""4"": 128, ""5"": 128, ""6"": 128, ""7"": 128, ""8"": 128, ""9"": 128, ""10"": 128, ""11"": 128, ""12"": 128, ""13"": 128}",cached_parquet_balanced_pool,generative_nb,
dbpedia_14,128,0.1,class_conditional,multinomial_nb,202,1792,2800,14,0.09430803571428571,0.9028571428571428,0.9022372009179163,0.15353822708129883,"{""0"": 128, ""1"": 128, ""2"": 128, ""3"": 128, ""4"": 128, ""5"": 128, ""6"": 128, ""7"": 128, ""8"": 128, ""9"": 128, ""10"": 128, ""11"": 128, ""12"": 128, ""13"": 128}",cached_parquet_balanced_pool,generative_nb,
dbpedia_14,128,0.1,class_conditional,multinomial_nb,303,1792,2800,14,0.10881696428571429,0.8917857142857143,0.8899900399421917,0.17738628387451172,"{""0"": 128, ""1"": 128, ""2"": 128, ""3"": 128, ""4"": 128, ""5"": 128, ""6"": 128, ""7"": 128, ""8"": 128, ""9"": 128, ""10"": 128, ""11"": 128, ""12"": 128, ""13"": 128}",cached_parquet_balanced_pool,generative_nb,
dbpedia_14,128,0.1,class_conditional,multinomial_nb,404,1792,2800,14,0.10435267857142858,0.8810714285714286,0.8797829580466814,0.15186166763305664,"{""0"": 128, ""1"": 128, ""2"": 128, ""3"": 128, ""4"": 128, ""5"": 128, ""6"": 128, ""7"": 128, ""8"": 128, ""9"": 128, ""10"": 128, ""11"": 128, ""12"": 128, ""13"": 128}",cached_parquet_balanced_pool,generative_nb,
dbpedia_14,128,0.1,class_conditional,multinomial_nb,505,1792,2800,14,0.10323660714285714,0.8935714285714286,0.8922073522594872,0.15749907493591309,"{""0"": 128, ""1"": 128, ""2"": 128, ""3"": 128, ""4"": 128, ""5"": 128, ""6"": 128, ""7"": 128, ""8"": 128, ""9"": 128, ""10"": 128, ""11"": 128, ""12"": 128, ""13"": 128}",cached_parquet_balanced_pool,generative_nb,
dbpedia_14,128,0.1,class_conditional,softmax_logreg,101,1792,2800,14,0.10546875,0.8625,0.8605940450225116,0.7817192077636719,"{""0"": 128, ""1"": 128, ""2"": 128, ""3"": 128, ""4"": 128, ""5"": 128, ""6"": 128, ""7"": 128, ""8"": 128, ""9"": 128, ""10"": 128, ""11"": 128, ""12"": 128, ""13"": 128}",cached_parquet_balanced_pool,linear_probabilistic,
dbpedia_14,128,0.1,class_conditional,softmax_logreg,202,1792,2800,14,0.09430803571428571,0.8928571428571429,0.8907480219942399,0.8075160980224609,"{""0"": 128, ""1"": 128, ""2"": 128, ""3"": 128, ""4"": 128, ""5"": 128, ""6"": 128, ""7"": 128, ""8"": 128, ""9"": 128, ""10"": 128, ""11"": 128, ""12"": 128, ""13"": 128}",cached_parquet_balanced_pool,linear_probabilistic,
dbpedia_14,128,0.1,class_conditional,softmax_logreg,303,1792,2800,14,0.10881696428571429,0.8853571428571428,0.8828292742385362,0.7621383666992188,"{""0"": 128, ""1"": 128, ""2"": 128, ""3"": 128, ""4"": 128, ""5"": 128, ""6"": 128, ""7"": 128, ""8"": 128, ""9"": 128, ""10"": 128, ""11"": 128, ""12"": 128, ""13"": 128}",cached_parquet_balanced_pool,linear_probabilistic,
dbpedia_14,128,0.1,class_conditional,softmax_logreg,404,1792,2800,14,0.10435267857142858,0.8503571428571428,0.84413008977756,3.391420364379883,"{""0"": 128, ""1"": 128, ""2"": 128, ""3"": 128, ""4"": 128, ""5"": 128, ""6"": 128, ""7"": 128, ""8"": 128, ""9"": 128, ""10"": 128, ""11"": 128, ""12"": 128, ""13"": 128}",cached_parquet_balanced_pool,linear_probabilistic,
dbpedia_14,128,0.1,class_conditional,softmax_logreg,505,1792,2800,14,0.10323660714285714,0.8635714285714285,0.8569602410209682,0.7387793064117432,"{""0"": 128, ""1"": 128, ""2"": 128, ""3"": 128, ""4"": 128, ""5"": 128, ""6"": 128, ""7"": 128, ""8"": 128, ""9"": 128, ""10"": 128, ""11"": 128, ""12"": 128, ""13"": 128}",cached_parquet_balanced_pool,linear_probabilistic,
dbpedia_14,128,0.1,class_conditional,trimmed_softmax_logreg,101,1792,2800,14,0.10546875,0.6807142857142857,0.6494762594876076,0.8929955959320068,"{""0"": 128, ""1"": 128, ""2"": 128, ""3"": 128, ""4"": 128, ""5"": 128, ""6"": 128, ""7"": 128, ""8"": 128, ""9"": 128, ""10"": 128, ""11"": 128, ""12"": 128, ""13"": 128}",cached_parquet_balanced_pool,bounded_robust_variant,kept_fraction=0.8002
dbpedia_14,128,0.1,class_conditional,trimmed_softmax_logreg,202,1792,2800,14,0.09430803571428571,0.7628571428571429,0.7405254285169346,0.9714322090148926,"{""0"": 128, ""1"": 128, ""2"": 128, ""3"": 128, ""4"": 128, ""5"": 128, ""6"": 128, ""7"": 128, ""8"": 128, ""9"": 128, ""10"": 128, ""11"": 128, ""12"": 128, ""13"": 128}",cached_parquet_balanced_pool,bounded_robust_variant,kept_fraction=0.8002
dbpedia_14,128,0.1,class_conditional,trimmed_softmax_logreg,303,1792,2800,14,0.10881696428571429,0.7035714285714286,0.6386210617417513,0.9224538803100586,"{""0"": 128, ""1"": 128, ""2"": 128, ""3"": 128, ""4"": 128, ""5"": 128, ""6"": 128, ""7"": 128, ""8"": 128, ""9"": 128, ""10"": 128, ""11"": 128, ""12"": 128, ""13"": 128}",cached_parquet_balanced_pool,bounded_robust_variant,kept_fraction=0.8002
dbpedia_14,128,0.1,class_conditional,trimmed_softmax_logreg,404,1792,2800,14,0.10435267857142858,0.6839285714285714,0.6352900046375762,0.8952832221984863,"{""0"": 128, ""1"": 128, ""2"": 128, ""3"": 128, ""4"": 128, ""5"": 128, ""6"": 128, ""7"": 128, ""8"": 128, ""9"": 128, ""10"": 128, ""11"": 128, ""12"": 128, ""13"": 128}",cached_parquet_balanced_pool,bounded_robust_variant,kept_fraction=0.8002
dbpedia_14,128,0.1,class_conditional,trimmed_softmax_logreg,505,1792,2800,14,0.10323660714285714,0.6853571428571429,0.64961842066487,0.9405157566070557,"{""0"": 128, ""1"": 128, ""2"": 128, ""3"": 128, ""4"": 128, ""5"": 128, ""6"": 128, ""7"": 128, ""8"": 128, ""9"": 128, ""10"": 128, ""11"": 128, ""12"": 128, ""13"": 128}",cached_parquet_balanced_pool,bounded_robust_variant,kept_fraction=0.8002
dbpedia_14,128,0.1,symmetric,linear_svm_hinge,101,1792,2800,14,0.10435267857142858,0.8621428571428571,0.8526870078020721,3.5497727394104004,"{""0"": 128, ""1"": 128, ""2"": 128, ""3"": 128, ""4"": 128, ""5"": 128, ""6"": 128, ""7"": 128, ""8"": 128, ""9"": 128, ""10"": 128, ""11"": 128, ""12"": 128, ""13"": 128}",cached_parquet_balanced_pool,linear_margin,
dbpedia_14,128,0.1,symmetric,linear_svm_hinge,202,1792,2800,14,0.09988839285714286,0.895,0.8931430161950232,3.4764952659606934,"{""0"": 128, ""1"": 128, ""2"": 128, ""3"": 128, ""4"": 128, ""5"": 128, ""6"": 128, ""7"": 128, ""8"": 128, ""9"": 128, ""10"": 128, ""11"": 128, ""12"": 128, ""13"": 128}",cached_parquet_balanced_pool,linear_margin,
dbpedia_14,128,0.1,symmetric,linear_svm_hinge,303,1792,2800,14,0.09486607142857142,0.8489285714285715,0.841119647476323,6.393417835235596,"{""0"": 128, ""1"": 128, ""2"": 128, ""3"": 128, ""4"": 128, ""5"": 128, ""6"": 128, ""7"": 128, ""8"": 128, ""9"": 128, ""10"": 128, ""11"": 128, ""12"": 128, ""13"": 128}",cached_parquet_balanced_pool,linear_margin,
dbpedia_14,128,0.1,symmetric,linear_svm_hinge,404,1792,2800,14,0.10825892857142858,0.8653571428571428,0.8637896443642025,3.463014602661133,"{""0"": 128, ""1"": 128, ""2"": 128, ""3"": 128, ""4"": 128, ""5"": 128, ""6"": 128, ""7"": 128, ""8"": 128, ""9"": 128, ""10"": 128, ""11"": 128, ""12"": 128, ""13"": 128}",cached_parquet_balanced_pool,linear_margin,
dbpedia_14,128,0.1,symmetric,linear_svm_hinge,505,1792,2800,14,0.09988839285714286,0.8496428571428571,0.8463294877205431,3.491201400756836,"{""0"": 128, ""1"": 128, ""2"": 128, ""3"": 128, ""4"": 128, ""5"": 128, ""6"": 128, ""7"": 128, ""8"": 128, ""9"": 128, ""10"": 128, ""11"": 128, ""12"": 128, ""13"": 128}",cached_parquet_balanced_pool,linear_margin,
dbpedia_14,128,0.1,symmetric,multinomial_nb,101,1792,2800,14,0.10435267857142858,0.8975,0.8963026087181901,0.16126298904418945,"{""0"": 128, ""1"": 128, ""2"": 128, ""3"": 128, ""4"": 128, ""5"": 128, ""6"": 128, ""7"": 128, ""8"": 128, ""9"": 128, ""10"": 128, ""11"": 128, ""12"": 128, ""13"": 128}",cached_parquet_balanced_pool,generative_nb,
dbpedia_14,128,0.1,symmetric,multinomial_nb,202,1792,2800,14,0.09988839285714286,0.9107142857142857,0.9099611399337627,0.15626239776611328,"{""0"": 128, ""1"": 128, ""2"": 128, ""3"": 128, ""4"": 128, ""5"": 128, ""6"": 128, ""7"": 128, ""8"": 128, ""9"": 128, ""10"": 128, ""11"": 128, ""12"": 128, ""13"": 128}",cached_parquet_balanced_pool,generative_nb,
dbpedia_14,128,0.1,symmetric,multinomial_nb,303,1792,2800,14,0.09486607142857142,0.905,0.9040870450316322,0.1613917350769043,"{""0"": 128, ""1"": 128, ""2"": 128, ""3"": 128, ""4"": 128, ""5"": 128, ""6"": 128, ""7"": 128, ""8"": 128, ""9"": 128, ""10"": 128, ""11"": 128, ""12"": 128, ""13"": 128}",cached_parquet_balanced_pool,generative_nb,
dbpedia_14,128,0.1,symmetric,multinomial_nb,404,1792,2800,14,0.10825892857142858,0.8917857142857143,0.8905071314840879,0.152374267578125,"{""0"": 128, ""1"": 128, ""2"": 128, ""3"": 128, ""4"": 128, ""5"": 128, ""6"": 128, ""7"": 128, ""8"": 128, ""9"": 128, ""10"": 128, ""11"": 128, ""12"": 128, ""13"": 128}",cached_parquet_balanced_pool,generative_nb,
dbpedia_14,128,0.1,symmetric,multinomial_nb,505,1792,2800,14,0.09988839285714286,0.905,0.9040270715741777,0.15766072273254395,"{""0"": 128, ""1"": 128, ""2"": 128, ""3"": 128, ""4"": 128, ""5"": 128, ""6"": 128, ""7"": 128, ""8"": 128, ""9"": 128, ""10"": 128, ""11"": 128, ""12"": 128, ""13"": 128}",cached_parquet_balanced_pool,generative_nb,
dbpedia_14,128,0.1,symmetric,softmax_logreg,101,1792,2800,14,0.10435267857142858,0.8985714285714286,0.8971866303535795,0.8067326545715332,"{""0"": 128, ""1"": 128, ""2"": 128, ""3"": 128, ""4"": 128, ""5"": 128, ""6"": 128, ""7"": 128, ""8"": 128, ""9"": 128, ""10"": 128, ""11"": 128, ""12"": 128, ""13"": 128}",cached_parquet_balanced_pool,linear_probabilistic,
dbpedia_14,128,0.1,symmetric,softmax_logreg,202,1792,2800,14,0.09988839285714286,0.8907142857142857,0.8896672528764097,0.7771975994110107,"{""0"": 128, ""1"": 128, ""2"": 128, ""3"": 128, ""4"": 128, ""5"": 128, ""6"": 128, ""7"": 128, ""8"": 128, ""9"": 128, ""10"": 128, ""11"": 128, ""12"": 128, ""13"": 128}",cached_parquet_balanced_pool,linear_probabilistic,
dbpedia_14,128,0.1,symmetric,softmax_logreg,303,1792,2800,14,0.09486607142857142,0.9035714285714286,0.9026725411032529,0.819441556930542,"{""0"": 128, ""1"": 128, ""2"": 128, ""3"": 128, ""4"": 128, ""5"": 128, ""6"": 128, ""7"": 128, ""8"": 128, ""9"": 128, ""10"": 128, ""11"": 128, ""12"": 128, ""13"": 128}",cached_parquet_balanced_pool,linear_probabilistic,
dbpedia_14,128,0.1,symmetric,softmax_logreg,404,1792,2800,14,0.10825892857142858,0.8864285714285715,0.8859218142568733,0.7832283973693848,"{""0"": 128, ""1"": 128, ""2"": 128, ""3"": 128, ""4"": 128, ""5"": 128, ""6"": 128, ""7"": 128, ""8"": 128, ""9"": 128, ""10"": 128, ""11"": 128, ""12"": 128, ""13"": 128}",cached_parquet_balanced_pool,linear_probabilistic,
dbpedia_14,128,0.1,symmetric,softmax_logreg,505,1792,2800,14,0.09988839285714286,0.8771428571428571,0.8762551309519132,0.7136468887329102,"{""0"": 128, ""1"": 128, ""2"": 128, ""3"": 128, ""4"": 128, ""5"": 128, ""6"": 128, ""7"": 128, ""8"": 128, ""9"": 128, ""10"": 128, ""11"": 128, ""12"": 128, ""13"": 128}",cached_parquet_balanced_pool,linear_probabilistic,
dbpedia_14,128,0.1,symmetric,trimmed_softmax_logreg,101,1792,2800,14,0.10435267857142858,0.7528571428571429,0.7210502570438323,0.8910224437713623,"{""0"": 128, ""1"": 128, ""2"": 128, ""3"": 128, ""4"": 128, ""5"": 128, ""6"": 128, ""7"": 128, ""8"": 128, ""9"": 128, ""10"": 128, ""11"": 128, ""12"": 128, ""13"": 128}",cached_parquet_balanced_pool,bounded_robust_variant,kept_fraction=0.8002
dbpedia_14,128,0.1,symmetric,trimmed_softmax_logreg,202,1792,2800,14,0.09988839285714286,0.7185714285714285,0.7027928964926919,0.885040283203125,"{""0"": 128, ""1"": 128, ""2"": 128, ""3"": 128, ""4"": 128, ""5"": 128, ""6"": 128, ""7"": 128, ""8"": 128, ""9"": 128, ""10"": 128, ""11"": 128, ""12"": 128, ""13"": 128}",cached_parquet_balanced_pool,bounded_robust_variant,kept_fraction=0.8002
dbpedia_14,128,0.1,symmetric,trimmed_softmax_logreg,303,1792,2800,14,0.09486607142857142,0.7921428571428571,0.7589296117612628,0.9772655963897705,"{""0"": 128, ""1"": 128, ""2"": 128, ""3"": 128, ""4"": 128, ""5"": 128, ""6"": 128, ""7"": 128, ""8"": 128, ""9"": 128, ""10"": 128, ""11"": 128, ""12"": 128, ""13"": 128}",cached_parquet_balanced_pool,bounded_robust_variant,kept_fraction=0.8002
dbpedia_14,128,0.1,symmetric,trimmed_softmax_logreg,404,1792,2800,14,0.10825892857142858,0.7721428571428571,0.756484314494796,0.9440135955810547,"{""0"": 128, ""1"": 128, ""2"": 128, ""3"": 128, ""4"": 128, ""5"": 128, ""6"": 128, ""7"": 128, ""8"": 128, ""9"": 128, ""10"": 128, ""11"": 128, ""12"": 128, ""13"": 128}",cached_parquet_balanced_pool,bounded_robust_variant,kept_fraction=0.8002
dbpedia_14,128,0.1,symmetric,trimmed_softmax_logreg,505,1792,2800,14,0.09988839285714286,0.7378571428571429,0.7176144889846915,0.9112687110900879,"{""0"": 128, ""1"": 128, ""2"": 128, ""3"": 128, ""4"": 128, ""5"": 128, ""6"": 128, ""7"": 128, ""8"": 128, ""9"": 128, ""10"": 128, ""11"": 128, ""12"": 128, ""13"": 128}",cached_parquet_balanced_pool,bounded_robust_variant,kept_fraction=0.8002
dbpedia_14,128,0.2,class_conditional,linear_svm_hinge,101,1792,2800,14,0.20200892857142858,0.8053571428571429,0.7896079221424761,3.604496479034424,"{""0"": 128, ""1"": 128, ""2"": 128, ""3"": 128, ""4"": 128, ""5"": 128, ""6"": 128, ""7"": 128, ""8"": 128, ""9"": 128, ""10"": 128, ""11"": 128, ""12"": 128, ""13"": 128}",cached_parquet_balanced_pool,linear_margin,
dbpedia_14,128,0.2,class_conditional,linear_svm_hinge,202,1792,2800,14,0.19196428571428573,0.8425,0.8283940707757333,3.5703554153442383,"{""0"": 128, ""1"": 128, ""2"": 128, ""3"": 128, ""4"": 128, ""5"": 128, ""6"": 128, ""7"": 128, ""8"": 128, ""9"": 128, ""10"": 128, ""11"": 128, ""12"": 128, ""13"": 128}",cached_parquet_balanced_pool,linear_margin,
dbpedia_14,128,0.2,class_conditional,linear_svm_hinge,303,1792,2800,14,0.20926339285714285,0.8439285714285715,0.8322590772843949,3.556093454360962,"{""0"": 128, ""1"": 128, ""2"": 128, ""3"": 128, ""4"": 128, ""5"": 128, ""6"": 128, ""7"": 128, ""8"": 128, ""9"": 128, ""10"": 128, ""11"": 128, ""12"": 128, ""13"": 128}",cached_parquet_balanced_pool,linear_margin,
dbpedia_14,128,0.2,class_conditional,linear_svm_hinge,404,1792,2800,14,0.20870535714285715,0.8442857142857143,0.8420799187683297,3.564692497253418,"{""0"": 128, ""1"": 128, ""2"": 128, ""3"": 128, ""4"": 128, ""5"": 128, ""6"": 128, ""7"": 128, ""8"": 128, ""9"": 128, ""10"": 128, ""11"": 128, ""12"": 128, ""13"": 128}",cached_parquet_balanced_pool,linear_margin,
dbpedia_14,128,0.2,class_conditional,linear_svm_hinge,505,1792,2800,14,0.20703125,0.8414285714285714,0.8397158991235675,3.607429027557373,"{""0"": 128, ""1"": 128, ""2"": 128, ""3"": 128, ""4"": 128, ""5"": 128, ""6"": 128, ""7"": 128, ""8"": 128, ""9"": 128, ""10"": 128, ""11"": 128, ""12"": 128, ""13"": 128}",cached_parquet_balanced_pool,linear_margin,
dbpedia_14,128,0.2,class_conditional,multinomial_nb,101,1792,2800,14,0.20200892857142858,0.8582142857142857,0.8559028315441781,0.15408086776733398,"{""0"": 128, ""1"": 128, ""2"": 128, ""3"": 128, ""4"": 128, ""5"": 128, ""6"": 128, ""7"": 128, ""8"": 128, ""9"": 128, ""10"": 128, ""11"": 128, ""12"": 128, ""13"": 128}",cached_parquet_balanced_pool,generative_nb,
dbpedia_14,128,0.2,class_conditional,multinomial_nb,202,1792,2800,14,0.19196428571428573,0.8660714285714286,0.8637389897110627,0.15321660041809082,"{""0"": 128, ""1"": 128, ""2"": 128, ""3"": 128, ""4"": 128, ""5"": 128, ""6"": 128, ""7"": 128, ""8"": 128, ""9"": 128, ""10"": 128, ""11"": 128, ""12"": 128, ""13"": 128}",cached_parquet_balanced_pool,generative_nb,
dbpedia_14,128,0.2,class_conditional,multinomial_nb,303,1792,2800,14,0.20926339285714285,0.8539285714285715,0.8506123832260306,0.16420578956604004,"{""0"": 128, ""1"": 128, ""2"": 128, ""3"": 128, ""4"": 128, ""5"": 128, ""6"": 128, ""7"": 128, ""8"": 128, ""9"": 128, ""10"": 128, ""11"": 128, ""12"": 128, ""13"": 128}",cached_parquet_balanced_pool,generative_nb,
dbpedia_14,128,0.2,class_conditional,multinomial_nb,404,1792,2800,14,0.20870535714285715,0.8346428571428571,0.8299589210302856,0.15471267700195312,"{""0"": 128, ""1"": 128, ""2"": 128, ""3"": 128, ""4"": 128, ""5"": 128, ""6"": 128, ""7"": 128, ""8"": 128, ""9"": 128, ""10"": 128, ""11"": 128, ""12"": 128, ""13"": 128}",cached_parquet_balanced_pool,generative_nb,
dbpedia_14,128,0.2,class_conditional,multinomial_nb,505,1792,2800,14,0.20703125,0.8642857142857143,0.8622298895862557,0.15414118766784668,"{""0"": 128, ""1"": 128, ""2"": 128, ""3"": 128, ""4"": 128, ""5"": 128, ""6"": 128, ""7"": 128, ""8"": 128, ""9"": 128, ""10"": 128, ""11"": 128, ""12"": 128, ""13"": 128}",cached_parquet_balanced_pool,generative_nb,
dbpedia_14,128,0.2,class_conditional,softmax_logreg,101,1792,2800,14,0.20200892857142858,0.8178571428571428,0.8020133739072325,0.7498013973236084,"{""0"": 128, ""1"": 128, ""2"": 128, ""3"": 128, ""4"": 128, ""5"": 128, ""6"": 128, ""7"": 128, ""8"": 128, ""9"": 128, ""10"": 128, ""11"": 128, ""12"": 128, ""13"": 128}",cached_parquet_balanced_pool,linear_probabilistic,
dbpedia_14,128,0.2,class_conditional,softmax_logreg,202,1792,2800,14,0.19196428571428573,0.8360714285714286,0.8144725281580433,0.7506043910980225,"{""0"": 128, ""1"": 128, ""2"": 128, ""3"": 128, ""4"": 128, ""5"": 128, ""6"": 128, ""7"": 128, ""8"": 128, ""9"": 128, ""10"": 128, ""11"": 128, ""12"": 128, ""13"": 128}",cached_parquet_balanced_pool,linear_probabilistic,
dbpedia_14,128,0.2,class_conditional,softmax_logreg,303,1792,2800,14,0.20926339285714285,0.84,0.8327947109306921,0.7883682250976562,"{""0"": 128, ""1"": 128, ""2"": 128, ""3"": 128, ""4"": 128, ""5"": 128, ""6"": 128, ""7"": 128, ""8"": 128, ""9"": 128, ""10"": 128, ""11"": 128, ""12"": 128, ""13"": 128}",cached_parquet_balanced_pool,linear_probabilistic,
dbpedia_14,128,0.2,class_conditional,softmax_logreg,404,1792,2800,14,0.20870535714285715,0.8082142857142857,0.7869076173009326,0.782494306564331,"{""0"": 128, ""1"": 128, ""2"": 128, ""3"": 128, ""4"": 128, ""5"": 128, ""6"": 128, ""7"": 128, ""8"": 128, ""9"": 128, ""10"": 128, ""11"": 128, ""12"": 128, ""13"": 128}",cached_parquet_balanced_pool,linear_probabilistic,
dbpedia_14,128,0.2,class_conditional,softmax_logreg,505,1792,2800,14,0.20703125,0.8260714285714286,0.8093858968480941,0.8129782676696777,"{""0"": 128, ""1"": 128, ""2"": 128, ""3"": 128, ""4"": 128, ""5"": 128, ""6"": 128, ""7"": 128, ""8"": 128, ""9"": 128, ""10"": 128, ""11"": 128, ""12"": 128, ""13"": 128}",cached_parquet_balanced_pool,linear_probabilistic,
dbpedia_14,128,0.2,class_conditional,trimmed_softmax_logreg,101,1792,2800,14,0.20200892857142858,0.6817857142857143,0.6650271355330934,0.8368887901306152,"{""0"": 128, ""1"": 128, ""2"": 128, ""3"": 128, ""4"": 128, ""5"": 128, ""6"": 128, ""7"": 128, ""8"": 128, ""9"": 128, ""10"": 128, ""11"": 128, ""12"": 128, ""13"": 128}",cached_parquet_balanced_pool,bounded_robust_variant,kept_fraction=0.8002
dbpedia_14,128,0.2,class_conditional,trimmed_softmax_logreg,202,1792,2800,14,0.19196428571428573,0.6839285714285714,0.6287153835715834,0.8366129398345947,"{""0"": 128, ""1"": 128, ""2"": 128, ""3"": 128, ""4"": 128, ""5"": 128, ""6"": 128, ""7"": 128, ""8"": 128, ""9"": 128, ""10"": 128, ""11"": 128, ""12"": 128, ""13"": 128}",cached_parquet_balanced_pool,bounded_robust_variant,kept_fraction=0.8002
dbpedia_14,128,0.2,class_conditional,trimmed_softmax_logreg,303,1792,2800,14,0.20926339285714285,0.6314285714285715,0.5820892537319601,0.8885133266448975,"{""0"": 128, ""1"": 128, ""2"": 128, ""3"": 128, ""4"": 128, ""5"": 128, ""6"": 128, ""7"": 128, ""8"": 128, ""9"": 128, ""10"": 128, ""11"": 128, ""12"": 128, ""13"": 128}",cached_parquet_balanced_pool,bounded_robust_variant,kept_fraction=0.8002
dbpedia_14,128,0.2,class_conditional,trimmed_softmax_logreg,404,1792,2800,14,0.20870535714285715,0.6425,0.5585704304740075,0.8461024761199951,"{""0"": 128, ""1"": 128, ""2"": 128, ""3"": 128, ""4"": 128, ""5"": 128, ""6"": 128, ""7"": 128, ""8"": 128, ""9"": 128, ""10"": 128, ""11"": 128, ""12"": 128, ""13"": 128}",cached_parquet_balanced_pool,bounded_robust_variant,kept_fraction=0.8002
dbpedia_14,128,0.2,class_conditional,trimmed_softmax_logreg,505,1792,2800,14,0.20703125,0.6703571428571429,0.6659463420405839,0.8691632747650146,"{""0"": 128, ""1"": 128, ""2"": 128, ""3"": 128, ""4"": 128, ""5"": 128, ""6"": 128, ""7"": 128, ""8"": 128, ""9"": 128, ""10"": 128, ""11"": 128, ""12"": 128, ""13"": 128}",cached_parquet_balanced_pool,bounded_robust_variant,kept_fraction=0.8002
dbpedia_14,128,0.2,symmetric,linear_svm_hinge,101,1792,2800,14,0.19363839285714285,0.8446428571428571,0.8399546528089828,6.419641733169556,"{""0"": 128, ""1"": 128, ""2"": 128, ""3"": 128, ""4"": 128, ""5"": 128, ""6"": 128, ""7"": 128, ""8"": 128, ""9"": 128, ""10"": 128, ""11"": 128, ""12"": 128, ""13"": 128}",cached_parquet_balanced_pool,linear_margin,
dbpedia_14,128,0.2,symmetric,linear_svm_hinge,202,1792,2800,14,0.19308035714285715,0.8417857142857142,0.8374838134161898,3.5394287109375,"{""0"": 128, ""1"": 128, ""2"": 128, ""3"": 128, ""4"": 128, ""5"": 128, ""6"": 128, ""7"": 128, ""8"": 128, ""9"": 128, ""10"": 128, ""11"": 128, ""12"": 128, ""13"": 128}",cached_parquet_balanced_pool,linear_margin,
dbpedia_14,128,0.2,symmetric,linear_svm_hinge,303,1792,2800,14,0.20535714285714285,0.8532142857142857,0.8499284193285597,3.5308542251586914,"{""0"": 128, ""1"": 128, ""2"": 128, ""3"": 128, ""4"": 128, ""5"": 128, ""6"": 128, ""7"": 128, ""8"": 128, ""9"": 128, ""10"": 128, ""11"": 128, ""12"": 128, ""13"": 128}",cached_parquet_balanced_pool,linear_margin,
dbpedia_14,128,0.2,symmetric,linear_svm_hinge,404,1792,2800,14,0.203125,0.8125,0.8034487212814244,3.4319751262664795,"{""0"": 128, ""1"": 128, ""2"": 128, ""3"": 128, ""4"": 128, ""5"": 128, ""6"": 128, ""7"": 128, ""8"": 128, ""9"": 128, ""10"": 128, ""11"": 128, ""12"": 128, ""13"": 128}",cached_parquet_balanced_pool,linear_margin,
dbpedia_14,128,0.2,symmetric,linear_svm_hinge,505,1792,2800,14,0.21037946428571427,0.7821428571428571,0.7508704320445734,3.585634231567383,"{""0"": 128, ""1"": 128, ""2"": 128, ""3"": 128, ""4"": 128, ""5"": 128, ""6"": 128, ""7"": 128, ""8"": 128, ""9"": 128, ""10"": 128, ""11"": 128, ""12"": 128, ""13"": 128}",cached_parquet_balanced_pool,linear_margin,
dbpedia_14,128,0.2,symmetric,multinomial_nb,101,1792,2800,14,0.19363839285714285,0.8832142857142857,0.8821612248906966,0.1559276580810547,"{""0"": 128, ""1"": 128, ""2"": 128, ""3"": 128, ""4"": 128, ""5"": 128, ""6"": 128, ""7"": 128, ""8"": 128, ""9"": 128, ""10"": 128, ""11"": 128, ""12"": 128, ""13"": 128}",cached_parquet_balanced_pool,generative_nb,
dbpedia_14,128,0.2,symmetric,multinomial_nb,202,1792,2800,14,0.19308035714285715,0.8996428571428572,0.8982839028928741,0.15347528457641602,"{""0"": 128, ""1"": 128, ""2"": 128, ""3"": 128, ""4"": 128, ""5"": 128, ""6"": 128, ""7"": 128, ""8"": 128, ""9"": 128, ""10"": 128, ""11"": 128, ""12"": 128, ""13"": 128}",cached_parquet_balanced_pool,generative_nb,
dbpedia_14,128,0.2,symmetric,multinomial_nb,303,1792,2800,14,0.20535714285714285,0.8878571428571429,0.8858124175855339,0.1663672924041748,"{""0"": 128, ""1"": 128, ""2"": 128, ""3"": 128, ""4"": 128, ""5"": 128, ""6"": 128, ""7"": 128, ""8"": 128, ""9"": 128, ""10"": 128, ""11"": 128, ""12"": 128, ""13"": 128}",cached_parquet_balanced_pool,generative_nb,
dbpedia_14,128,0.2,symmetric,multinomial_nb,404,1792,2800,14,0.203125,0.8846428571428572,0.8837172439323216,0.14969491958618164,"{""0"": 128, ""1"": 128, ""2"": 128, ""3"": 128, ""4"": 128, ""5"": 128, ""6"": 128, ""7"": 128, ""8"": 128, ""9"": 128, ""10"": 128, ""11"": 128, ""12"": 128, ""13"": 128}",cached_parquet_balanced_pool,generative_nb,
dbpedia_14,128,0.2,symmetric,multinomial_nb,505,1792,2800,14,0.21037946428571427,0.8946428571428572,0.8930860433364083,0.1624305248260498,"{""0"": 128, ""1"": 128, ""2"": 128, ""3"": 128, ""4"": 128, ""5"": 128, ""6"": 128, ""7"": 128, ""8"": 128, ""9"": 128, ""10"": 128, ""11"": 128, ""12"": 128, ""13"": 128}",cached_parquet_balanced_pool,generative_nb,
dbpedia_14,128,0.2,symmetric,softmax_logreg,101,1792,2800,14,0.19363839285714285,0.8817857142857143,0.8813813622815303,0.792917013168335,"{""0"": 128, ""1"": 128, ""2"": 128, ""3"": 128, ""4"": 128, ""5"": 128, ""6"": 128, ""7"": 128, ""8"": 128, ""9"": 128, ""10"": 128, ""11"": 128, ""12"": 128, ""13"": 128}",cached_parquet_balanced_pool,linear_probabilistic,
dbpedia_14,128,0.2,symmetric,softmax_logreg,202,1792,2800,14,0.19308035714285715,0.8603571428571428,0.8533325153064882,0.7618951797485352,"{""0"": 128, ""1"": 128, ""2"": 128, ""3"": 128, ""4"": 128, ""5"": 128, ""6"": 128, ""7"": 128, ""8"": 128, ""9"": 128, ""10"": 128, ""11"": 128, ""12"": 128, ""13"": 128}",cached_parquet_balanced_pool,linear_probabilistic,
dbpedia_14,128,0.2,symmetric,softmax_logreg,303,1792,2800,14,0.20535714285714285,0.8685714285714285,0.8616899424886257,0.7610681056976318,"{""0"": 128, ""1"": 128, ""2"": 128, ""3"": 128, ""4"": 128, ""5"": 128, ""6"": 128, ""7"": 128, ""8"": 128, ""9"": 128, ""10"": 128, ""11"": 128, ""12"": 128, ""13"": 128}",cached_parquet_balanced_pool,linear_probabilistic,
dbpedia_14,128,0.2,symmetric,softmax_logreg,404,1792,2800,14,0.203125,0.8685714285714285,0.8671594991528874,0.7878694534301758,"{""0"": 128, ""1"": 128, ""2"": 128, ""3"": 128, ""4"": 128, ""5"": 128, ""6"": 128, ""7"": 128, ""8"": 128, ""9"": 128, ""10"": 128, ""11"": 128, ""12"": 128, ""13"": 128}",cached_parquet_balanced_pool,linear_probabilistic,
dbpedia_14,128,0.2,symmetric,softmax_logreg,505,1792,2800,14,0.21037946428571427,0.8546428571428571,0.845778042293566,0.7524487972259521,"{""0"": 128, ""1"": 128, ""2"": 128, ""3"": 128, ""4"": 128, ""5"": 128, ""6"": 128, ""7"": 128, ""8"": 128, ""9"": 128, ""10"": 128, ""11"": 128, ""12"": 128, ""13"": 128}",cached_parquet_balanced_pool,linear_probabilistic,
dbpedia_14,128,0.2,symmetric,trimmed_softmax_logreg,101,1792,2800,14,0.19363839285714285,0.8175,0.8229194338946891,0.9773709774017334,"{""0"": 128, ""1"": 128, ""2"": 128, ""3"": 128, ""4"": 128, ""5"": 128, ""6"": 128, ""7"": 128, ""8"": 128, ""9"": 128, ""10"": 128, ""11"": 128, ""12"": 128, ""13"": 128}",cached_parquet_balanced_pool,bounded_robust_variant,kept_fraction=0.8002
dbpedia_14,128,0.2,symmetric,trimmed_softmax_logreg,202,1792,2800,14,0.19308035714285715,0.7546428571428572,0.7065180339490293,0.8935108184814453,"{""0"": 128, ""1"": 128, ""2"": 128, ""3"": 128, ""4"": 128, ""5"": 128, ""6"": 128, ""7"": 128, ""8"": 128, ""9"": 128, ""10"": 128, ""11"": 128, ""12"": 128, ""13"": 128}",cached_parquet_balanced_pool,bounded_robust_variant,kept_fraction=0.8002
dbpedia_14,128,0.2,symmetric,trimmed_softmax_logreg,303,1792,2800,14,0.20535714285714285,0.7639285714285714,0.7196378353468119,0.8913383483886719,"{""0"": 128, ""1"": 128, ""2"": 128, ""3"": 128, ""4"": 128, ""5"": 128, ""6"": 128, ""7"": 128, ""8"": 128, ""9"": 128, ""10"": 128, ""11"": 128, ""12"": 128, ""13"": 128}",cached_parquet_balanced_pool,bounded_robust_variant,kept_fraction=0.8002
dbpedia_14,128,0.2,symmetric,trimmed_softmax_logreg,404,1792,2800,14,0.203125,0.7321428571428571,0.7025079006117343,0.91153883934021,"{""0"": 128, ""1"": 128, ""2"": 128, ""3"": 128, ""4"": 128, ""5"": 128, ""6"": 128, ""7"": 128, ""8"": 128, ""9"": 128, ""10"": 128, ""11"": 128, ""12"": 128, ""13"": 128}",cached_parquet_balanced_pool,bounded_robust_variant,kept_fraction=0.8002
dbpedia_14,128,0.2,symmetric,trimmed_softmax_logreg,505,1792,2800,14,0.21037946428571427,0.7332142857142857,0.7053400583875387,0.9524800777435303,"{""0"": 128, ""1"": 128, ""2"": 128, ""3"": 128, ""4"": 128, ""5"": 128, ""6"": 128, ""7"": 128, ""8"": 128, ""9"": 128, ""10"": 128, ""11"": 128, ""12"": 128, ""13"": 128}",cached_parquet_balanced_pool,bounded_robust_variant,kept_fraction=0.8002
dbpedia_14,128,0.3,class_conditional,linear_svm_hinge,101,1792,2800,14,0.31473214285714285,0.8010714285714285,0.7862744258807439,3.4812984466552734,"{""0"": 128, ""1"": 128, ""2"": 128, ""3"": 128, ""4"": 128, ""5"": 128, ""6"": 128, ""7"": 128, ""8"": 128, ""9"": 128, ""10"": 128, ""11"": 128, ""12"": 128, ""13"": 128}",cached_parquet_balanced_pool,linear_margin,
dbpedia_14,128,0.3,class_conditional,linear_svm_hinge,202,1792,2800,14,0.30747767857142855,0.7767857142857143,0.7543530536112114,3.4954357147216797,"{""0"": 128, ""1"": 128, ""2"": 128, ""3"": 128, ""4"": 128, ""5"": 128, ""6"": 128, ""7"": 128, ""8"": 128, ""9"": 128, ""10"": 128, ""11"": 128, ""12"": 128, ""13"": 128}",cached_parquet_balanced_pool,linear_margin,
dbpedia_14,128,0.3,class_conditional,linear_svm_hinge,303,1792,2800,14,0.30245535714285715,0.8085714285714286,0.7964025536910866,3.5841236114501953,"{""0"": 128, ""1"": 128, ""2"": 128, ""3"": 128, ""4"": 128, ""5"": 128, ""6"": 128, ""7"": 128, ""8"": 128, ""9"": 128, ""10"": 128, ""11"": 128, ""12"": 128, ""13"": 128}",cached_parquet_balanced_pool,linear_margin,
dbpedia_14,128,0.3,class_conditional,linear_svm_hinge,404,1792,2800,14,0.3080357142857143,0.805,0.7963630833528745,3.567798376083374,"{""0"": 128, ""1"": 128, ""2"": 128, ""3"": 128, ""4"": 128, ""5"": 128, ""6"": 128, ""7"": 128, ""8"": 128, ""9"": 128, ""10"": 128, ""11"": 128, ""12"": 128, ""13"": 128}",cached_parquet_balanced_pool,linear_margin,
dbpedia_14,128,0.3,class_conditional,linear_svm_hinge,505,1792,2800,14,0.3080357142857143,0.7857142857142857,0.7721647268787221,3.6624786853790283,"{""0"": 128, ""1"": 128, ""2"": 128, ""3"": 128, ""4"": 128, ""5"": 128, ""6"": 128, ""7"": 128, ""8"": 128, ""9"": 128, ""10"": 128, ""11"": 128, ""12"": 128, ""13"": 128}",cached_parquet_balanced_pool,linear_margin,
dbpedia_14,128,0.3,class_conditional,multinomial_nb,101,1792,2800,14,0.31473214285714285,0.7696428571428572,0.7640599167593718,0.159318208694458,"{""0"": 128, ""1"": 128, ""2"": 128, ""3"": 128, ""4"": 128, ""5"": 128, ""6"": 128, ""7"": 128, ""8"": 128, ""9"": 128, ""10"": 128, ""11"": 128, ""12"": 128, ""13"": 128}",cached_parquet_balanced_pool,generative_nb,
dbpedia_14,128,0.3,class_conditional,multinomial_nb,202,1792,2800,14,0.30747767857142855,0.7989285714285714,0.794383884265676,0.15776658058166504,"{""0"": 128, ""1"": 128, ""2"": 128, ""3"": 128, ""4"": 128, ""5"": 128, ""6"": 128, ""7"": 128, ""8"": 128, ""9"": 128, ""10"": 128, ""11"": 128, ""12"": 128, ""13"": 128}",cached_parquet_balanced_pool,generative_nb,
dbpedia_14,128,0.3,class_conditional,multinomial_nb,303,1792,2800,14,0.30245535714285715,0.7828571428571428,0.774779787758108,0.1582937240600586,"{""0"": 128, ""1"": 128, ""2"": 128, ""3"": 128, ""4"": 128, ""5"": 128, ""6"": 128, ""7"": 128, ""8"": 128, ""9"": 128, ""10"": 128, ""11"": 128, ""12"": 128, ""13"": 128}",cached_parquet_balanced_pool,generative_nb,
dbpedia_14,128,0.3,class_conditional,multinomial_nb,404,1792,2800,14,0.3080357142857143,0.7796428571428572,0.7721298201795088,0.15111374855041504,"{""0"": 128, ""1"": 128, ""2"": 128, ""3"": 128, ""4"": 128, ""5"": 128, ""6"": 128, ""7"": 128, ""8"": 128, ""9"": 128, ""10"": 128, ""11"": 128, ""12"": 128, ""13"": 128}",cached_parquet_balanced_pool,generative_nb,
dbpedia_14,128,0.3,class_conditional,multinomial_nb,505,1792,2800,14,0.3080357142857143,0.7946428571428571,0.7914209588062866,0.15230107307434082,"{""0"": 128, ""1"": 128, ""2"": 128, ""3"": 128, ""4"": 128, ""5"": 128, ""6"": 128, ""7"": 128, ""8"": 128, ""9"": 128, ""10"": 128, ""11"": 128, ""12"": 128, ""13"": 128}",cached_parquet_balanced_pool,generative_nb,
dbpedia_14,128,0.3,class_conditional,softmax_logreg,101,1792,2800,14,0.31473214285714285,0.7778571428571428,0.757605554158048,0.7683329582214355,"{""0"": 128, ""1"": 128, ""2"": 128, ""3"": 128, ""4"": 128, ""5"": 128, ""6"": 128, ""7"": 128, ""8"": 128, ""9"": 128, ""10"": 128, ""11"": 128, ""12"": 128, ""13"": 128}",cached_parquet_balanced_pool,linear_probabilistic,
dbpedia_14,128,0.3,class_conditional,softmax_logreg,202,1792,2800,14,0.30747767857142855,0.8157142857142857,0.7948254738617567,0.7777364253997803,"{""0"": 128, ""1"": 128, ""2"": 128, ""3"": 128, ""4"": 128, ""5"": 128, ""6"": 128, ""7"": 128, ""8"": 128, ""9"": 128, ""10"": 128, ""11"": 128, ""12"": 128, ""13"": 128}",cached_parquet_balanced_pool,linear_probabilistic,
dbpedia_14,128,0.3,class_conditional,softmax_logreg,303,1792,2800,14,0.30245535714285715,0.7510714285714286,0.7077049480820712,0.7541406154632568,"{""0"": 128, ""1"": 128, ""2"": 128, ""3"": 128, ""4"": 128, ""5"": 128, ""6"": 128, ""7"": 128, ""8"": 128, ""9"": 128, ""10"": 128, ""11"": 128, ""12"": 128, ""13"": 128}",cached_parquet_balanced_pool,linear_probabilistic,
dbpedia_14,128,0.3,class_conditional,softmax_logreg,404,1792,2800,14,0.3080357142857143,0.7875,0.7678480096385282,0.7429673671722412,"{""0"": 128, ""1"": 128, ""2"": 128, ""3"": 128, ""4"": 128, ""5"": 128, ""6"": 128, ""7"": 128, ""8"": 128, ""9"": 128, ""10"": 128, ""11"": 128, ""12"": 128, ""13"": 128}",cached_parquet_balanced_pool,linear_probabilistic,
dbpedia_14,128,0.3,class_conditional,softmax_logreg,505,1792,2800,14,0.3080357142857143,0.7942857142857143,0.770922307831979,0.7346060276031494,"{""0"": 128, ""1"": 128, ""2"": 128, ""3"": 128, ""4"": 128, ""5"": 128, ""6"": 128, ""7"": 128, ""8"": 128, ""9"": 128, ""10"": 128, ""11"": 128, ""12"": 128, ""13"": 128}",cached_parquet_balanced_pool,linear_probabilistic,
dbpedia_14,128,0.3,class_conditional,trimmed_softmax_logreg,101,1792,2800,14,0.31473214285714285,0.63,0.57599654720348,0.9653050899505615,"{""0"": 128, ""1"": 128, ""2"": 128, ""3"": 128, ""4"": 128, ""5"": 128, ""6"": 128, ""7"": 128, ""8"": 128, ""9"": 128, ""10"": 128, ""11"": 128, ""12"": 128, ""13"": 128}",cached_parquet_balanced_pool,bounded_robust_variant,kept_fraction=0.8002
dbpedia_14,128,0.3,class_conditional,trimmed_softmax_logreg,202,1792,2800,14,0.30747767857142855,0.6464285714285715,0.6077800830656187,0.8731882572174072,"{""0"": 128, ""1"": 128, ""2"": 128, ""3"": 128, ""4"": 128, ""5"": 128, ""6"": 128, ""7"": 128, ""8"": 128, ""9"": 128, ""10"": 128, ""11"": 128, ""12"": 128, ""13"": 128}",cached_parquet_balanced_pool,bounded_robust_variant,kept_fraction=0.8002
dbpedia_14,128,0.3,class_conditional,trimmed_softmax_logreg,303,1792,2800,14,0.30245535714285715,0.6460714285714285,0.5804219000552496,0.9349088668823242,"{""0"": 128, ""1"": 128, ""2"": 128, ""3"": 128, ""4"": 128, ""5"": 128, ""6"": 128, ""7"": 128, ""8"": 128, ""9"": 128, ""10"": 128, ""11"": 128, ""12"": 128, ""13"": 128}",cached_parquet_balanced_pool,bounded_robust_variant,kept_fraction=0.8008
dbpedia_14,128,0.3,class_conditional,trimmed_softmax_logreg,404,1792,2800,14,0.3080357142857143,0.5971428571428572,0.49897399011785554,0.8598716259002686,"{""0"": 128, ""1"": 128, ""2"": 128, ""3"": 128, ""4"": 128, ""5"": 128, ""6"": 128, ""7"": 128, ""8"": 128, ""9"": 128, ""10"": 128, ""11"": 128, ""12"": 128, ""13"": 128}",cached_parquet_balanced_pool,bounded_robust_variant,kept_fraction=0.8002
dbpedia_14,128,0.3,class_conditional,trimmed_softmax_logreg,505,1792,2800,14,0.3080357142857143,0.6439285714285714,0.6005075966878771,0.8474700450897217,"{""0"": 128, ""1"": 128, ""2"": 128, ""3"": 128, ""4"": 128, ""5"": 128, ""6"": 128, ""7"": 128, ""8"": 128, ""9"": 128, ""10"": 128, ""11"": 128, ""12"": 128, ""13"": 128}",cached_parquet_balanced_pool,bounded_robust_variant,kept_fraction=0.8002
dbpedia_14,128,0.3,symmetric,linear_svm_hinge,101,1792,2800,14,0.2935267857142857,0.7928571428571428,0.7891008603865286,3.5949742794036865,"{""0"": 128, ""1"": 128, ""2"": 128, ""3"": 128, ""4"": 128, ""5"": 128, ""6"": 128, ""7"": 128, ""8"": 128, ""9"": 128, ""10"": 128, ""11"": 128, ""12"": 128, ""13"": 128}",cached_parquet_balanced_pool,linear_margin,
dbpedia_14,128,0.3,symmetric,linear_svm_hinge,202,1792,2800,14,0.28683035714285715,0.7646428571428572,0.7430856144112588,3.4314613342285156,"{""0"": 128, ""1"": 128, ""2"": 128, ""3"": 128, ""4"": 128, ""5"": 128, ""6"": 128, ""7"": 128, ""8"": 128, ""9"": 128, ""10"": 128, ""11"": 128, ""12"": 128, ""13"": 128}",cached_parquet_balanced_pool,linear_margin,
dbpedia_14,128,0.3,symmetric,linear_svm_hinge,303,1792,2800,14,0.30245535714285715,0.7839285714285714,0.7571016160471286,3.4968767166137695,"{""0"": 128, ""1"": 128, ""2"": 128, ""3"": 128, ""4"": 128, ""5"": 128, ""6"": 128, ""7"": 128, ""8"": 128, ""9"": 128, ""10"": 128, ""11"": 128, ""12"": 128, ""13"": 128}",cached_parquet_balanced_pool,linear_margin,
dbpedia_14,128,0.3,symmetric,linear_svm_hinge,404,1792,2800,14,0.28404017857142855,0.8178571428571428,0.8144670715163611,3.3959693908691406,"{""0"": 128, ""1"": 128, ""2"": 128, ""3"": 128, ""4"": 128, ""5"": 128, ""6"": 128, ""7"": 128, ""8"": 128, ""9"": 128, ""10"": 128, ""11"": 128, ""12"": 128, ""13"": 128}",cached_parquet_balanced_pool,linear_margin,
dbpedia_14,128,0.3,symmetric,linear_svm_hinge,505,1792,2800,14,0.31361607142857145,0.7460714285714286,0.7340552424898442,3.446199655532837,"{""0"": 128, ""1"": 128, ""2"": 128, ""3"": 128, ""4"": 128, ""5"": 128, ""6"": 128, ""7"": 128, ""8"": 128, ""9"": 128, ""10"": 128, ""11"": 128, ""12"": 128, ""13"": 128}",cached_parquet_balanced_pool,linear_margin,
dbpedia_14,128,0.3,symmetric,multinomial_nb,101,1792,2800,14,0.2935267857142857,0.8814285714285715,0.8797835366942016,0.15602779388427734,"{""0"": 128, ""1"": 128, ""2"": 128, ""3"": 128, ""4"": 128, ""5"": 128, ""6"": 128, ""7"": 128, ""8"": 128, ""9"": 128, ""10"": 128, ""11"": 128, ""12"": 128, ""13"": 128}",cached_parquet_balanced_pool,generative_nb,
dbpedia_14,128,0.3,symmetric,multinomial_nb,202,1792,2800,14,0.28683035714285715,0.8835714285714286,0.8834460418551446,0.15811896324157715,"{""0"": 128, ""1"": 128, ""2"": 128, ""3"": 128, ""4"": 128, ""5"": 128, ""6"": 128, ""7"": 128, ""8"": 128, ""9"": 128, ""10"": 128, ""11"": 128, ""12"": 128, ""13"": 128}",cached_parquet_balanced_pool,generative_nb,
dbpedia_14,128,0.3,symmetric,multinomial_nb,303,1792,2800,14,0.30245535714285715,0.8771428571428571,0.8749917427134769,0.15117549896240234,"{""0"": 128, ""1"": 128, ""2"": 128, ""3"": 128, ""4"": 128, ""5"": 128, ""6"": 128, ""7"": 128, ""8"": 128, ""9"": 128, ""10"": 128, ""11"": 128, ""12"": 128, ""13"": 128}",cached_parquet_balanced_pool,generative_nb,
dbpedia_14,128,0.3,symmetric,multinomial_nb,404,1792,2800,14,0.28404017857142855,0.8685714285714285,0.8664653759584653,0.1638786792755127,"{""0"": 128, ""1"": 128, ""2"": 128, ""3"": 128, ""4"": 128, ""5"": 128, ""6"": 128, ""7"": 128, ""8"": 128, ""9"": 128, ""10"": 128, ""11"": 128, ""12"": 128, ""13"": 128}",cached_parquet_balanced_pool,generative_nb,
dbpedia_14,128,0.3,symmetric,multinomial_nb,505,1792,2800,14,0.31361607142857145,0.8846428571428572,0.883541411928422,0.16342449188232422,"{""0"": 128, ""1"": 128, ""2"": 128, ""3"": 128, ""4"": 128, ""5"": 128, ""6"": 128, ""7"": 128, ""8"": 128, ""9"": 128, ""10"": 128, ""11"": 128, ""12"": 128, ""13"": 128}",cached_parquet_balanced_pool,generative_nb,
dbpedia_14,128,0.3,symmetric,softmax_logreg,101,1792,2800,14,0.2935267857142857,0.8489285714285715,0.8412869395019699,0.8184475898742676,"{""0"": 128, ""1"": 128, ""2"": 128, ""3"": 128, ""4"": 128, ""5"": 128, ""6"": 128, ""7"": 128, ""8"": 128, ""9"": 128, ""10"": 128, ""11"": 128, ""12"": 128, ""13"": 128}",cached_parquet_balanced_pool,linear_probabilistic,
dbpedia_14,128,0.3,symmetric,softmax_logreg,202,1792,2800,14,0.28683035714285715,0.8157142857142857,0.8188573253550183,0.7461056709289551,"{""0"": 128, ""1"": 128, ""2"": 128, ""3"": 128, ""4"": 128, ""5"": 128, ""6"": 128, ""7"": 128, ""8"": 128, ""9"": 128, ""10"": 128, ""11"": 128, ""12"": 128, ""13"": 128}",cached_parquet_balanced_pool,linear_probabilistic,
dbpedia_14,128,0.3,symmetric,softmax_logreg,303,1792,2800,14,0.30245535714285715,0.8175,0.798518302814886,0.7686905860900879,"{""0"": 128, ""1"": 128, ""2"": 128, ""3"": 128, ""4"": 128, ""5"": 128, ""6"": 128, ""7"": 128, ""8"": 128, ""9"": 128, ""10"": 128, ""11"": 128, ""12"": 128, ""13"": 128}",cached_parquet_balanced_pool,linear_probabilistic,
dbpedia_14,128,0.3,symmetric,softmax_logreg,404,1792,2800,14,0.28404017857142855,0.8535714285714285,0.8529578761855753,0.8293447494506836,"{""0"": 128, ""1"": 128, ""2"": 128, ""3"": 128, ""4"": 128, ""5"": 128, ""6"": 128, ""7"": 128, ""8"": 128, ""9"": 128, ""10"": 128, ""11"": 128, ""12"": 128, ""13"": 128}",cached_parquet_balanced_pool,linear_probabilistic,
dbpedia_14,128,0.3,symmetric,softmax_logreg,505,1792,2800,14,0.31361607142857145,0.8714285714285714,0.8654002575981161,0.7462246417999268,"{""0"": 128, ""1"": 128, ""2"": 128, ""3"": 128, ""4"": 128, ""5"": 128, ""6"": 128, ""7"": 128, ""8"": 128, ""9"": 128, ""10"": 128, ""11"": 128, ""12"": 128, ""13"": 128}",cached_parquet_balanced_pool,linear_probabilistic,
dbpedia_14,128,0.3,symmetric,trimmed_softmax_logreg,101,1792,2800,14,0.2935267857142857,0.7389285714285714,0.713759533860974,0.9482882022857666,"{""0"": 128, ""1"": 128, ""2"": 128, ""3"": 128, ""4"": 128, ""5"": 128, ""6"": 128, ""7"": 128, ""8"": 128, ""9"": 128, ""10"": 128, ""11"": 128, ""12"": 128, ""13"": 128}",cached_parquet_balanced_pool,bounded_robust_variant,kept_fraction=0.8002
dbpedia_14,128,0.3,symmetric,trimmed_softmax_logreg,202,1792,2800,14,0.28683035714285715,0.6732142857142858,0.6518163329291785,0.9227902889251709,"{""0"": 128, ""1"": 128, ""2"": 128, ""3"": 128, ""4"": 128, ""5"": 128, ""6"": 128, ""7"": 128, ""8"": 128, ""9"": 128, ""10"": 128, ""11"": 128, ""12"": 128, ""13"": 128}",cached_parquet_balanced_pool,bounded_robust_variant,kept_fraction=0.8002
dbpedia_14,128,0.3,symmetric,trimmed_softmax_logreg,303,1792,2800,14,0.30245535714285715,0.6610714285714285,0.5745427339157665,0.9178886413574219,"{""0"": 128, ""1"": 128, ""2"": 128, ""3"": 128, ""4"": 128, ""5"": 128, ""6"": 128, ""7"": 128, ""8"": 128, ""9"": 128, ""10"": 128, ""11"": 128, ""12"": 128, ""13"": 128}",cached_parquet_balanced_pool,bounded_robust_variant,kept_fraction=0.8002
dbpedia_14,128,0.3,symmetric,trimmed_softmax_logreg,404,1792,2800,14,0.28404017857142855,0.6778571428571428,0.6489581975132551,0.9039316177368164,"{""0"": 128, ""1"": 128, ""2"": 128, ""3"": 128, ""4"": 128, ""5"": 128, ""6"": 128, ""7"": 128, ""8"": 128, ""9"": 128, ""10"": 128, ""11"": 128, ""12"": 128, ""13"": 128}",cached_parquet_balanced_pool,bounded_robust_variant,kept_fraction=0.8002
dbpedia_14,128,0.3,symmetric,trimmed_softmax_logreg,505,1792,2800,14,0.31361607142857145,0.7957142857142857,0.7729512266735822,0.9063189029693604,"{""0"": 128, ""1"": 128, ""2"": 128, ""3"": 128, ""4"": 128, ""5"": 128, ""6"": 128, ""7"": 128, ""8"": 128, ""9"": 128, ""10"": 128, ""11"": 128, ""12"": 128, ""13"": 128}",cached_parquet_balanced_pool,bounded_robust_variant,kept_fraction=0.8002
trec_qc,8,0.0,class_conditional,linear_svm_hinge,101,48,500,6,0.0,0.358,0.36309209465474185,0.011162519454956055,"{""0"": 8, ""1"": 8, ""2"": 8, ""3"": 8, ""4"": 8, ""5"": 8}",cached_setfit_jsonl,linear_margin,
trec_qc,8,0.0,class_conditional,linear_svm_hinge,202,48,500,6,0.0,0.54,0.4637654730568505,0.010797500610351562,"{""0"": 8, ""1"": 8, ""2"": 8, ""3"": 8, ""4"": 8, ""5"": 8}",cached_setfit_jsonl,linear_margin,
trec_qc,8,0.0,class_conditional,linear_svm_hinge,303,48,500,6,0.0,0.546,0.5333462076881296,0.010896921157836914,"{""0"": 8, ""1"": 8, ""2"": 8, ""3"": 8, ""4"": 8, ""5"": 8}",cached_setfit_jsonl,linear_margin,
trec_qc,8,0.0,class_conditional,linear_svm_hinge,404,48,500,6,0.0,0.504,0.4650535221094469,0.010695219039916992,"{""0"": 8, ""1"": 8, ""2"": 8, ""3"": 8, ""4"": 8, ""5"": 8}",cached_setfit_jsonl,linear_margin,
trec_qc,8,0.0,class_conditional,linear_svm_hinge,505,48,500,6,0.0,0.35,0.33556317355818926,0.010879755020141602,"{""0"": 8, ""1"": 8, ""2"": 8, ""3"": 8, ""4"": 8, ""5"": 8}",cached_setfit_jsonl,linear_margin,
trec_qc,8,0.0,class_conditional,multinomial_nb,101,48,500,6,0.0,0.346,0.37360452508573677,0.002994537353515625,"{""0"": 8, ""1"": 8, ""2"": 8, ""3"": 8, ""4"": 8, ""5"": 8}",cached_setfit_jsonl,generative_nb,
trec_qc,8,0.0,class_conditional,multinomial_nb,202,48,500,6,0.0,0.55,0.4938824964382575,0.0027158260345458984,"{""0"": 8, ""1"": 8, ""2"": 8, ""3"": 8, ""4"": 8, ""5"": 8}",cached_setfit_jsonl,generative_nb,
trec_qc,8,0.0,class_conditional,multinomial_nb,303,48,500,6,0.0,0.534,0.4997576080988188,0.0026175975799560547,"{""0"": 8, ""1"": 8, ""2"": 8, ""3"": 8, ""4"": 8, ""5"": 8}",cached_setfit_jsonl,generative_nb,
trec_qc,8,0.0,class_conditional,multinomial_nb,404,48,500,6,0.0,0.51,0.47863169986414605,0.002674579620361328,"{""0"": 8, ""1"": 8, ""2"": 8, ""3"": 8, ""4"": 8, ""5"": 8}",cached_setfit_jsonl,generative_nb,
trec_qc,8,0.0,class_conditional,multinomial_nb,505,48,500,6,0.0,0.34,0.33615597571093453,0.004187583923339844,"{""0"": 8, ""1"": 8, ""2"": 8, ""3"": 8, ""4"": 8, ""5"": 8}",cached_setfit_jsonl,generative_nb,
trec_qc,8,0.0,class_conditional,softmax_logreg,101,48,500,6,0.0,0.336,0.37624858744108175,0.007703065872192383,"{""0"": 8, ""1"": 8, ""2"": 8, ""3"": 8, ""4"": 8, ""5"": 8}",cached_setfit_jsonl,linear_probabilistic,
trec_qc,8,0.0,class_conditional,softmax_logreg,202,48,500,6,0.0,0.54,0.4865981317705399,0.007555961608886719,"{""0"": 8, ""1"": 8, ""2"": 8, ""3"": 8, ""4"": 8, ""5"": 8}",cached_setfit_jsonl,linear_probabilistic,
trec_qc,8,0.0,class_conditional,softmax_logreg,303,48,500,6,0.0,0.524,0.5206259088470654,0.007727146148681641,"{""0"": 8, ""1"": 8, ""2"": 8, ""3"": 8, ""4"": 8, ""5"": 8}",cached_setfit_jsonl,linear_probabilistic,
trec_qc,8,0.0,class_conditional,softmax_logreg,404,48,500,6,0.0,0.544,0.5118021432444637,0.0076541900634765625,"{""0"": 8, ""1"": 8, ""2"": 8, ""3"": 8, ""4"": 8, ""5"": 8}",cached_setfit_jsonl,linear_probabilistic,
trec_qc,8,0.0,class_conditional,softmax_logreg,505,48,500,6,0.0,0.336,0.3387395657863306,0.007293224334716797,"{""0"": 8, ""1"": 8, ""2"": 8, ""3"": 8, ""4"": 8, ""5"": 8}",cached_setfit_jsonl,linear_probabilistic,
trec_qc,8,0.0,class_conditional,trimmed_softmax_logreg,101,48,500,6,0.0,0.338,0.34741739513599906,0.009290933609008789,"{""0"": 8, ""1"": 8, ""2"": 8, ""3"": 8, ""4"": 8, ""5"": 8}",cached_setfit_jsonl,bounded_robust_variant,kept_fraction=0.7917
trec_qc,8,0.0,class_conditional,trimmed_softmax_logreg,202,48,500,6,0.0,0.532,0.5081362782248081,0.009370088577270508,"{""0"": 8, ""1"": 8, ""2"": 8, ""3"": 8, ""4"": 8, ""5"": 8}",cached_setfit_jsonl,bounded_robust_variant,kept_fraction=0.7917
trec_qc,8,0.0,class_conditional,trimmed_softmax_logreg,303,48,500,6,0.0,0.52,0.4950390495777246,0.009092330932617188,"{""0"": 8, ""1"": 8, ""2"": 8, ""3"": 8, ""4"": 8, ""5"": 8}",cached_setfit_jsonl,bounded_robust_variant,kept_fraction=0.7917
trec_qc,8,0.0,class_conditional,trimmed_softmax_logreg,404,48,500,6,0.0,0.518,0.49317406844440764,0.009285926818847656,"{""0"": 8, ""1"": 8, ""2"": 8, ""3"": 8, ""4"": 8, ""5"": 8}",cached_setfit_jsonl,bounded_robust_variant,kept_fraction=0.7917
trec_qc,8,0.0,class_conditional,trimmed_softmax_logreg,505,48,500,6,0.0,0.29,0.31687487259221797,0.00900578498840332,"{""0"": 8, ""1"": 8, ""2"": 8, ""3"": 8, ""4"": 8, ""5"": 8}",cached_setfit_jsonl,bounded_robust_variant,kept_fraction=0.7917
trec_qc,8,0.0,symmetric,linear_svm_hinge,101,48,500,6,0.0,0.358,0.36309209465474185,0.01566004753112793,"{""0"": 8, ""1"": 8, ""2"": 8, ""3"": 8, ""4"": 8, ""5"": 8}",cached_setfit_jsonl,linear_margin,
trec_qc,8,0.0,symmetric,linear_svm_hinge,202,48,500,6,0.0,0.54,0.4637654730568505,0.010538578033447266,"{""0"": 8, ""1"": 8, ""2"": 8, ""3"": 8, ""4"": 8, ""5"": 8}",cached_setfit_jsonl,linear_margin,
trec_qc,8,0.0,symmetric,linear_svm_hinge,303,48,500,6,0.0,0.546,0.5333462076881296,0.010593652725219727,"{""0"": 8, ""1"": 8, ""2"": 8, ""3"": 8, ""4"": 8, ""5"": 8}",cached_setfit_jsonl,linear_margin,
trec_qc,8,0.0,symmetric,linear_svm_hinge,404,48,500,6,0.0,0.504,0.4650535221094469,0.010576486587524414,"{""0"": 8, ""1"": 8, ""2"": 8, ""3"": 8, ""4"": 8, ""5"": 8}",cached_setfit_jsonl,linear_margin,
trec_qc,8,0.0,symmetric,linear_svm_hinge,505,48,500,6,0.0,0.35,0.33556317355818926,0.010612010955810547,"{""0"": 8, ""1"": 8, ""2"": 8, ""3"": 8, ""4"": 8, ""5"": 8}",cached_setfit_jsonl,linear_margin,
trec_qc,8,0.0,symmetric,multinomial_nb,101,48,500,6,0.0,0.346,0.37360452508573677,0.0026688575744628906,"{""0"": 8, ""1"": 8, ""2"": 8, ""3"": 8, ""4"": 8, ""5"": 8}",cached_setfit_jsonl,generative_nb,
trec_qc,8,0.0,symmetric,multinomial_nb,202,48,500,6,0.0,0.55,0.4938824964382575,0.002630949020385742,"{""0"": 8, ""1"": 8, ""2"": 8, ""3"": 8, ""4"": 8, ""5"": 8}",cached_setfit_jsonl,generative_nb,
trec_qc,8,0.0,symmetric,multinomial_nb,303,48,500,6,0.0,0.534,0.4997576080988188,0.002527952194213867,"{""0"": 8, ""1"": 8, ""2"": 8, ""3"": 8, ""4"": 8, ""5"": 8}",cached_setfit_jsonl,generative_nb,
trec_qc,8,0.0,symmetric,multinomial_nb,404,48,500,6,0.0,0.51,0.47863169986414605,0.002627134323120117,"{""0"": 8, ""1"": 8, ""2"": 8, ""3"": 8, ""4"": 8, ""5"": 8}",cached_setfit_jsonl,generative_nb,
trec_qc,8,0.0,symmetric,multinomial_nb,505,48,500,6,0.0,0.34,0.33615597571093453,0.0025577545166015625,"{""0"": 8, ""1"": 8, ""2"": 8, ""3"": 8, ""4"": 8, ""5"": 8}",cached_setfit_jsonl,generative_nb,
trec_qc,8,0.0,symmetric,softmax_logreg,101,48,500,6,0.0,0.336,0.37624858744108175,0.021042346954345703,"{""0"": 8, ""1"": 8, ""2"": 8, ""3"": 8, ""4"": 8, ""5"": 8}",cached_setfit_jsonl,linear_probabilistic,
trec_qc,8,0.0,symmetric,softmax_logreg,202,48,500,6,0.0,0.54,0.4865981317705399,0.022492170333862305,"{""0"": 8, ""1"": 8, ""2"": 8, ""3"": 8, ""4"": 8, ""5"": 8}",cached_setfit_jsonl,linear_probabilistic,
trec_qc,8,0.0,symmetric,softmax_logreg,303,48,500,6,0.0,0.524,0.5206259088470654,0.018100261688232422,"{""0"": 8, ""1"": 8, ""2"": 8, ""3"": 8, ""4"": 8, ""5"": 8}",cached_setfit_jsonl,linear_probabilistic,
trec_qc,8,0.0,symmetric,softmax_logreg,404,48,500,6,0.0,0.544,0.5118021432444637,0.007663249969482422,"{""0"": 8, ""1"": 8, ""2"": 8, ""3"": 8, ""4"": 8, ""5"": 8}",cached_setfit_jsonl,linear_probabilistic,
trec_qc,8,0.0,symmetric,softmax_logreg,505,48,500,6,0.0,0.336,0.3387395657863306,0.007268667221069336,"{""0"": 8, ""1"": 8, ""2"": 8, ""3"": 8, ""4"": 8, ""5"": 8}",cached_setfit_jsonl,linear_probabilistic,
trec_qc,8,0.0,symmetric,trimmed_softmax_logreg,101,48,500,6,0.0,0.338,0.34741739513599906,0.009514093399047852,"{""0"": 8, ""1"": 8, ""2"": 8, ""3"": 8, ""4"": 8, ""5"": 8}",cached_setfit_jsonl,bounded_robust_variant,kept_fraction=0.7917
trec_qc,8,0.0,symmetric,trimmed_softmax_logreg,202,48,500,6,0.0,0.532,0.5081362782248081,0.009169816970825195,"{""0"": 8, ""1"": 8, ""2"": 8, ""3"": 8, ""4"": 8, ""5"": 8}",cached_setfit_jsonl,bounded_robust_variant,kept_fraction=0.7917
trec_qc,8,0.0,symmetric,trimmed_softmax_logreg,303,48,500,6,0.0,0.52,0.4950390495777246,0.00890493392944336,"{""0"": 8, ""1"": 8, ""2"": 8, ""3"": 8, ""4"": 8, ""5"": 8}",cached_setfit_jsonl,bounded_robust_variant,kept_fraction=0.7917
trec_qc,8,0.0,symmetric,trimmed_softmax_logreg,404,48,500,6,0.0,0.518,0.49317406844440764,0.009194135665893555,"{""0"": 8, ""1"": 8, ""2"": 8, ""3"": 8, ""4"": 8, ""5"": 8}",cached_setfit_jsonl,bounded_robust_variant,kept_fraction=0.7917
trec_qc,8,0.0,symmetric,trimmed_softmax_logreg,505,48,500,6,0.0,0.29,0.31687487259221797,0.009046316146850586,"{""0"": 8, ""1"": 8, ""2"": 8, ""3"": 8, ""4"": 8, ""5"": 8}",cached_setfit_jsonl,bounded_robust_variant,kept_fraction=0.7917
trec_qc,8,0.05,class_conditional,linear_svm_hinge,101,48,500,6,0.041666666666666664,0.342,0.3706154726598995,0.010614395141601562,"{""0"": 8, ""1"": 8, ""2"": 8, ""3"": 8, ""4"": 8, ""5"": 8}",cached_setfit_jsonl,linear_margin,
trec_qc,8,0.05,class_conditional,linear_svm_hinge,202,48,500,6,0.0625,0.472,0.4018856377784928,0.010783672332763672,"{""0"": 8, ""1"": 8, ""2"": 8, ""3"": 8, ""4"": 8, ""5"": 8}",cached_setfit_jsonl,linear_margin,
trec_qc,8,0.05,class_conditional,linear_svm_hinge,303,48,500,6,0.041666666666666664,0.55,0.5479835578816812,0.010309696197509766,"{""0"": 8, ""1"": 8, ""2"": 8, ""3"": 8, ""4"": 8, ""5"": 8}",cached_setfit_jsonl,linear_margin,
trec_qc,8,0.05,class_conditional,linear_svm_hinge,404,48,500,6,0.10416666666666667,0.456,0.4324878005813145,0.010920524597167969,"{""0"": 8, ""1"": 8, ""2"": 8, ""3"": 8, ""4"": 8, ""5"": 8}",cached_setfit_jsonl,linear_margin,
trec_qc,8,0.05,class_conditional,linear_svm_hinge,505,48,500,6,0.020833333333333332,0.33,0.3365149913974392,0.010345935821533203,"{""0"": 8, ""1"": 8, ""2"": 8, ""3"": 8, ""4"": 8, ""5"": 8}",cached_setfit_jsonl,linear_margin,
trec_qc,8,0.05,class_conditional,multinomial_nb,101,48,500,6,0.041666666666666664,0.306,0.3419998438157726,0.002735614776611328,"{""0"": 8, ""1"": 8, ""2"": 8, ""3"": 8, ""4"": 8, ""5"": 8}",cached_setfit_jsonl,generative_nb,
trec_qc,8,0.05,class_conditional,multinomial_nb,202,48,500,6,0.0625,0.554,0.5039422879737195,0.002702474594116211,"{""0"": 8, ""1"": 8, ""2"": 8, ""3"": 8, ""4"": 8, ""5"": 8}",cached_setfit_jsonl,generative_nb,
trec_qc,8,0.05,class_conditional,multinomial_nb,303,48,500,6,0.041666666666666664,0.534,0.5138969084532108,0.0026328563690185547,"{""0"": 8, ""1"": 8, ""2"": 8, ""3"": 8, ""4"": 8, ""5"": 8}",cached_setfit_jsonl,generative_nb,
trec_qc,8,0.05,class_conditional,multinomial_nb,404,48,500,6,0.10416666666666667,0.252,0.2831888918315939,0.0027277469635009766,"{""0"": 8, ""1"": 8, ""2"": 8, ""3"": 8, ""4"": 8, ""5"": 8}",cached_setfit_jsonl,generative_nb,
trec_qc,8,0.05,class_conditional,multinomial_nb,505,48,500,6,0.020833333333333332,0.326,0.33242545979242416,0.002557516098022461,"{""0"": 8, ""1"": 8, ""2"": 8, ""3"": 8, ""4"": 8, ""5"": 8}",cached_setfit_jsonl,generative_nb,
trec_qc,8,0.05,class_conditional,softmax_logreg,101,48,500,6,0.041666666666666664,0.336,0.3773435321947172,0.007941246032714844,"{""0"": 8, ""1"": 8, ""2"": 8, ""3"": 8, ""4"": 8, ""5"": 8}",cached_setfit_jsonl,linear_probabilistic,
trec_qc,8,0.05,class_conditional,softmax_logreg,202,48,500,6,0.0625,0.552,0.5149896251314583,0.007570981979370117,"{""0"": 8, ""1"": 8, ""2"": 8, ""3"": 8, ""4"": 8, ""5"": 8}",cached_setfit_jsonl,linear_probabilistic,
trec_qc,8,0.05,class_conditional,softmax_logreg,303,48,500,6,0.041666666666666664,0.522,0.5288676251126176,0.008069038391113281,"{""0"": 8, ""1"": 8, ""2"": 8, ""3"": 8, ""4"": 8, ""5"": 8}",cached_setfit_jsonl,linear_probabilistic,
trec_qc,8,0.05,class_conditional,softmax_logreg,404,48,500,6,0.10416666666666667,0.476,0.44555333601062114,0.007930755615234375,"{""0"": 8, ""1"": 8, ""2"": 8, ""3"": 8, ""4"": 8, ""5"": 8}",cached_setfit_jsonl,linear_probabilistic,
trec_qc,8,0.05,class_conditional,softmax_logreg,505,48,500,6,0.020833333333333332,0.31,0.32830279817913255,0.0074198246002197266,"{""0"": 8, ""1"": 8, ""2"": 8, ""3"": 8, ""4"": 8, ""5"": 8}",cached_setfit_jsonl,linear_probabilistic,
trec_qc,8,0.05,class_conditional,trimmed_softmax_logreg,101,48,500,6,0.041666666666666664,0.342,0.37916504997076245,0.00966501235961914,"{""0"": 8, ""1"": 8, ""2"": 8, ""3"": 8, ""4"": 8, ""5"": 8}",cached_setfit_jsonl,bounded_robust_variant,kept_fraction=0.7917
trec_qc,8,0.05,class_conditional,trimmed_softmax_logreg,202,48,500,6,0.0625,0.51,0.4931090106229869,0.009259462356567383,"{""0"": 8, ""1"": 8, ""2"": 8, ""3"": 8, ""4"": 8, ""5"": 8}",cached_setfit_jsonl,bounded_robust_variant,kept_fraction=0.7917
trec_qc,8,0.05,class_conditional,trimmed_softmax_logreg,303,48,500,6,0.041666666666666664,0.49,0.4546768504761373,0.009315967559814453,"{""0"": 8, ""1"": 8, ""2"": 8, ""3"": 8, ""4"": 8, ""5"": 8}",cached_setfit_jsonl,bounded_robust_variant,kept_fraction=0.7917
trec_qc,8,0.05,class_conditional,trimmed_softmax_logreg,404,48,500,6,0.10416666666666667,0.488,0.44962030673258524,0.009886741638183594,"{""0"": 8, ""1"": 8, ""2"": 8, ""3"": 8, ""4"": 8, ""5"": 8}",cached_setfit_jsonl,bounded_robust_variant,kept_fraction=0.7917
trec_qc,8,0.05,class_conditional,trimmed_softmax_logreg,505,48,500,6,0.020833333333333332,0.25,0.28398975577623703,0.010074853897094727,"{""0"": 8, ""1"": 8, ""2"": 8, ""3"": 8, ""4"": 8, ""5"": 8}",cached_setfit_jsonl,bounded_robust_variant,kept_fraction=0.7917
trec_qc,8,0.05,symmetric,linear_svm_hinge,101,48,500,6,0.0625,0.362,0.3477314377439738,0.010582208633422852,"{""0"": 8, ""1"": 8, ""2"": 8, ""3"": 8, ""4"": 8, ""5"": 8}",cached_setfit_jsonl,linear_margin,
trec_qc,8,0.05,symmetric,linear_svm_hinge,202,48,500,6,0.041666666666666664,0.542,0.46274351245553547,0.01060795783996582,"{""0"": 8, ""1"": 8, ""2"": 8, ""3"": 8, ""4"": 8, ""5"": 8}",cached_setfit_jsonl,linear_margin,
trec_qc,8,0.05,symmetric,linear_svm_hinge,303,48,500,6,0.08333333333333333,0.51,0.4883495394072219,0.011239051818847656,"{""0"": 8, ""1"": 8, ""2"": 8, ""3"": 8, ""4"": 8, ""5"": 8}",cached_setfit_jsonl,linear_margin,
trec_qc,8,0.05,symmetric,linear_svm_hinge,404,48,500,6,0.041666666666666664,0.334,0.37658510998440836,0.010594367980957031,"{""0"": 8, ""1"": 8, ""2"": 8, ""3"": 8, ""4"": 8, ""5"": 8}",cached_setfit_jsonl,linear_margin,
trec_qc,8,0.05,symmetric,linear_svm_hinge,505,48,500,6,0.041666666666666664,0.344,0.34906313638806136,0.010398149490356445,"{""0"": 8, ""1"": 8, ""2"": 8, ""3"": 8, ""4"": 8, ""5"": 8}",cached_setfit_jsonl,linear_margin,
trec_qc,8,0.05,symmetric,multinomial_nb,101,48,500,6,0.0625,0.378,0.3630875006143777,0.002732992172241211,"{""0"": 8, ""1"": 8, ""2"": 8, ""3"": 8, ""4"": 8, ""5"": 8}",cached_setfit_jsonl,generative_nb,
trec_qc,8,0.05,symmetric,multinomial_nb,202,48,500,6,0.041666666666666664,0.526,0.475492614870497,0.0026559829711914062,"{""0"": 8, ""1"": 8, ""2"": 8, ""3"": 8, ""4"": 8, ""5"": 8}",cached_setfit_jsonl,generative_nb,
trec_qc,8,0.05,symmetric,multinomial_nb,303,48,500,6,0.08333333333333333,0.526,0.47241266362845197,0.0028238296508789062,"{""0"": 8, ""1"": 8, ""2"": 8, ""3"": 8, ""4"": 8, ""5"": 8}",cached_setfit_jsonl,generative_nb,
trec_qc,8,0.05,symmetric,multinomial_nb,404,48,500,6,0.041666666666666664,0.294,0.3241125142829248,0.002683401107788086,"{""0"": 8, ""1"": 8, ""2"": 8, ""3"": 8, ""4"": 8, ""5"": 8}",cached_setfit_jsonl,generative_nb,
trec_qc,8,0.05,symmetric,multinomial_nb,505,48,500,6,0.041666666666666664,0.342,0.3432689612812538,0.0026092529296875,"{""0"": 8, ""1"": 8, ""2"": 8, ""3"": 8, ""4"": 8, ""5"": 8}",cached_setfit_jsonl,generative_nb,
trec_qc,8,0.05,symmetric,softmax_logreg,101,48,500,6,0.0625,0.39,0.3870001541888765,0.007793903350830078,"{""0"": 8, ""1"": 8, ""2"": 8, ""3"": 8, ""4"": 8, ""5"": 8}",cached_setfit_jsonl,linear_probabilistic,
trec_qc,8,0.05,symmetric,softmax_logreg,202,48,500,6,0.041666666666666664,0.52,0.46344786612868355,0.007524967193603516,"{""0"": 8, ""1"": 8, ""2"": 8, ""3"": 8, ""4"": 8, ""5"": 8}",cached_setfit_jsonl,linear_probabilistic,
trec_qc,8,0.05,symmetric,softmax_logreg,303,48,500,6,0.08333333333333333,0.502,0.4988801187949721,0.007436513900756836,"{""0"": 8, ""1"": 8, ""2"": 8, ""3"": 8, ""4"": 8, ""5"": 8}",cached_setfit_jsonl,linear_probabilistic,
trec_qc,8,0.05,symmetric,softmax_logreg,404,48,500,6,0.041666666666666664,0.328,0.3690183175783123,0.007948160171508789,"{""0"": 8, ""1"": 8, ""2"": 8, ""3"": 8, ""4"": 8, ""5"": 8}",cached_setfit_jsonl,linear_probabilistic,
trec_qc,8,0.05,symmetric,softmax_logreg,505,48,500,6,0.041666666666666664,0.328,0.338614860192831,0.007364988327026367,"{""0"": 8, ""1"": 8, ""2"": 8, ""3"": 8, ""4"": 8, ""5"": 8}",cached_setfit_jsonl,linear_probabilistic,
trec_qc,8,0.05,symmetric,trimmed_softmax_logreg,101,48,500,6,0.0625,0.37,0.3693321058835967,0.00982975959777832,"{""0"": 8, ""1"": 8, ""2"": 8, ""3"": 8, ""4"": 8, ""5"": 8}",cached_setfit_jsonl,bounded_robust_variant,kept_fraction=0.7917
trec_qc,8,0.05,symmetric,trimmed_softmax_logreg,202,48,500,6,0.041666666666666664,0.556,0.5173499514092272,0.009521245956420898,"{""0"": 8, ""1"": 8, ""2"": 8, ""3"": 8, ""4"": 8, ""5"": 8}",cached_setfit_jsonl,bounded_robust_variant,kept_fraction=0.7917
trec_qc,8,0.05,symmetric,trimmed_softmax_logreg,303,48,500,6,0.08333333333333333,0.488,0.45530997746801455,0.009475231170654297,"{""0"": 8, ""1"": 8, ""2"": 8, ""3"": 8, ""4"": 8, ""5"": 8}",cached_setfit_jsonl,bounded_robust_variant,kept_fraction=0.7917
trec_qc,8,0.05,symmetric,trimmed_softmax_logreg,404,48,500,6,0.041666666666666664,0.286,0.33571251090241727,0.009383440017700195,"{""0"": 8, ""1"": 8, ""2"": 8, ""3"": 8, ""4"": 8, ""5"": 8}",cached_setfit_jsonl,bounded_robust_variant,kept_fraction=0.7917
trec_qc,8,0.05,symmetric,trimmed_softmax_logreg,505,48,500,6,0.041666666666666664,0.304,0.32572728614273283,0.008875608444213867,"{""0"": 8, ""1"": 8, ""2"": 8, ""3"": 8, ""4"": 8, ""5"": 8}",cached_setfit_jsonl,bounded_robust_variant,kept_fraction=0.7917
trec_qc,8,0.1,class_conditional,linear_svm_hinge,101,48,500,6,0.10416666666666667,0.268,0.3039418559175092,0.01089024543762207,"{""0"": 8, ""1"": 8, ""2"": 8, ""3"": 8, ""4"": 8, ""5"": 8}",cached_setfit_jsonl,linear_margin,
trec_qc,8,0.1,class_conditional,linear_svm_hinge,202,48,500,6,0.08333333333333333,0.336,0.32433621022707065,0.010459661483764648,"{""0"": 8, ""1"": 8, ""2"": 8, ""3"": 8, ""4"": 8, ""5"": 8}",cached_setfit_jsonl,linear_margin,
trec_qc,8,0.1,class_conditional,linear_svm_hinge,303,48,500,6,0.0625,0.546,0.5396286888277944,0.010462045669555664,"{""0"": 8, ""1"": 8, ""2"": 8, ""3"": 8, ""4"": 8, ""5"": 8}",cached_setfit_jsonl,linear_margin,
trec_qc,8,0.1,class_conditional,linear_svm_hinge,404,48,500,6,0.14583333333333334,0.478,0.44912157890758736,0.010820865631103516,"{""0"": 8, ""1"": 8, ""2"": 8, ""3"": 8, ""4"": 8, ""5"": 8}",cached_setfit_jsonl,linear_margin,
trec_qc,8,0.1,class_conditional,linear_svm_hinge,505,48,500,6,0.08333333333333333,0.292,0.3286717481548778,0.010672330856323242,"{""0"": 8, ""1"": 8, ""2"": 8, ""3"": 8, ""4"": 8, ""5"": 8}",cached_setfit_jsonl,linear_margin,
trec_qc,8,0.1,class_conditional,multinomial_nb,101,48,500,6,0.10416666666666667,0.26,0.2768371399185529,0.002707958221435547,"{""0"": 8, ""1"": 8, ""2"": 8, ""3"": 8, ""4"": 8, ""5"": 8}",cached_setfit_jsonl,generative_nb,
trec_qc,8,0.1,class_conditional,multinomial_nb,202,48,500,6,0.08333333333333333,0.39,0.39682248792765695,0.002630472183227539,"{""0"": 8, ""1"": 8, ""2"": 8, ""3"": 8, ""4"": 8, ""5"": 8}",cached_setfit_jsonl,generative_nb,
trec_qc,8,0.1,class_conditional,multinomial_nb,303,48,500,6,0.0625,0.516,0.4919664961933981,0.0026161670684814453,"{""0"": 8, ""1"": 8, ""2"": 8, ""3"": 8, ""4"": 8, ""5"": 8}",cached_setfit_jsonl,generative_nb,
trec_qc,8,0.1,class_conditional,multinomial_nb,404,48,500,6,0.14583333333333334,0.274,0.29739741849519735,0.002654552459716797,"{""0"": 8, ""1"": 8, ""2"": 8, ""3"": 8, ""4"": 8, ""5"": 8}",cached_setfit_jsonl,generative_nb,
trec_qc,8,0.1,class_conditional,multinomial_nb,505,48,500,6,0.08333333333333333,0.328,0.36281248851577436,0.0025856494903564453,"{""0"": 8, ""1"": 8, ""2"": 8, ""3"": 8, ""4"": 8, ""5"": 8}",cached_setfit_jsonl,generative_nb,
trec_qc,8,0.1,class_conditional,softmax_logreg,101,48,500,6,0.10416666666666667,0.292,0.3214256527458775,0.00801992416381836,"{""0"": 8, ""1"": 8, ""2"": 8, ""3"": 8, ""4"": 8, ""5"": 8}",cached_setfit_jsonl,linear_probabilistic,
trec_qc,8,0.1,class_conditional,softmax_logreg,202,48,500,6,0.08333333333333333,0.388,0.40943954015161116,0.007643461227416992,"{""0"": 8, ""1"": 8, ""2"": 8, ""3"": 8, ""4"": 8, ""5"": 8}",cached_setfit_jsonl,linear_probabilistic,
trec_qc,8,0.1,class_conditional,softmax_logreg,303,48,500,6,0.0625,0.52,0.5245252277775729,0.00753331184387207,"{""0"": 8, ""1"": 8, ""2"": 8, ""3"": 8, ""4"": 8, ""5"": 8}",cached_setfit_jsonl,linear_probabilistic,
trec_qc,8,0.1,class_conditional,softmax_logreg,404,48,500,6,0.14583333333333334,0.498,0.4698072932393595,0.008019685745239258,"{""0"": 8, ""1"": 8, ""2"": 8, ""3"": 8, ""4"": 8, ""5"": 8}",cached_setfit_jsonl,linear_probabilistic,
trec_qc,8,0.1,class_conditional,softmax_logreg,505,48,500,6,0.08333333333333333,0.332,0.36222841704857633,0.007670879364013672,"{""0"": 8, ""1"": 8, ""2"": 8, ""3"": 8, ""4"": 8, ""5"": 8}",cached_setfit_jsonl,linear_probabilistic,
trec_qc,8,0.1,class_conditional,trimmed_softmax_logreg,101,48,500,6,0.10416666666666667,0.272,0.28472991637380596,0.009522199630737305,"{""0"": 8, ""1"": 8, ""2"": 8, ""3"": 8, ""4"": 8, ""5"": 8}",cached_setfit_jsonl,bounded_robust_variant,kept_fraction=0.7917
trec_qc,8,0.1,class_conditional,trimmed_softmax_logreg,202,48,500,6,0.08333333333333333,0.352,0.3650648950566963,0.00932168960571289,"{""0"": 8, ""1"": 8, ""2"": 8, ""3"": 8, ""4"": 8, ""5"": 8}",cached_setfit_jsonl,bounded_robust_variant,kept_fraction=0.7917
trec_qc,8,0.1,class_conditional,trimmed_softmax_logreg,303,48,500,6,0.0625,0.482,0.4487828842483757,0.00897073745727539,"{""0"": 8, ""1"": 8, ""2"": 8, ""3"": 8, ""4"": 8, ""5"": 8}",cached_setfit_jsonl,bounded_robust_variant,kept_fraction=0.7917
trec_qc,8,0.1,class_conditional,trimmed_softmax_logreg,404,48,500,6,0.14583333333333334,0.364,0.38344701210461557,0.009276628494262695,"{""0"": 8, ""1"": 8, ""2"": 8, ""3"": 8, ""4"": 8, ""5"": 8}",cached_setfit_jsonl,bounded_robust_variant,kept_fraction=0.7917
trec_qc,8,0.1,class_conditional,trimmed_softmax_logreg,505,48,500,6,0.08333333333333333,0.238,0.2895403166094262,0.01240229606628418,"{""0"": 8, ""1"": 8, ""2"": 8, ""3"": 8, ""4"": 8, ""5"": 8}",cached_setfit_jsonl,bounded_robust_variant,kept_fraction=0.7917
trec_qc,8,0.1,symmetric,linear_svm_hinge,101,48,500,6,0.1875,0.392,0.3915269952393916,0.010605812072753906,"{""0"": 8, ""1"": 8, ""2"": 8, ""3"": 8, ""4"": 8, ""5"": 8}",cached_setfit_jsonl,linear_margin,
trec_qc,8,0.1,symmetric,linear_svm_hinge,202,48,500,6,0.14583333333333334,0.502,0.41373917315916825,0.011103630065917969,"{""0"": 8, ""1"": 8, ""2"": 8, ""3"": 8, ""4"": 8, ""5"": 8}",cached_setfit_jsonl,linear_margin,
trec_qc,8,0.1,symmetric,linear_svm_hinge,303,48,500,6,0.16666666666666666,0.498,0.45650636101161673,0.010571956634521484,"{""0"": 8, ""1"": 8, ""2"": 8, ""3"": 8, ""4"": 8, ""5"": 8}",cached_setfit_jsonl,linear_margin,
trec_qc,8,0.1,symmetric,linear_svm_hinge,404,48,500,6,0.1875,0.344,0.3788574017897632,0.010692834854125977,"{""0"": 8, ""1"": 8, ""2"": 8, ""3"": 8, ""4"": 8, ""5"": 8}",cached_setfit_jsonl,linear_margin,
trec_qc,8,0.1,symmetric,linear_svm_hinge,505,48,500,6,0.08333333333333333,0.27,0.2998667478876807,0.011612653732299805,"{""0"": 8, ""1"": 8, ""2"": 8, ""3"": 8, ""4"": 8, ""5"": 8}",cached_setfit_jsonl,linear_margin,
trec_qc,8,0.1,symmetric,multinomial_nb,101,48,500,6,0.1875,0.338,0.3414970187111663,0.0026445388793945312,"{""0"": 8, ""1"": 8, ""2"": 8, ""3"": 8, ""4"": 8, ""5"": 8}",cached_setfit_jsonl,generative_nb,
trec_qc,8,0.1,symmetric,multinomial_nb,202,48,500,6,0.14583333333333334,0.398,0.3564107963886203,0.0025892257690429688,"{""0"": 8, ""1"": 8, ""2"": 8, ""3"": 8, ""4"": 8, ""5"": 8}",cached_setfit_jsonl,generative_nb,
trec_qc,8,0.1,symmetric,multinomial_nb,303,48,500,6,0.16666666666666666,0.522,0.47695851123299526,0.0026717185974121094,"{""0"": 8, ""1"": 8, ""2"": 8, ""3"": 8, ""4"": 8, ""5"": 8}",cached_setfit_jsonl,generative_nb,
trec_qc,8,0.1,symmetric,multinomial_nb,404,48,500,6,0.1875,0.514,0.46186683663934036,0.0026590824127197266,"{""0"": 8, ""1"": 8, ""2"": 8, ""3"": 8, ""4"": 8, ""5"": 8}",cached_setfit_jsonl,generative_nb,
trec_qc,8,0.1,symmetric,multinomial_nb,505,48,500,6,0.08333333333333333,0.302,0.3387040741149107,0.0025739669799804688,"{""0"": 8, ""1"": 8, ""2"": 8, ""3"": 8, ""4"": 8, ""5"": 8}",cached_setfit_jsonl,generative_nb,
trec_qc,8,0.1,symmetric,softmax_logreg,101,48,500,6,0.1875,0.366,0.3738755042710653,0.007754087448120117,"{""0"": 8, ""1"": 8, ""2"": 8, ""3"": 8, ""4"": 8, ""5"": 8}",cached_setfit_jsonl,linear_probabilistic,
trec_qc,8,0.1,symmetric,softmax_logreg,202,48,500,6,0.14583333333333334,0.48,0.3972284958240337,0.007626056671142578,"{""0"": 8, ""1"": 8, ""2"": 8, ""3"": 8, ""4"": 8, ""5"": 8}",cached_setfit_jsonl,linear_probabilistic,
trec_qc,8,0.1,symmetric,softmax_logreg,303,48,500,6,0.16666666666666666,0.49,0.4769982403178552,0.007419109344482422,"{""0"": 8, ""1"": 8, ""2"": 8, ""3"": 8, ""4"": 8, ""5"": 8}",cached_setfit_jsonl,linear_probabilistic,
trec_qc,8,0.1,symmetric,softmax_logreg,404,48,500,6,0.1875,0.35,0.3710733642198238,0.007617950439453125,"{""0"": 8, ""1"": 8, ""2"": 8, ""3"": 8, ""4"": 8, ""5"": 8}",cached_setfit_jsonl,linear_probabilistic,
trec_qc,8,0.1,symmetric,softmax_logreg,505,48,500,6,0.08333333333333333,0.33,0.35702081365283395,0.0072515010833740234,"{""0"": 8, ""1"": 8, ""2"": 8, ""3"": 8, ""4"": 8, ""5"": 8}",cached_setfit_jsonl,linear_probabilistic,
trec_qc,8,0.1,symmetric,trimmed_softmax_logreg,101,48,500,6,0.1875,0.54,0.47671610641485956,0.009308338165283203,"{""0"": 8, ""1"": 8, ""2"": 8, ""3"": 8, ""4"": 8, ""5"": 8}",cached_setfit_jsonl,bounded_robust_variant,kept_fraction=0.7917
trec_qc,8,0.1,symmetric,trimmed_softmax_logreg,202,48,500,6,0.14583333333333334,0.462,0.3653265960938583,0.009139537811279297,"{""0"": 8, ""1"": 8, ""2"": 8, ""3"": 8, ""4"": 8, ""5"": 8}",cached_setfit_jsonl,bounded_robust_variant,kept_fraction=0.7917
trec_qc,8,0.1,symmetric,trimmed_softmax_logreg,303,48,500,6,0.16666666666666666,0.484,0.4563117323132413,0.008960962295532227,"{""0"": 8, ""1"": 8, ""2"": 8, ""3"": 8, ""4"": 8, ""5"": 8}",cached_setfit_jsonl,bounded_robust_variant,kept_fraction=0.7917
trec_qc,8,0.1,symmetric,trimmed_softmax_logreg,404,48,500,6,0.1875,0.474,0.38271596872483354,0.009413957595825195,"{""0"": 8, ""1"": 8, ""2"": 8, ""3"": 8, ""4"": 8, ""5"": 8}",cached_setfit_jsonl,bounded_robust_variant,kept_fraction=0.7917
trec_qc,8,0.1,symmetric,trimmed_softmax_logreg,505,48,500,6,0.08333333333333333,0.242,0.2698470083110562,0.008923053741455078,"{""0"": 8, ""1"": 8, ""2"": 8, ""3"": 8, ""4"": 8, ""5"": 8}",cached_setfit_jsonl,bounded_robust_variant,kept_fraction=0.7917
trec_qc,8,0.2,class_conditional,linear_svm_hinge,101,48,500,6,0.16666666666666666,0.266,0.3030678010977066,0.012240409851074219,"{""0"": 8, ""1"": 8, ""2"": 8, ""3"": 8, ""4"": 8, ""5"": 8}",cached_setfit_jsonl,linear_margin,
trec_qc,8,0.2,class_conditional,linear_svm_hinge,202,48,500,6,0.16666666666666666,0.484,0.4336375076760785,0.012016057968139648,"{""0"": 8, ""1"": 8, ""2"": 8, ""3"": 8, ""4"": 8, ""5"": 8}",cached_setfit_jsonl,linear_margin,
trec_qc,8,0.2,class_conditional,linear_svm_hinge,303,48,500,6,0.14583333333333334,0.518,0.5079750491354856,0.012903451919555664,"{""0"": 8, ""1"": 8, ""2"": 8, ""3"": 8, ""4"": 8, ""5"": 8}",cached_setfit_jsonl,linear_margin,
trec_qc,8,0.2,class_conditional,linear_svm_hinge,404,48,500,6,0.20833333333333334,0.302,0.31862583277780226,0.012389659881591797,"{""0"": 8, ""1"": 8, ""2"": 8, ""3"": 8, ""4"": 8, ""5"": 8}",cached_setfit_jsonl,linear_margin,
trec_qc,8,0.2,class_conditional,linear_svm_hinge,505,48,500,6,0.20833333333333334,0.262,0.2858563058909223,0.012090444564819336,"{""0"": 8, ""1"": 8, ""2"": 8, ""3"": 8, ""4"": 8, ""5"": 8}",cached_setfit_jsonl,linear_margin,
trec_qc,8,0.2,class_conditional,multinomial_nb,101,48,500,6,0.16666666666666666,0.26,0.2694478456581948,0.00266265869140625,"{""0"": 8, ""1"": 8, ""2"": 8, ""3"": 8, ""4"": 8, ""5"": 8}",cached_setfit_jsonl,generative_nb,
trec_qc,8,0.2,class_conditional,multinomial_nb,202,48,500,6,0.16666666666666666,0.336,0.33942180822143503,0.0026161670684814453,"{""0"": 8, ""1"": 8, ""2"": 8, ""3"": 8, ""4"": 8, ""5"": 8}",cached_setfit_jsonl,generative_nb,
trec_qc,8,0.2,class_conditional,multinomial_nb,303,48,500,6,0.14583333333333334,0.512,0.48399980818092575,0.002583026885986328,"{""0"": 8, ""1"": 8, ""2"": 8, ""3"": 8, ""4"": 8, ""5"": 8}",cached_setfit_jsonl,generative_nb,
trec_qc,8,0.2,class_conditional,multinomial_nb,404,48,500,6,0.20833333333333334,0.28,0.28856483422993073,0.0026204586029052734,"{""0"": 8, ""1"": 8, ""2"": 8, ""3"": 8, ""4"": 8, ""5"": 8}",cached_setfit_jsonl,generative_nb,
trec_qc,8,0.2,class_conditional,multinomial_nb,505,48,500,6,0.20833333333333334,0.312,0.31016064545476313,0.0026175975799560547,"{""0"": 8, ""1"": 8, ""2"": 8, ""3"": 8, ""4"": 8, ""5"": 8}",cached_setfit_jsonl,generative_nb,
trec_qc,8,0.2,class_conditional,softmax_logreg,101,48,500,6,0.16666666666666666,0.27,0.29392923046628106,0.007627964019775391,"{""0"": 8, ""1"": 8, ""2"": 8, ""3"": 8, ""4"": 8, ""5"": 8}",cached_setfit_jsonl,linear_probabilistic,
trec_qc,8,0.2,class_conditional,softmax_logreg,202,48,500,6,0.16666666666666666,0.35,0.36044682672505046,0.007884740829467773,"{""0"": 8, ""1"": 8, ""2"": 8, ""3"": 8, ""4"": 8, ""5"": 8}",cached_setfit_jsonl,linear_probabilistic,
trec_qc,8,0.2,class_conditional,softmax_logreg,303,48,500,6,0.14583333333333334,0.52,0.5187339674913108,0.00743412971496582,"{""0"": 8, ""1"": 8, ""2"": 8, ""3"": 8, ""4"": 8, ""5"": 8}",cached_setfit_jsonl,linear_probabilistic,
trec_qc,8,0.2,class_conditional,softmax_logreg,404,48,500,6,0.20833333333333334,0.486,0.4574155811553216,0.007752180099487305,"{""0"": 8, ""1"": 8, ""2"": 8, ""3"": 8, ""4"": 8, ""5"": 8}",cached_setfit_jsonl,linear_probabilistic,
trec_qc,8,0.2,class_conditional,softmax_logreg,505,48,500,6,0.20833333333333334,0.296,0.30555691394749807,0.00738072395324707,"{""0"": 8, ""1"": 8, ""2"": 8, ""3"": 8, ""4"": 8, ""5"": 8}",cached_setfit_jsonl,linear_probabilistic,
trec_qc,8,0.2,class_conditional,trimmed_softmax_logreg,101,48,500,6,0.16666666666666666,0.238,0.2424273321185313,0.009521245956420898,"{""0"": 8, ""1"": 8, ""2"": 8, ""3"": 8, ""4"": 8, ""5"": 8}",cached_setfit_jsonl,bounded_robust_variant,kept_fraction=0.8125
trec_qc,8,0.2,class_conditional,trimmed_softmax_logreg,202,48,500,6,0.16666666666666666,0.33,0.3538435852609793,0.009347677230834961,"{""0"": 8, ""1"": 8, ""2"": 8, ""3"": 8, ""4"": 8, ""5"": 8}",cached_setfit_jsonl,bounded_robust_variant,kept_fraction=0.7917
trec_qc,8,0.2,class_conditional,trimmed_softmax_logreg,303,48,500,6,0.14583333333333334,0.43,0.38324957588783337,0.00900721549987793,"{""0"": 8, ""1"": 8, ""2"": 8, ""3"": 8, ""4"": 8, ""5"": 8}",cached_setfit_jsonl,bounded_robust_variant,kept_fraction=0.7917
trec_qc,8,0.2,class_conditional,trimmed_softmax_logreg,404,48,500,6,0.20833333333333334,0.354,0.3593525958943482,0.009311199188232422,"{""0"": 8, ""1"": 8, ""2"": 8, ""3"": 8, ""4"": 8, ""5"": 8}",cached_setfit_jsonl,bounded_robust_variant,kept_fraction=0.8125
trec_qc,8,0.2,class_conditional,trimmed_softmax_logreg,505,48,500,6,0.20833333333333334,0.23,0.2289468079340422,0.009134054183959961,"{""0"": 8, ""1"": 8, ""2"": 8, ""3"": 8, ""4"": 8, ""5"": 8}",cached_setfit_jsonl,bounded_robust_variant,kept_fraction=0.7917
trec_qc,8,0.2,symmetric,linear_svm_hinge,101,48,500,6,0.20833333333333334,0.33,0.35536197834422856,0.012438774108886719,"{""0"": 8, ""1"": 8, ""2"": 8, ""3"": 8, ""4"": 8, ""5"": 8}",cached_setfit_jsonl,linear_margin,
trec_qc,8,0.2,symmetric,linear_svm_hinge,202,48,500,6,0.2916666666666667,0.468,0.363883324162364,0.015262603759765625,"{""0"": 8, ""1"": 8, ""2"": 8, ""3"": 8, ""4"": 8, ""5"": 8}",cached_setfit_jsonl,linear_margin,
trec_qc,8,0.2,symmetric,linear_svm_hinge,303,48,500,6,0.22916666666666666,0.308,0.3215683337091224,0.011971235275268555,"{""0"": 8, ""1"": 8, ""2"": 8, ""3"": 8, ""4"": 8, ""5"": 8}",cached_setfit_jsonl,linear_margin,
trec_qc,8,0.2,symmetric,linear_svm_hinge,404,48,500,6,0.25,0.518,0.4763685778420257,0.013758420944213867,"{""0"": 8, ""1"": 8, ""2"": 8, ""3"": 8, ""4"": 8, ""5"": 8}",cached_setfit_jsonl,linear_margin,
trec_qc,8,0.2,symmetric,linear_svm_hinge,505,48,500,6,0.14583333333333334,0.24,0.26720649177906264,0.014080524444580078,"{""0"": 8, ""1"": 8, ""2"": 8, ""3"": 8, ""4"": 8, ""5"": 8}",cached_setfit_jsonl,linear_margin,
trec_qc,8,0.2,symmetric,multinomial_nb,101,48,500,6,0.20833333333333334,0.328,0.3444388493704287,0.0027923583984375,"{""0"": 8, ""1"": 8, ""2"": 8, ""3"": 8, ""4"": 8, ""5"": 8}",cached_setfit_jsonl,generative_nb,
trec_qc,8,0.2,symmetric,multinomial_nb,202,48,500,6,0.2916666666666667,0.466,0.3570145902198341,0.002634763717651367,"{""0"": 8, ""1"": 8, ""2"": 8, ""3"": 8, ""4"": 8, ""5"": 8}",cached_setfit_jsonl,generative_nb,
trec_qc,8,0.2,symmetric,multinomial_nb,303,48,500,6,0.22916666666666666,0.266,0.2685318888514697,0.002699613571166992,"{""0"": 8, ""1"": 8, ""2"": 8, ""3"": 8, ""4"": 8, ""5"": 8}",cached_setfit_jsonl,generative_nb,
trec_qc,8,0.2,symmetric,multinomial_nb,404,48,500,6,0.25,0.484,0.43362104052625255,0.0026903152465820312,"{""0"": 8, ""1"": 8, ""2"": 8, ""3"": 8, ""4"": 8, ""5"": 8}",cached_setfit_jsonl,generative_nb,
trec_qc,8,0.2,symmetric,multinomial_nb,505,48,500,6,0.14583333333333334,0.254,0.296360296509992,0.0028111934661865234,"{""0"": 8, ""1"": 8, ""2"": 8, ""3"": 8, ""4"": 8, ""5"": 8}",cached_setfit_jsonl,generative_nb,
trec_qc,8,0.2,symmetric,softmax_logreg,101,48,500,6,0.20833333333333334,0.542,0.4745864060352236,0.011499643325805664,"{""0"": 8, ""1"": 8, ""2"": 8, ""3"": 8, ""4"": 8, ""5"": 8}",cached_setfit_jsonl,linear_probabilistic,
trec_qc,8,0.2,symmetric,softmax_logreg,202,48,500,6,0.2916666666666667,0.468,0.35959308092626086,0.008276939392089844,"{""0"": 8, ""1"": 8, ""2"": 8, ""3"": 8, ""4"": 8, ""5"": 8}",cached_setfit_jsonl,linear_probabilistic,
trec_qc,8,0.2,symmetric,softmax_logreg,303,48,500,6,0.22916666666666666,0.508,0.45454788743686286,0.009493827819824219,"{""0"": 8, ""1"": 8, ""2"": 8, ""3"": 8, ""4"": 8, ""5"": 8}",cached_setfit_jsonl,linear_probabilistic,
trec_qc,8,0.2,symmetric,softmax_logreg,404,48,500,6,0.25,0.538,0.4932087013831105,0.010422706604003906,"{""0"": 8, ""1"": 8, ""2"": 8, ""3"": 8, ""4"": 8, ""5"": 8}",cached_setfit_jsonl,linear_probabilistic,
trec_qc,8,0.2,symmetric,softmax_logreg,505,48,500,6,0.14583333333333334,0.244,0.27077112316815044,0.007313728332519531,"{""0"": 8, ""1"": 8, ""2"": 8, ""3"": 8, ""4"": 8, ""5"": 8}",cached_setfit_jsonl,linear_probabilistic,
trec_qc,8,0.2,symmetric,trimmed_softmax_logreg,101,48,500,6,0.20833333333333334,0.5,0.4728788770438488,0.009393453598022461,"{""0"": 8, ""1"": 8, ""2"": 8, ""3"": 8, ""4"": 8, ""5"": 8}",cached_setfit_jsonl,bounded_robust_variant,kept_fraction=0.7917
trec_qc,8,0.2,symmetric,trimmed_softmax_logreg,202,48,500,6,0.2916666666666667,0.388,0.2870460312056436,0.009221076965332031,"{""0"": 8, ""1"": 8, ""2"": 8, ""3"": 8, ""4"": 8, ""5"": 8}",cached_setfit_jsonl,bounded_robust_variant,kept_fraction=0.8125
trec_qc,8,0.2,symmetric,trimmed_softmax_logreg,303,48,500,6,0.22916666666666666,0.296,0.267247872807273,0.009053230285644531,"{""0"": 8, ""1"": 8, ""2"": 8, ""3"": 8, ""4"": 8, ""5"": 8}",cached_setfit_jsonl,bounded_robust_variant,kept_fraction=0.8125
trec_qc,8,0.2,symmetric,trimmed_softmax_logreg,404,48,500,6,0.25,0.534,0.504319838538157,0.009290933609008789,"{""0"": 8, ""1"": 8, ""2"": 8, ""3"": 8, ""4"": 8, ""5"": 8}",cached_setfit_jsonl,bounded_robust_variant,kept_fraction=0.7917
trec_qc,8,0.2,symmetric,trimmed_softmax_logreg,505,48,500,6,0.14583333333333334,0.178,0.17777286901199882,0.008986949920654297,"{""0"": 8, ""1"": 8, ""2"": 8, ""3"": 8, ""4"": 8, ""5"": 8}",cached_setfit_jsonl,bounded_robust_variant,kept_fraction=0.8125
trec_qc,8,0.3,class_conditional,linear_svm_hinge,101,48,500,6,0.25,0.252,0.28695343226840214,0.012299776077270508,"{""0"": 8, ""1"": 8, ""2"": 8, ""3"": 8, ""4"": 8, ""5"": 8}",cached_setfit_jsonl,linear_margin,
trec_qc,8,0.3,class_conditional,linear_svm_hinge,202,48,500,6,0.2708333333333333,0.478,0.3690143712139107,0.01231074333190918,"{""0"": 8, ""1"": 8, ""2"": 8, ""3"": 8, ""4"": 8, ""5"": 8}",cached_setfit_jsonl,linear_margin,
trec_qc,8,0.3,class_conditional,linear_svm_hinge,303,48,500,6,0.22916666666666666,0.498,0.45862544363723723,0.012064218521118164,"{""0"": 8, ""1"": 8, ""2"": 8, ""3"": 8, ""4"": 8, ""5"": 8}",cached_setfit_jsonl,linear_margin,
trec_qc,8,0.3,class_conditional,linear_svm_hinge,404,48,500,6,0.4166666666666667,0.182,0.17237450203772534,0.012519359588623047,"{""0"": 8, ""1"": 8, ""2"": 8, ""3"": 8, ""4"": 8, ""5"": 8}",cached_setfit_jsonl,linear_margin,
trec_qc,8,0.3,class_conditional,linear_svm_hinge,505,48,500,6,0.2708333333333333,0.25,0.28512475844627816,0.011941671371459961,"{""0"": 8, ""1"": 8, ""2"": 8, ""3"": 8, ""4"": 8, ""5"": 8}",cached_setfit_jsonl,linear_margin,
trec_qc,8,0.3,class_conditional,multinomial_nb,101,48,500,6,0.25,0.27,0.2728639772524632,0.002880573272705078,"{""0"": 8, ""1"": 8, ""2"": 8, ""3"": 8, ""4"": 8, ""5"": 8}",cached_setfit_jsonl,generative_nb,
trec_qc,8,0.3,class_conditional,multinomial_nb,202,48,500,6,0.2708333333333333,0.34,0.3309150897720132,0.0026051998138427734,"{""0"": 8, ""1"": 8, ""2"": 8, ""3"": 8, ""4"": 8, ""5"": 8}",cached_setfit_jsonl,generative_nb,
trec_qc,8,0.3,class_conditional,multinomial_nb,303,48,500,6,0.22916666666666666,0.5,0.446103247315153,0.002675294876098633,"{""0"": 8, ""1"": 8, ""2"": 8, ""3"": 8, ""4"": 8, ""5"": 8}",cached_setfit_jsonl,generative_nb,
trec_qc,8,0.3,class_conditional,multinomial_nb,404,48,500,6,0.4166666666666667,0.192,0.17659803297073418,0.0026912689208984375,"{""0"": 8, ""1"": 8, ""2"": 8, ""3"": 8, ""4"": 8, ""5"": 8}",cached_setfit_jsonl,generative_nb,
trec_qc,8,0.3,class_conditional,multinomial_nb,505,48,500,6,0.2708333333333333,0.274,0.2861341644511729,0.0025930404663085938,"{""0"": 8, ""1"": 8, ""2"": 8, ""3"": 8, ""4"": 8, ""5"": 8}",cached_setfit_jsonl,generative_nb,
trec_qc,8,0.3,class_conditional,softmax_logreg,101,48,500,6,0.25,0.258,0.29015666809723406,0.007891178131103516,"{""0"": 8, ""1"": 8, ""2"": 8, ""3"": 8, ""4"": 8, ""5"": 8}",cached_setfit_jsonl,linear_probabilistic,
trec_qc,8,0.3,class_conditional,softmax_logreg,202,48,500,6,0.2708333333333333,0.34,0.3212213228233017,0.007519245147705078,"{""0"": 8, ""1"": 8, ""2"": 8, ""3"": 8, ""4"": 8, ""5"": 8}",cached_setfit_jsonl,linear_probabilistic,
trec_qc,8,0.3,class_conditional,softmax_logreg,303,48,500,6,0.22916666666666666,0.492,0.464080970732462,0.007540702819824219,"{""0"": 8, ""1"": 8, ""2"": 8, ""3"": 8, ""4"": 8, ""5"": 8}",cached_setfit_jsonl,linear_probabilistic,
trec_qc,8,0.3,class_conditional,softmax_logreg,404,48,500,6,0.4166666666666667,0.322,0.25134757298270566,0.0076236724853515625,"{""0"": 8, ""1"": 8, ""2"": 8, ""3"": 8, ""4"": 8, ""5"": 8}",cached_setfit_jsonl,linear_probabilistic,
trec_qc,8,0.3,class_conditional,softmax_logreg,505,48,500,6,0.2708333333333333,0.286,0.299562792422917,0.008058786392211914,"{""0"": 8, ""1"": 8, ""2"": 8, ""3"": 8, ""4"": 8, ""5"": 8}",cached_setfit_jsonl,linear_probabilistic,
trec_qc,8,0.3,class_conditional,trimmed_softmax_logreg,101,48,500,6,0.25,0.246,0.2619771337208281,0.009609699249267578,"{""0"": 8, ""1"": 8, ""2"": 8, ""3"": 8, ""4"": 8, ""5"": 8}",cached_setfit_jsonl,bounded_robust_variant,kept_fraction=0.8125
trec_qc,8,0.3,class_conditional,trimmed_softmax_logreg,202,48,500,6,0.2708333333333333,0.338,0.2835355665586731,0.009544134140014648,"{""0"": 8, ""1"": 8, ""2"": 8, ""3"": 8, ""4"": 8, ""5"": 8}",cached_setfit_jsonl,bounded_robust_variant,kept_fraction=0.8125
trec_qc,8,0.3,class_conditional,trimmed_softmax_logreg,303,48,500,6,0.22916666666666666,0.484,0.46504132747230686,0.009111881256103516,"{""0"": 8, ""1"": 8, ""2"": 8, ""3"": 8, ""4"": 8, ""5"": 8}",cached_setfit_jsonl,bounded_robust_variant,kept_fraction=0.7917
trec_qc,8,0.3,class_conditional,trimmed_softmax_logreg,404,48,500,6,0.4166666666666667,0.43,0.34819189775625575,0.009180545806884766,"{""0"": 8, ""1"": 8, ""2"": 8, ""3"": 8, ""4"": 8, ""5"": 8}",cached_setfit_jsonl,bounded_robust_variant,kept_fraction=0.7917
trec_qc,8,0.3,class_conditional,trimmed_softmax_logreg,505,48,500,6,0.2708333333333333,0.266,0.27070685205914924,0.009215116500854492,"{""0"": 8, ""1"": 8, ""2"": 8, ""3"": 8, ""4"": 8, ""5"": 8}",cached_setfit_jsonl,bounded_robust_variant,kept_fraction=0.8125
trec_qc,8,0.3,symmetric,linear_svm_hinge,101,48,500,6,0.2916666666666667,0.266,0.2213700592193936,0.012413740158081055,"{""0"": 8, ""1"": 8, ""2"": 8, ""3"": 8, ""4"": 8, ""5"": 8}",cached_setfit_jsonl,linear_margin,
trec_qc,8,0.3,symmetric,linear_svm_hinge,202,48,500,6,0.3333333333333333,0.38,0.2586142748970188,0.012613534927368164,"{""0"": 8, ""1"": 8, ""2"": 8, ""3"": 8, ""4"": 8, ""5"": 8}",cached_setfit_jsonl,linear_margin,
trec_qc,8,0.3,symmetric,linear_svm_hinge,303,48,500,6,0.2916666666666667,0.422,0.3974856350037761,0.012537240982055664,"{""0"": 8, ""1"": 8, ""2"": 8, ""3"": 8, ""4"": 8, ""5"": 8}",cached_setfit_jsonl,linear_margin,
trec_qc,8,0.3,symmetric,linear_svm_hinge,404,48,500,6,0.3333333333333333,0.526,0.4529312255018996,0.012151241302490234,"{""0"": 8, ""1"": 8, ""2"": 8, ""3"": 8, ""4"": 8, ""5"": 8}",cached_setfit_jsonl,linear_margin,
trec_qc,8,0.3,symmetric,linear_svm_hinge,505,48,500,6,0.2916666666666667,0.248,0.3012645035641752,0.011223793029785156,"{""0"": 8, ""1"": 8, ""2"": 8, ""3"": 8, ""4"": 8, ""5"": 8}",cached_setfit_jsonl,linear_margin,
trec_qc,8,0.3,symmetric,multinomial_nb,101,48,500,6,0.2916666666666667,0.258,0.24531933260035452,0.0028345584869384766,"{""0"": 8, ""1"": 8, ""2"": 8, ""3"": 8, ""4"": 8, ""5"": 8}",cached_setfit_jsonl,generative_nb,
trec_qc,8,0.3,symmetric,multinomial_nb,202,48,500,6,0.3333333333333333,0.334,0.2064354704698602,0.0026619434356689453,"{""0"": 8, ""1"": 8, ""2"": 8, ""3"": 8, ""4"": 8, ""5"": 8}",cached_setfit_jsonl,generative_nb,
trec_qc,8,0.3,symmetric,multinomial_nb,303,48,500,6,0.2916666666666667,0.41,0.3695673630349137,0.0026390552520751953,"{""0"": 8, ""1"": 8, ""2"": 8, ""3"": 8, ""4"": 8, ""5"": 8}",cached_setfit_jsonl,generative_nb,
trec_qc,8,0.3,symmetric,multinomial_nb,404,48,500,6,0.3333333333333333,0.474,0.3973149887662488,0.002669095993041992,"{""0"": 8, ""1"": 8, ""2"": 8, ""3"": 8, ""4"": 8, ""5"": 8}",cached_setfit_jsonl,generative_nb,
trec_qc,8,0.3,symmetric,multinomial_nb,505,48,500,6,0.2916666666666667,0.266,0.30863436138653494,0.0027730464935302734,"{""0"": 8, ""1"": 8, ""2"": 8, ""3"": 8, ""4"": 8, ""5"": 8}",cached_setfit_jsonl,generative_nb,
trec_qc,8,0.3,symmetric,softmax_logreg,101,48,500,6,0.2916666666666667,0.266,0.24406402463201582,0.007688045501708984,"{""0"": 8, ""1"": 8, ""2"": 8, ""3"": 8, ""4"": 8, ""5"": 8}",cached_setfit_jsonl,linear_probabilistic,
trec_qc,8,0.3,symmetric,softmax_logreg,202,48,500,6,0.3333333333333333,0.388,0.28671624580611293,0.007490634918212891,"{""0"": 8, ""1"": 8, ""2"": 8, ""3"": 8, ""4"": 8, ""5"": 8}",cached_setfit_jsonl,linear_probabilistic,
trec_qc,8,0.3,symmetric,softmax_logreg,303,48,500,6,0.2916666666666667,0.422,0.4027700025977357,0.007388591766357422,"{""0"": 8, ""1"": 8, ""2"": 8, ""3"": 8, ""4"": 8, ""5"": 8}",cached_setfit_jsonl,linear_probabilistic,
trec_qc,8,0.3,symmetric,softmax_logreg,404,48,500,6,0.3333333333333333,0.53,0.47207367230204794,0.008094072341918945,"{""0"": 8, ""1"": 8, ""2"": 8, ""3"": 8, ""4"": 8, ""5"": 8}",cached_setfit_jsonl,linear_probabilistic,
trec_qc,8,0.3,symmetric,softmax_logreg,505,48,500,6,0.2916666666666667,0.282,0.3327145470957756,0.007422924041748047,"{""0"": 8, ""1"": 8, ""2"": 8, ""3"": 8, ""4"": 8, ""5"": 8}",cached_setfit_jsonl,linear_probabilistic,
trec_qc,8,0.3,symmetric,trimmed_softmax_logreg,101,48,500,6,0.2916666666666667,0.276,0.22350296171092712,0.0098724365234375,"{""0"": 8, ""1"": 8, ""2"": 8, ""3"": 8, ""4"": 8, ""5"": 8}",cached_setfit_jsonl,bounded_robust_variant,kept_fraction=0.8125
trec_qc,8,0.3,symmetric,trimmed_softmax_logreg,202,48,500,6,0.3333333333333333,0.328,0.17538832764483236,0.009588956832885742,"{""0"": 8, ""1"": 8, ""2"": 8, ""3"": 8, ""4"": 8, ""5"": 8}",cached_setfit_jsonl,bounded_robust_variant,kept_fraction=0.8125
trec_qc,8,0.3,symmetric,trimmed_softmax_logreg,303,48,500,6,0.2916666666666667,0.42,0.41063129799634585,0.009152889251708984,"{""0"": 8, ""1"": 8, ""2"": 8, ""3"": 8, ""4"": 8, ""5"": 8}",cached_setfit_jsonl,bounded_robust_variant,kept_fraction=0.7917
trec_qc,8,0.3,symmetric,trimmed_softmax_logreg,404,48,500,6,0.3333333333333333,0.448,0.3543156326244464,0.009235858917236328,"{""0"": 8, ""1"": 8, ""2"": 8, ""3"": 8, ""4"": 8, ""5"": 8}",cached_setfit_jsonl,bounded_robust_variant,kept_fraction=0.7917
trec_qc,8,0.3,symmetric,trimmed_softmax_logreg,505,48,500,6,0.2916666666666667,0.182,0.22351372790232646,0.009230852127075195,"{""0"": 8, ""1"": 8, ""2"": 8, ""3"": 8, ""4"": 8, ""5"": 8}",cached_setfit_jsonl,bounded_robust_variant,kept_fraction=0.7917
trec_qc,16,0.0,class_conditional,linear_svm_hinge,101,96,500,6,0.0,0.412,0.4275038388474184,0.01764988899230957,"{""0"": 16, ""1"": 16, ""2"": 16, ""3"": 16, ""4"": 16, ""5"": 16}",cached_setfit_jsonl,linear_margin,
trec_qc,16,0.0,class_conditional,linear_svm_hinge,202,96,500,6,0.0,0.382,0.37809980847006797,0.017778873443603516,"{""0"": 16, ""1"": 16, ""2"": 16, ""3"": 16, ""4"": 16, ""5"": 16}",cached_setfit_jsonl,linear_margin,
trec_qc,16,0.0,class_conditional,linear_svm_hinge,303,96,500,6,0.0,0.492,0.4537022105359841,0.0170590877532959,"{""0"": 16, ""1"": 16, ""2"": 16, ""3"": 16, ""4"": 16, ""5"": 16}",cached_setfit_jsonl,linear_margin,
trec_qc,16,0.0,class_conditional,linear_svm_hinge,404,96,500,6,0.0,0.6,0.5274172100026713,0.01761484146118164,"{""0"": 16, ""1"": 16, ""2"": 16, ""3"": 16, ""4"": 16, ""5"": 16}",cached_setfit_jsonl,linear_margin,
trec_qc,16,0.0,class_conditional,linear_svm_hinge,505,96,500,6,0.0,0.366,0.35902812696584707,0.017551660537719727,"{""0"": 16, ""1"": 16, ""2"": 16, ""3"": 16, ""4"": 16, ""5"": 16}",cached_setfit_jsonl,linear_margin,
trec_qc,16,0.0,class_conditional,multinomial_nb,101,96,500,6,0.0,0.384,0.3982489145159245,0.003261566162109375,"{""0"": 16, ""1"": 16, ""2"": 16, ""3"": 16, ""4"": 16, ""5"": 16}",cached_setfit_jsonl,generative_nb,
trec_qc,16,0.0,class_conditional,multinomial_nb,202,96,500,6,0.0,0.486,0.4704051732732894,0.003233194351196289,"{""0"": 16, ""1"": 16, ""2"": 16, ""3"": 16, ""4"": 16, ""5"": 16}",cached_setfit_jsonl,generative_nb,
trec_qc,16,0.0,class_conditional,multinomial_nb,303,96,500,6,0.0,0.52,0.48717468282865123,0.0031385421752929688,"{""0"": 16, ""1"": 16, ""2"": 16, ""3"": 16, ""4"": 16, ""5"": 16}",cached_setfit_jsonl,generative_nb,
trec_qc,16,0.0,class_conditional,multinomial_nb,404,96,500,6,0.0,0.55,0.5168988030242506,0.003257274627685547,"{""0"": 16, ""1"": 16, ""2"": 16, ""3"": 16, ""4"": 16, ""5"": 16}",cached_setfit_jsonl,generative_nb,
trec_qc,16,0.0,class_conditional,multinomial_nb,505,96,500,6,0.0,0.372,0.3576131841702142,0.0031838417053222656,"{""0"": 16, ""1"": 16, ""2"": 16, ""3"": 16, ""4"": 16, ""5"": 16}",cached_setfit_jsonl,generative_nb,
trec_qc,16,0.0,class_conditional,softmax_logreg,101,96,500,6,0.0,0.4,0.4290296963344111,0.014136075973510742,"{""0"": 16, ""1"": 16, ""2"": 16, ""3"": 16, ""4"": 16, ""5"": 16}",cached_setfit_jsonl,linear_probabilistic,
trec_qc,16,0.0,class_conditional,softmax_logreg,202,96,500,6,0.0,0.646,0.6065761938250551,0.018429994583129883,"{""0"": 16, ""1"": 16, ""2"": 16, ""3"": 16, ""4"": 16, ""5"": 16}",cached_setfit_jsonl,linear_probabilistic,
trec_qc,16,0.0,class_conditional,softmax_logreg,303,96,500,6,0.0,0.512,0.5125552699051946,0.015050888061523438,"{""0"": 16, ""1"": 16, ""2"": 16, ""3"": 16, ""4"": 16, ""5"": 16}",cached_setfit_jsonl,linear_probabilistic,
trec_qc,16,0.0,class_conditional,softmax_logreg,404,96,500,6,0.0,0.584,0.5459663421983171,0.01681065559387207,"{""0"": 16, ""1"": 16, ""2"": 16, ""3"": 16, ""4"": 16, ""5"": 16}",cached_setfit_jsonl,linear_probabilistic,
trec_qc,16,0.0,class_conditional,softmax_logreg,505,96,500,6,0.0,0.35,0.3332494767108664,0.013915061950683594,"{""0"": 16, ""1"": 16, ""2"": 16, ""3"": 16, ""4"": 16, ""5"": 16}",cached_setfit_jsonl,linear_probabilistic,
trec_qc,16,0.0,class_conditional,trimmed_softmax_logreg,101,96,500,6,0.0,0.398,0.42558185561480527,0.017290353775024414,"{""0"": 16, ""1"": 16, ""2"": 16, ""3"": 16, ""4"": 16, ""5"": 16}",cached_setfit_jsonl,bounded_robust_variant,kept_fraction=0.8021
trec_qc,16,0.0,class_conditional,trimmed_softmax_logreg,202,96,500,6,0.0,0.632,0.6080677829948876,0.01882004737854004,"{""0"": 16, ""1"": 16, ""2"": 16, ""3"": 16, ""4"": 16, ""5"": 16}",cached_setfit_jsonl,bounded_robust_variant,kept_fraction=0.8021
trec_qc,16,0.0,class_conditional,trimmed_softmax_logreg,303,96,500,6,0.0,0.522,0.4967295936062948,0.0163877010345459,"{""0"": 16, ""1"": 16, ""2"": 16, ""3"": 16, ""4"": 16, ""5"": 16}",cached_setfit_jsonl,bounded_robust_variant,kept_fraction=0.8021
trec_qc,16,0.0,class_conditional,trimmed_softmax_logreg,404,96,500,6,0.0,0.59,0.549913326579468,0.017561912536621094,"{""0"": 16, ""1"": 16, ""2"": 16, ""3"": 16, ""4"": 16, ""5"": 16}",cached_setfit_jsonl,bounded_robust_variant,kept_fraction=0.8021
trec_qc,16,0.0,class_conditional,trimmed_softmax_logreg,505,96,500,6,0.0,0.31,0.3211296107685274,0.01665186882019043,"{""0"": 16, ""1"": 16, ""2"": 16, ""3"": 16, ""4"": 16, ""5"": 16}",cached_setfit_jsonl,bounded_robust_variant,kept_fraction=0.8021
trec_qc,16,0.0,symmetric,linear_svm_hinge,101,96,500,6,0.0,0.412,0.4275038388474184,0.018552064895629883,"{""0"": 16, ""1"": 16, ""2"": 16, ""3"": 16, ""4"": 16, ""5"": 16}",cached_setfit_jsonl,linear_margin,
trec_qc,16,0.0,symmetric,linear_svm_hinge,202,96,500,6,0.0,0.382,0.37809980847006797,0.017814159393310547,"{""0"": 16, ""1"": 16, ""2"": 16, ""3"": 16, ""4"": 16, ""5"": 16}",cached_setfit_jsonl,linear_margin,
trec_qc,16,0.0,symmetric,linear_svm_hinge,303,96,500,6,0.0,0.492,0.4537022105359841,0.016759634017944336,"{""0"": 16, ""1"": 16, ""2"": 16, ""3"": 16, ""4"": 16, ""5"": 16}",cached_setfit_jsonl,linear_margin,
trec_qc,16,0.0,symmetric,linear_svm_hinge,404,96,500,6,0.0,0.6,0.5274172100026713,0.017722368240356445,"{""0"": 16, ""1"": 16, ""2"": 16, ""3"": 16, ""4"": 16, ""5"": 16}",cached_setfit_jsonl,linear_margin,
trec_qc,16,0.0,symmetric,linear_svm_hinge,505,96,500,6,0.0,0.366,0.35902812696584707,0.01726078987121582,"{""0"": 16, ""1"": 16, ""2"": 16, ""3"": 16, ""4"": 16, ""5"": 16}",cached_setfit_jsonl,linear_margin,
trec_qc,16,0.0,symmetric,multinomial_nb,101,96,500,6,0.0,0.384,0.3982489145159245,0.0034456253051757812,"{""0"": 16, ""1"": 16, ""2"": 16, ""3"": 16, ""4"": 16, ""5"": 16}",cached_setfit_jsonl,generative_nb,
trec_qc,16,0.0,symmetric,multinomial_nb,202,96,500,6,0.0,0.486,0.4704051732732894,0.003269672393798828,"{""0"": 16, ""1"": 16, ""2"": 16, ""3"": 16, ""4"": 16, ""5"": 16}",cached_setfit_jsonl,generative_nb,
trec_qc,16,0.0,symmetric,multinomial_nb,303,96,500,6,0.0,0.52,0.48717468282865123,0.00333404541015625,"{""0"": 16, ""1"": 16, ""2"": 16, ""3"": 16, ""4"": 16, ""5"": 16}",cached_setfit_jsonl,generative_nb,
trec_qc,16,0.0,symmetric,multinomial_nb,404,96,500,6,0.0,0.55,0.5168988030242506,0.0032737255096435547,"{""0"": 16, ""1"": 16, ""2"": 16, ""3"": 16, ""4"": 16, ""5"": 16}",cached_setfit_jsonl,generative_nb,
trec_qc,16,0.0,symmetric,multinomial_nb,505,96,500,6,0.0,0.372,0.3576131841702142,0.0031218528747558594,"{""0"": 16, ""1"": 16, ""2"": 16, ""3"": 16, ""4"": 16, ""5"": 16}",cached_setfit_jsonl,generative_nb,
trec_qc,16,0.0,symmetric,softmax_logreg,101,96,500,6,0.0,0.4,0.4290296963344111,0.015778541564941406,"{""0"": 16, ""1"": 16, ""2"": 16, ""3"": 16, ""4"": 16, ""5"": 16}",cached_setfit_jsonl,linear_probabilistic,
trec_qc,16,0.0,symmetric,softmax_logreg,202,96,500,6,0.0,0.646,0.6065761938250551,0.01668572425842285,"{""0"": 16, ""1"": 16, ""2"": 16, ""3"": 16, ""4"": 16, ""5"": 16}",cached_setfit_jsonl,linear_probabilistic,
trec_qc,16,0.0,symmetric,softmax_logreg,303,96,500,6,0.0,0.512,0.5125552699051946,0.01374506950378418,"{""0"": 16, ""1"": 16, ""2"": 16, ""3"": 16, ""4"": 16, ""5"": 16}",cached_setfit_jsonl,linear_probabilistic,
trec_qc,16,0.0,symmetric,softmax_logreg,404,96,500,6,0.0,0.584,0.5459663421983171,0.015395402908325195,"{""0"": 16, ""1"": 16, ""2"": 16, ""3"": 16, ""4"": 16, ""5"": 16}",cached_setfit_jsonl,linear_probabilistic,
trec_qc,16,0.0,symmetric,softmax_logreg,505,96,500,6,0.0,0.35,0.3332494767108664,0.014399528503417969,"{""0"": 16, ""1"": 16, ""2"": 16, ""3"": 16, ""4"": 16, ""5"": 16}",cached_setfit_jsonl,linear_probabilistic,
trec_qc,16,0.0,symmetric,trimmed_softmax_logreg,101,96,500,6,0.0,0.398,0.42558185561480527,0.017532825469970703,"{""0"": 16, ""1"": 16, ""2"": 16, ""3"": 16, ""4"": 16, ""5"": 16}",cached_setfit_jsonl,bounded_robust_variant,kept_fraction=0.8021
trec_qc,16,0.0,symmetric,trimmed_softmax_logreg,202,96,500,6,0.0,0.632,0.6080677829948876,0.021767139434814453,"{""0"": 16, ""1"": 16, ""2"": 16, ""3"": 16, ""4"": 16, ""5"": 16}",cached_setfit_jsonl,bounded_robust_variant,kept_fraction=0.8021
trec_qc,16,0.0,symmetric,trimmed_softmax_logreg,303,96,500,6,0.0,0.522,0.4967295936062948,0.019396066665649414,"{""0"": 16, ""1"": 16, ""2"": 16, ""3"": 16, ""4"": 16, ""5"": 16}",cached_setfit_jsonl,bounded_robust_variant,kept_fraction=0.8021
trec_qc,16,0.0,symmetric,trimmed_softmax_logreg,404,96,500,6,0.0,0.59,0.549913326579468,0.018270254135131836,"{""0"": 16, ""1"": 16, ""2"": 16, ""3"": 16, ""4"": 16, ""5"": 16}",cached_setfit_jsonl,bounded_robust_variant,kept_fraction=0.8021
trec_qc,16,0.0,symmetric,trimmed_softmax_logreg,505,96,500,6,0.0,0.31,0.3211296107685274,0.01784372329711914,"{""0"": 16, ""1"": 16, ""2"": 16, ""3"": 16, ""4"": 16, ""5"": 16}",cached_setfit_jsonl,bounded_robust_variant,kept_fraction=0.8021
trec_qc,16,0.05,class_conditional,linear_svm_hinge,101,96,500,6,0.07291666666666667,0.382,0.40445989685592504,0.018252134323120117,"{""0"": 16, ""1"": 16, ""2"": 16, ""3"": 16, ""4"": 16, ""5"": 16}",cached_setfit_jsonl,linear_margin,
trec_qc,16,0.05,class_conditional,linear_svm_hinge,202,96,500,6,0.041666666666666664,0.438,0.4392124207425904,0.01915764808654785,"{""0"": 16, ""1"": 16, ""2"": 16, ""3"": 16, ""4"": 16, ""5"": 16}",cached_setfit_jsonl,linear_margin,
trec_qc,16,0.05,class_conditional,linear_svm_hinge,303,96,500,6,0.041666666666666664,0.52,0.4936247647046,0.01715826988220215,"{""0"": 16, ""1"": 16, ""2"": 16, ""3"": 16, ""4"": 16, ""5"": 16}",cached_setfit_jsonl,linear_margin,
trec_qc,16,0.05,class_conditional,linear_svm_hinge,404,96,500,6,0.0625,0.578,0.5549649734427718,0.018790483474731445,"{""0"": 16, ""1"": 16, ""2"": 16, ""3"": 16, ""4"": 16, ""5"": 16}",cached_setfit_jsonl,linear_margin,
trec_qc,16,0.05,class_conditional,linear_svm_hinge,505,96,500,6,0.020833333333333332,0.366,0.3925402794204757,0.01716899871826172,"{""0"": 16, ""1"": 16, ""2"": 16, ""3"": 16, ""4"": 16, ""5"": 16}",cached_setfit_jsonl,linear_margin,
trec_qc,16,0.05,class_conditional,multinomial_nb,101,96,500,6,0.07291666666666667,0.328,0.3507300237343616,0.0032241344451904297,"{""0"": 16, ""1"": 16, ""2"": 16, ""3"": 16, ""4"": 16, ""5"": 16}",cached_setfit_jsonl,generative_nb,
trec_qc,16,0.05,class_conditional,multinomial_nb,202,96,500,6,0.041666666666666664,0.476,0.46440719914848444,0.0032236576080322266,"{""0"": 16, ""1"": 16, ""2"": 16, ""3"": 16, ""4"": 16, ""5"": 16}",cached_setfit_jsonl,generative_nb,
trec_qc,16,0.05,class_conditional,multinomial_nb,303,96,500,6,0.041666666666666664,0.526,0.48513925901367866,0.0031676292419433594,"{""0"": 16, ""1"": 16, ""2"": 16, ""3"": 16, ""4"": 16, ""5"": 16}",cached_setfit_jsonl,generative_nb,
trec_qc,16,0.05,class_conditional,multinomial_nb,404,96,500,6,0.0625,0.564,0.5343343310268053,0.0032320022583007812,"{""0"": 16, ""1"": 16, ""2"": 16, ""3"": 16, ""4"": 16, ""5"": 16}",cached_setfit_jsonl,generative_nb,
trec_qc,16,0.05,class_conditional,multinomial_nb,505,96,500,6,0.020833333333333332,0.366,0.35498918761467796,0.0031685829162597656,"{""0"": 16, ""1"": 16, ""2"": 16, ""3"": 16, ""4"": 16, ""5"": 16}",cached_setfit_jsonl,generative_nb,
trec_qc,16,0.05,class_conditional,softmax_logreg,101,96,500,6,0.07291666666666667,0.334,0.3640913958062962,0.014805793762207031,"{""0"": 16, ""1"": 16, ""2"": 16, ""3"": 16, ""4"": 16, ""5"": 16}",cached_setfit_jsonl,linear_probabilistic,
trec_qc,16,0.05,class_conditional,softmax_logreg,202,96,500,6,0.041666666666666664,0.448,0.43261911444248985,0.014912128448486328,"{""0"": 16, ""1"": 16, ""2"": 16, ""3"": 16, ""4"": 16, ""5"": 16}",cached_setfit_jsonl,linear_probabilistic,
trec_qc,16,0.05,class_conditional,softmax_logreg,303,96,500,6,0.041666666666666664,0.506,0.4935824612313124,0.016738414764404297,"{""0"": 16, ""1"": 16, ""2"": 16, ""3"": 16, ""4"": 16, ""5"": 16}",cached_setfit_jsonl,linear_probabilistic,
trec_qc,16,0.05,class_conditional,softmax_logreg,404,96,500,6,0.0625,0.598,0.5651471966891167,0.015401124954223633,"{""0"": 16, ""1"": 16, ""2"": 16, ""3"": 16, ""4"": 16, ""5"": 16}",cached_setfit_jsonl,linear_probabilistic,
trec_qc,16,0.05,class_conditional,softmax_logreg,505,96,500,6,0.020833333333333332,0.356,0.3484206616073859,0.014031410217285156,"{""0"": 16, ""1"": 16, ""2"": 16, ""3"": 16, ""4"": 16, ""5"": 16}",cached_setfit_jsonl,linear_probabilistic,
trec_qc,16,0.05,class_conditional,trimmed_softmax_logreg,101,96,500,6,0.07291666666666667,0.29,0.29141560690808677,0.0176541805267334,"{""0"": 16, ""1"": 16, ""2"": 16, ""3"": 16, ""4"": 16, ""5"": 16}",cached_setfit_jsonl,bounded_robust_variant,kept_fraction=0.8021
trec_qc,16,0.05,class_conditional,trimmed_softmax_logreg,202,96,500,6,0.041666666666666664,0.638,0.6176070190361677,0.017890453338623047,"{""0"": 16, ""1"": 16, ""2"": 16, ""3"": 16, ""4"": 16, ""5"": 16}",cached_setfit_jsonl,bounded_robust_variant,kept_fraction=0.8021
trec_qc,16,0.05,class_conditional,trimmed_softmax_logreg,303,96,500,6,0.041666666666666664,0.522,0.506428504680441,0.016624927520751953,"{""0"": 16, ""1"": 16, ""2"": 16, ""3"": 16, ""4"": 16, ""5"": 16}",cached_setfit_jsonl,bounded_robust_variant,kept_fraction=0.8021
trec_qc,16,0.05,class_conditional,trimmed_softmax_logreg,404,96,500,6,0.0625,0.566,0.544266941843067,0.01762533187866211,"{""0"": 16, ""1"": 16, ""2"": 16, ""3"": 16, ""4"": 16, ""5"": 16}",cached_setfit_jsonl,bounded_robust_variant,kept_fraction=0.8021
trec_qc,16,0.05,class_conditional,trimmed_softmax_logreg,505,96,500,6,0.020833333333333332,0.328,0.33892873175574817,0.016594886779785156,"{""0"": 16, ""1"": 16, ""2"": 16, ""3"": 16, ""4"": 16, ""5"": 16}",cached_setfit_jsonl,bounded_robust_variant,kept_fraction=0.8021
trec_qc,16,0.05,symmetric,linear_svm_hinge,101,96,500,6,0.10416666666666667,0.344,0.3520072397310625,0.0176851749420166,"{""0"": 16, ""1"": 16, ""2"": 16, ""3"": 16, ""4"": 16, ""5"": 16}",cached_setfit_jsonl,linear_margin,
trec_qc,16,0.05,symmetric,linear_svm_hinge,202,96,500,6,0.041666666666666664,0.592,0.5386855647736444,0.01800537109375,"{""0"": 16, ""1"": 16, ""2"": 16, ""3"": 16, ""4"": 16, ""5"": 16}",cached_setfit_jsonl,linear_margin,
trec_qc,16,0.05,symmetric,linear_svm_hinge,303,96,500,6,0.0625,0.494,0.4602659642285265,0.016812562942504883,"{""0"": 16, ""1"": 16, ""2"": 16, ""3"": 16, ""4"": 16, ""5"": 16}",cached_setfit_jsonl,linear_margin,
trec_qc,16,0.05,symmetric,linear_svm_hinge,404,96,500,6,0.03125,0.602,0.5465582927735632,0.018165111541748047,"{""0"": 16, ""1"": 16, ""2"": 16, ""3"": 16, ""4"": 16, ""5"": 16}",cached_setfit_jsonl,linear_margin,
trec_qc,16,0.05,symmetric,linear_svm_hinge,505,96,500,6,0.03125,0.362,0.36715563555309294,0.017677783966064453,"{""0"": 16, ""1"": 16, ""2"": 16, ""3"": 16, ""4"": 16, ""5"": 16}",cached_setfit_jsonl,linear_margin,
trec_qc,16,0.05,symmetric,multinomial_nb,101,96,500,6,0.10416666666666667,0.37,0.37154017427263825,0.003348112106323242,"{""0"": 16, ""1"": 16, ""2"": 16, ""3"": 16, ""4"": 16, ""5"": 16}",cached_setfit_jsonl,generative_nb,
trec_qc,16,0.05,symmetric,multinomial_nb,202,96,500,6,0.041666666666666664,0.658,0.6166007256276919,0.0032279491424560547,"{""0"": 16, ""1"": 16, ""2"": 16, ""3"": 16, ""4"": 16, ""5"": 16}",cached_setfit_jsonl,generative_nb,
trec_qc,16,0.05,symmetric,multinomial_nb,303,96,500,6,0.0625,0.458,0.4153813084211246,0.003167390823364258,"{""0"": 16, ""1"": 16, ""2"": 16, ""3"": 16, ""4"": 16, ""5"": 16}",cached_setfit_jsonl,generative_nb,
trec_qc,16,0.05,symmetric,multinomial_nb,404,96,500,6,0.03125,0.584,0.5344362916563529,0.003265857696533203,"{""0"": 16, ""1"": 16, ""2"": 16, ""3"": 16, ""4"": 16, ""5"": 16}",cached_setfit_jsonl,generative_nb,
trec_qc,16,0.05,symmetric,multinomial_nb,505,96,500,6,0.03125,0.37,0.3604829495797064,0.0031235218048095703,"{""0"": 16, ""1"": 16, ""2"": 16, ""3"": 16, ""4"": 16, ""5"": 16}",cached_setfit_jsonl,generative_nb,
trec_qc,16,0.05,symmetric,softmax_logreg,101,96,500,6,0.10416666666666667,0.362,0.3769561860033086,0.015317916870117188,"{""0"": 16, ""1"": 16, ""2"": 16, ""3"": 16, ""4"": 16, ""5"": 16}",cached_setfit_jsonl,linear_probabilistic,
trec_qc,16,0.05,symmetric,softmax_logreg,202,96,500,6,0.041666666666666664,0.622,0.5744912929286541,0.015492677688598633,"{""0"": 16, ""1"": 16, ""2"": 16, ""3"": 16, ""4"": 16, ""5"": 16}",cached_setfit_jsonl,linear_probabilistic,
trec_qc,16,0.05,symmetric,softmax_logreg,303,96,500,6,0.0625,0.478,0.4686213425439169,0.014066934585571289,"{""0"": 16, ""1"": 16, ""2"": 16, ""3"": 16, ""4"": 16, ""5"": 16}",cached_setfit_jsonl,linear_probabilistic,
trec_qc,16,0.05,symmetric,softmax_logreg,404,96,500,6,0.03125,0.598,0.5539292746147088,0.016026020050048828,"{""0"": 16, ""1"": 16, ""2"": 16, ""3"": 16, ""4"": 16, ""5"": 16}",cached_setfit_jsonl,linear_probabilistic,
trec_qc,16,0.05,symmetric,softmax_logreg,505,96,500,6,0.03125,0.364,0.36368249699507693,0.01959395408630371,"{""0"": 16, ""1"": 16, ""2"": 16, ""3"": 16, ""4"": 16, ""5"": 16}",cached_setfit_jsonl,linear_probabilistic,
trec_qc,16,0.05,symmetric,trimmed_softmax_logreg,101,96,500,6,0.10416666666666667,0.362,0.34934785362709925,0.024212121963500977,"{""0"": 16, ""1"": 16, ""2"": 16, ""3"": 16, ""4"": 16, ""5"": 16}",cached_setfit_jsonl,bounded_robust_variant,kept_fraction=0.8021
trec_qc,16,0.05,symmetric,trimmed_softmax_logreg,202,96,500,6,0.041666666666666664,0.602,0.5734741774019178,0.019472122192382812,"{""0"": 16, ""1"": 16, ""2"": 16, ""3"": 16, ""4"": 16, ""5"": 16}",cached_setfit_jsonl,bounded_robust_variant,kept_fraction=0.8021
trec_qc,16,0.05,symmetric,trimmed_softmax_logreg,303,96,500,6,0.0625,0.466,0.4237704596722784,0.01662421226501465,"{""0"": 16, ""1"": 16, ""2"": 16, ""3"": 16, ""4"": 16, ""5"": 16}",cached_setfit_jsonl,bounded_robust_variant,kept_fraction=0.8021
trec_qc,16,0.05,symmetric,trimmed_softmax_logreg,404,96,500,6,0.03125,0.612,0.5590879660218399,0.017922163009643555,"{""0"": 16, ""1"": 16, ""2"": 16, ""3"": 16, ""4"": 16, ""5"": 16}",cached_setfit_jsonl,bounded_robust_variant,kept_fraction=0.8021
trec_qc,16,0.05,symmetric,trimmed_softmax_logreg,505,96,500,6,0.03125,0.344,0.3602368074933086,0.016802072525024414,"{""0"": 16, ""1"": 16, ""2"": 16, ""3"": 16, ""4"": 16, ""5"": 16}",cached_setfit_jsonl,bounded_robust_variant,kept_fraction=0.8021
trec_qc,16,0.1,class_conditional,linear_svm_hinge,101,96,500,6,0.14583333333333334,0.32,0.35080289270967735,0.017656326293945312,"{""0"": 16, ""1"": 16, ""2"": 16, ""3"": 16, ""4"": 16, ""5"": 16}",cached_setfit_jsonl,linear_margin,
trec_qc,16,0.1,class_conditional,linear_svm_hinge,202,96,500,6,0.09375,0.47,0.47585373399252817,0.018244266510009766,"{""0"": 16, ""1"": 16, ""2"": 16, ""3"": 16, ""4"": 16, ""5"": 16}",cached_setfit_jsonl,linear_margin,
trec_qc,16,0.1,class_conditional,linear_svm_hinge,303,96,500,6,0.11458333333333333,0.47,0.4139719016793418,0.017836809158325195,"{""0"": 16, ""1"": 16, ""2"": 16, ""3"": 16, ""4"": 16, ""5"": 16}",cached_setfit_jsonl,linear_margin,
trec_qc,16,0.1,class_conditional,linear_svm_hinge,404,96,500,6,0.11458333333333333,0.528,0.4896014197641232,0.017635107040405273,"{""0"": 16, ""1"": 16, ""2"": 16, ""3"": 16, ""4"": 16, ""5"": 16}",cached_setfit_jsonl,linear_margin,
trec_qc,16,0.1,class_conditional,linear_svm_hinge,505,96,500,6,0.08333333333333333,0.294,0.2970547836218446,0.017177104949951172,"{""0"": 16, ""1"": 16, ""2"": 16, ""3"": 16, ""4"": 16, ""5"": 16}",cached_setfit_jsonl,linear_margin,
trec_qc,16,0.1,class_conditional,multinomial_nb,101,96,500,6,0.14583333333333334,0.286,0.30675718253173834,0.003390789031982422,"{""0"": 16, ""1"": 16, ""2"": 16, ""3"": 16, ""4"": 16, ""5"": 16}",cached_setfit_jsonl,generative_nb,
trec_qc,16,0.1,class_conditional,multinomial_nb,202,96,500,6,0.09375,0.508,0.49979468298635354,0.003216266632080078,"{""0"": 16, ""1"": 16, ""2"": 16, ""3"": 16, ""4"": 16, ""5"": 16}",cached_setfit_jsonl,generative_nb,
trec_qc,16,0.1,class_conditional,multinomial_nb,303,96,500,6,0.11458333333333333,0.49,0.44443066191519076,0.003167867660522461,"{""0"": 16, ""1"": 16, ""2"": 16, ""3"": 16, ""4"": 16, ""5"": 16}",cached_setfit_jsonl,generative_nb,
trec_qc,16,0.1,class_conditional,multinomial_nb,404,96,500,6,0.11458333333333333,0.386,0.40912523394056893,0.0032372474670410156,"{""0"": 16, ""1"": 16, ""2"": 16, ""3"": 16, ""4"": 16, ""5"": 16}",cached_setfit_jsonl,generative_nb,
trec_qc,16,0.1,class_conditional,multinomial_nb,505,96,500,6,0.08333333333333333,0.366,0.3570429566576736,0.003122568130493164,"{""0"": 16, ""1"": 16, ""2"": 16, ""3"": 16, ""4"": 16, ""5"": 16}",cached_setfit_jsonl,generative_nb,
trec_qc,16,0.1,class_conditional,softmax_logreg,101,96,500,6,0.14583333333333334,0.308,0.3367807418992504,0.014865875244140625,"{""0"": 16, ""1"": 16, ""2"": 16, ""3"": 16, ""4"": 16, ""5"": 16}",cached_setfit_jsonl,linear_probabilistic,
trec_qc,16,0.1,class_conditional,softmax_logreg,202,96,500,6,0.09375,0.482,0.47550337827029865,0.015415430068969727,"{""0"": 16, ""1"": 16, ""2"": 16, ""3"": 16, ""4"": 16, ""5"": 16}",cached_setfit_jsonl,linear_probabilistic,
trec_qc,16,0.1,class_conditional,softmax_logreg,303,96,500,6,0.11458333333333333,0.514,0.4898073831007979,0.014582395553588867,"{""0"": 16, ""1"": 16, ""2"": 16, ""3"": 16, ""4"": 16, ""5"": 16}",cached_setfit_jsonl,linear_probabilistic,
trec_qc,16,0.1,class_conditional,softmax_logreg,404,96,500,6,0.11458333333333333,0.588,0.5599522257649228,0.020212650299072266,"{""0"": 16, ""1"": 16, ""2"": 16, ""3"": 16, ""4"": 16, ""5"": 16}",cached_setfit_jsonl,linear_probabilistic,
trec_qc,16,0.1,class_conditional,softmax_logreg,505,96,500,6,0.08333333333333333,0.354,0.3433359331231784,0.01650071144104004,"{""0"": 16, ""1"": 16, ""2"": 16, ""3"": 16, ""4"": 16, ""5"": 16}",cached_setfit_jsonl,linear_probabilistic,
trec_qc,16,0.1,class_conditional,trimmed_softmax_logreg,101,96,500,6,0.14583333333333334,0.27,0.270901969785794,0.020744800567626953,"{""0"": 16, ""1"": 16, ""2"": 16, ""3"": 16, ""4"": 16, ""5"": 16}",cached_setfit_jsonl,bounded_robust_variant,kept_fraction=0.8021
trec_qc,16,0.1,class_conditional,trimmed_softmax_logreg,202,96,500,6,0.09375,0.632,0.5408251913213019,0.018218994140625,"{""0"": 16, ""1"": 16, ""2"": 16, ""3"": 16, ""4"": 16, ""5"": 16}",cached_setfit_jsonl,bounded_robust_variant,kept_fraction=0.8021
trec_qc,16,0.1,class_conditional,trimmed_softmax_logreg,303,96,500,6,0.11458333333333333,0.538,0.5058726374579181,0.016454219818115234,"{""0"": 16, ""1"": 16, ""2"": 16, ""3"": 16, ""4"": 16, ""5"": 16}",cached_setfit_jsonl,bounded_robust_variant,kept_fraction=0.8021
trec_qc,16,0.1,class_conditional,trimmed_softmax_logreg,404,96,500,6,0.11458333333333333,0.552,0.5310395221522625,0.017558574676513672,"{""0"": 16, ""1"": 16, ""2"": 16, ""3"": 16, ""4"": 16, ""5"": 16}",cached_setfit_jsonl,bounded_robust_variant,kept_fraction=0.8021
trec_qc,16,0.1,class_conditional,trimmed_softmax_logreg,505,96,500,6,0.08333333333333333,0.348,0.346315539923469,0.016756534576416016,"{""0"": 16, ""1"": 16, ""2"": 16, ""3"": 16, ""4"": 16, ""5"": 16}",cached_setfit_jsonl,bounded_robust_variant,kept_fraction=0.8021
trec_qc,16,0.1,symmetric,linear_svm_hinge,101,96,500,6,0.19791666666666666,0.394,0.40982819222991534,0.017486572265625,"{""0"": 16, ""1"": 16, ""2"": 16, ""3"": 16, ""4"": 16, ""5"": 16}",cached_setfit_jsonl,linear_margin,
trec_qc,16,0.1,symmetric,linear_svm_hinge,202,96,500,6,0.10416666666666667,0.458,0.48696192420543,0.01850128173828125,"{""0"": 16, ""1"": 16, ""2"": 16, ""3"": 16, ""4"": 16, ""5"": 16}",cached_setfit_jsonl,linear_margin,
trec_qc,16,0.1,symmetric,linear_svm_hinge,303,96,500,6,0.16666666666666666,0.444,0.39988414722725857,0.017506837844848633,"{""0"": 16, ""1"": 16, ""2"": 16, ""3"": 16, ""4"": 16, ""5"": 16}",cached_setfit_jsonl,linear_margin,
trec_qc,16,0.1,symmetric,linear_svm_hinge,404,96,500,6,0.14583333333333334,0.566,0.5219293047072389,0.017835378646850586,"{""0"": 16, ""1"": 16, ""2"": 16, ""3"": 16, ""4"": 16, ""5"": 16}",cached_setfit_jsonl,linear_margin,
trec_qc,16,0.1,symmetric,linear_svm_hinge,505,96,500,6,0.10416666666666667,0.318,0.3272584816050659,0.017557621002197266,"{""0"": 16, ""1"": 16, ""2"": 16, ""3"": 16, ""4"": 16, ""5"": 16}",cached_setfit_jsonl,linear_margin,
trec_qc,16,0.1,symmetric,multinomial_nb,101,96,500,6,0.19791666666666666,0.346,0.36304604058841344,0.003250598907470703,"{""0"": 16, ""1"": 16, ""2"": 16, ""3"": 16, ""4"": 16, ""5"": 16}",cached_setfit_jsonl,generative_nb,
trec_qc,16,0.1,symmetric,multinomial_nb,202,96,500,6,0.10416666666666667,0.66,0.5845307479240754,0.0032732486724853516,"{""0"": 16, ""1"": 16, ""2"": 16, ""3"": 16, ""4"": 16, ""5"": 16}",cached_setfit_jsonl,generative_nb,
trec_qc,16,0.1,symmetric,multinomial_nb,303,96,500,6,0.16666666666666666,0.426,0.3862335461674773,0.0032117366790771484,"{""0"": 16, ""1"": 16, ""2"": 16, ""3"": 16, ""4"": 16, ""5"": 16}",cached_setfit_jsonl,generative_nb,
trec_qc,16,0.1,symmetric,multinomial_nb,404,96,500,6,0.14583333333333334,0.516,0.47964886806887624,0.0033130645751953125,"{""0"": 16, ""1"": 16, ""2"": 16, ""3"": 16, ""4"": 16, ""5"": 16}",cached_setfit_jsonl,generative_nb,
trec_qc,16,0.1,symmetric,multinomial_nb,505,96,500,6,0.10416666666666667,0.342,0.32958237425260833,0.003234386444091797,"{""0"": 16, ""1"": 16, ""2"": 16, ""3"": 16, ""4"": 16, ""5"": 16}",cached_setfit_jsonl,generative_nb,
trec_qc,16,0.1,symmetric,softmax_logreg,101,96,500,6,0.19791666666666666,0.402,0.43021588747400014,0.01435089111328125,"{""0"": 16, ""1"": 16, ""2"": 16, ""3"": 16, ""4"": 16, ""5"": 16}",cached_setfit_jsonl,linear_probabilistic,
trec_qc,16,0.1,symmetric,softmax_logreg,202,96,500,6,0.10416666666666667,0.674,0.6027226064404692,0.015258550643920898,"{""0"": 16, ""1"": 16, ""2"": 16, ""3"": 16, ""4"": 16, ""5"": 16}",cached_setfit_jsonl,linear_probabilistic,
trec_qc,16,0.1,symmetric,softmax_logreg,303,96,500,6,0.16666666666666666,0.458,0.43501783785297565,0.019368410110473633,"{""0"": 16, ""1"": 16, ""2"": 16, ""3"": 16, ""4"": 16, ""5"": 16}",cached_setfit_jsonl,linear_probabilistic,
trec_qc,16,0.1,symmetric,softmax_logreg,404,96,500,6,0.14583333333333334,0.52,0.4800858939163661,0.02069377899169922,"{""0"": 16, ""1"": 16, ""2"": 16, ""3"": 16, ""4"": 16, ""5"": 16}",cached_setfit_jsonl,linear_probabilistic,
trec_qc,16,0.1,symmetric,softmax_logreg,505,96,500,6,0.10416666666666667,0.312,0.2951466854936684,0.016604185104370117,"{""0"": 16, ""1"": 16, ""2"": 16, ""3"": 16, ""4"": 16, ""5"": 16}",cached_setfit_jsonl,linear_probabilistic,
trec_qc,16,0.1,symmetric,trimmed_softmax_logreg,101,96,500,6,0.19791666666666666,0.434,0.4354735774922272,0.01710820198059082,"{""0"": 16, ""1"": 16, ""2"": 16, ""3"": 16, ""4"": 16, ""5"": 16}",cached_setfit_jsonl,bounded_robust_variant,kept_fraction=0.8021
trec_qc,16,0.1,symmetric,trimmed_softmax_logreg,202,96,500,6,0.10416666666666667,0.604,0.5315928246026016,0.017893075942993164,"{""0"": 16, ""1"": 16, ""2"": 16, ""3"": 16, ""4"": 16, ""5"": 16}",cached_setfit_jsonl,bounded_robust_variant,kept_fraction=0.8021
trec_qc,16,0.1,symmetric,trimmed_softmax_logreg,303,96,500,6,0.16666666666666666,0.462,0.41565530109837745,0.016463518142700195,"{""0"": 16, ""1"": 16, ""2"": 16, ""3"": 16, ""4"": 16, ""5"": 16}",cached_setfit_jsonl,bounded_robust_variant,kept_fraction=0.8021
trec_qc,16,0.1,symmetric,trimmed_softmax_logreg,404,96,500,6,0.14583333333333334,0.444,0.3858785134276421,0.017633438110351562,"{""0"": 16, ""1"": 16, ""2"": 16, ""3"": 16, ""4"": 16, ""5"": 16}",cached_setfit_jsonl,bounded_robust_variant,kept_fraction=0.8021
trec_qc,16,0.1,symmetric,trimmed_softmax_logreg,505,96,500,6,0.10416666666666667,0.296,0.2648741687229346,0.01653313636779785,"{""0"": 16, ""1"": 16, ""2"": 16, ""3"": 16, ""4"": 16, ""5"": 16}",cached_setfit_jsonl,bounded_robust_variant,kept_fraction=0.8021
trec_qc,16,0.2,class_conditional,linear_svm_hinge,101,96,500,6,0.23958333333333334,0.318,0.32749606962639194,0.018947124481201172,"{""0"": 16, ""1"": 16, ""2"": 16, ""3"": 16, ""4"": 16, ""5"": 16}",cached_setfit_jsonl,linear_margin,
trec_qc,16,0.2,class_conditional,linear_svm_hinge,202,96,500,6,0.19791666666666666,0.604,0.5152684948744978,0.01845264434814453,"{""0"": 16, ""1"": 16, ""2"": 16, ""3"": 16, ""4"": 16, ""5"": 16}",cached_setfit_jsonl,linear_margin,
trec_qc,16,0.2,class_conditional,linear_svm_hinge,303,96,500,6,0.21875,0.324,0.32464177506870323,0.016981840133666992,"{""0"": 16, ""1"": 16, ""2"": 16, ""3"": 16, ""4"": 16, ""5"": 16}",cached_setfit_jsonl,linear_margin,
trec_qc,16,0.2,class_conditional,linear_svm_hinge,404,96,500,6,0.21875,0.438,0.450702117301629,0.017950773239135742,"{""0"": 16, ""1"": 16, ""2"": 16, ""3"": 16, ""4"": 16, ""5"": 16}",cached_setfit_jsonl,linear_margin,
trec_qc,16,0.2,class_conditional,linear_svm_hinge,505,96,500,6,0.17708333333333334,0.356,0.38223168436271643,0.02131199836730957,"{""0"": 16, ""1"": 16, ""2"": 16, ""3"": 16, ""4"": 16, ""5"": 16}",cached_setfit_jsonl,linear_margin,
trec_qc,16,0.2,class_conditional,multinomial_nb,101,96,500,6,0.23958333333333334,0.272,0.2895902938574696,0.0032312870025634766,"{""0"": 16, ""1"": 16, ""2"": 16, ""3"": 16, ""4"": 16, ""5"": 16}",cached_setfit_jsonl,generative_nb,
trec_qc,16,0.2,class_conditional,multinomial_nb,202,96,500,6,0.19791666666666666,0.638,0.5867770279902823,0.003316164016723633,"{""0"": 16, ""1"": 16, ""2"": 16, ""3"": 16, ""4"": 16, ""5"": 16}",cached_setfit_jsonl,generative_nb,
trec_qc,16,0.2,class_conditional,multinomial_nb,303,96,500,6,0.21875,0.458,0.41208325992352374,0.0031495094299316406,"{""0"": 16, ""1"": 16, ""2"": 16, ""3"": 16, ""4"": 16, ""5"": 16}",cached_setfit_jsonl,generative_nb,
trec_qc,16,0.2,class_conditional,multinomial_nb,404,96,500,6,0.21875,0.378,0.3954283017898579,0.003210783004760742,"{""0"": 16, ""1"": 16, ""2"": 16, ""3"": 16, ""4"": 16, ""5"": 16}",cached_setfit_jsonl,generative_nb,
trec_qc,16,0.2,class_conditional,multinomial_nb,505,96,500,6,0.17708333333333334,0.32,0.3144528315563906,0.003164529800415039,"{""0"": 16, ""1"": 16, ""2"": 16, ""3"": 16, ""4"": 16, ""5"": 16}",cached_setfit_jsonl,generative_nb,
trec_qc,16,0.2,class_conditional,softmax_logreg,101,96,500,6,0.23958333333333334,0.254,0.28097981905928926,0.014229774475097656,"{""0"": 16, ""1"": 16, ""2"": 16, ""3"": 16, ""4"": 16, ""5"": 16}",cached_setfit_jsonl,linear_probabilistic,
trec_qc,16,0.2,class_conditional,softmax_logreg,202,96,500,6,0.19791666666666666,0.598,0.5604763080364865,0.01503896713256836,"{""0"": 16, ""1"": 16, ""2"": 16, ""3"": 16, ""4"": 16, ""5"": 16}",cached_setfit_jsonl,linear_probabilistic,
trec_qc,16,0.2,class_conditional,softmax_logreg,303,96,500,6,0.21875,0.5,0.4669985194262489,0.013918399810791016,"{""0"": 16, ""1"": 16, ""2"": 16, ""3"": 16, ""4"": 16, ""5"": 16}",cached_setfit_jsonl,linear_probabilistic,
trec_qc,16,0.2,class_conditional,softmax_logreg,404,96,500,6,0.21875,0.416,0.4432667920799666,0.017493724822998047,"{""0"": 16, ""1"": 16, ""2"": 16, ""3"": 16, ""4"": 16, ""5"": 16}",cached_setfit_jsonl,linear_probabilistic,
trec_qc,16,0.2,class_conditional,softmax_logreg,505,96,500,6,0.17708333333333334,0.322,0.31611043156591107,0.013951539993286133,"{""0"": 16, ""1"": 16, ""2"": 16, ""3"": 16, ""4"": 16, ""5"": 16}",cached_setfit_jsonl,linear_probabilistic,
trec_qc,16,0.2,class_conditional,trimmed_softmax_logreg,101,96,500,6,0.23958333333333334,0.246,0.2576615030057133,0.017635345458984375,"{""0"": 16, ""1"": 16, ""2"": 16, ""3"": 16, ""4"": 16, ""5"": 16}",cached_setfit_jsonl,bounded_robust_variant,kept_fraction=0.8021
trec_qc,16,0.2,class_conditional,trimmed_softmax_logreg,202,96,500,6,0.19791666666666666,0.566,0.5098957448868023,0.018244028091430664,"{""0"": 16, ""1"": 16, ""2"": 16, ""3"": 16, ""4"": 16, ""5"": 16}",cached_setfit_jsonl,bounded_robust_variant,kept_fraction=0.8021
trec_qc,16,0.2,class_conditional,trimmed_softmax_logreg,303,96,500,6,0.21875,0.506,0.4924680559185581,0.016997575759887695,"{""0"": 16, ""1"": 16, ""2"": 16, ""3"": 16, ""4"": 16, ""5"": 16}",cached_setfit_jsonl,bounded_robust_variant,kept_fraction=0.8021
trec_qc,16,0.2,class_conditional,trimmed_softmax_logreg,404,96,500,6,0.21875,0.372,0.3843890682810254,0.017481565475463867,"{""0"": 16, ""1"": 16, ""2"": 16, ""3"": 16, ""4"": 16, ""5"": 16}",cached_setfit_jsonl,bounded_robust_variant,kept_fraction=0.8021
trec_qc,16,0.2,class_conditional,trimmed_softmax_logreg,505,96,500,6,0.17708333333333334,0.312,0.3043526853837882,0.016706466674804688,"{""0"": 16, ""1"": 16, ""2"": 16, ""3"": 16, ""4"": 16, ""5"": 16}",cached_setfit_jsonl,bounded_robust_variant,kept_fraction=0.8021
trec_qc,16,0.2,symmetric,linear_svm_hinge,101,96,500,6,0.2916666666666667,0.292,0.3231180326451801,0.017608642578125,"{""0"": 16, ""1"": 16, ""2"": 16, ""3"": 16, ""4"": 16, ""5"": 16}",cached_setfit_jsonl,linear_margin,
trec_qc,16,0.2,symmetric,linear_svm_hinge,202,96,500,6,0.22916666666666666,0.456,0.4583516945235078,0.019335508346557617,"{""0"": 16, ""1"": 16, ""2"": 16, ""3"": 16, ""4"": 16, ""5"": 16}",cached_setfit_jsonl,linear_margin,
trec_qc,16,0.2,symmetric,linear_svm_hinge,303,96,500,6,0.23958333333333334,0.324,0.33322765737361326,0.018275737762451172,"{""0"": 16, ""1"": 16, ""2"": 16, ""3"": 16, ""4"": 16, ""5"": 16}",cached_setfit_jsonl,linear_margin,
trec_qc,16,0.2,symmetric,linear_svm_hinge,404,96,500,6,0.19791666666666666,0.514,0.46580955342475877,0.018397808074951172,"{""0"": 16, ""1"": 16, ""2"": 16, ""3"": 16, ""4"": 16, ""5"": 16}",cached_setfit_jsonl,linear_margin,
trec_qc,16,0.2,symmetric,linear_svm_hinge,505,96,500,6,0.14583333333333334,0.398,0.37149216905555615,0.017114639282226562,"{""0"": 16, ""1"": 16, ""2"": 16, ""3"": 16, ""4"": 16, ""5"": 16}",cached_setfit_jsonl,linear_margin,
trec_qc,16,0.2,symmetric,multinomial_nb,101,96,500,6,0.2916666666666667,0.29,0.3008071822558782,0.0032944679260253906,"{""0"": 16, ""1"": 16, ""2"": 16, ""3"": 16, ""4"": 16, ""5"": 16}",cached_setfit_jsonl,generative_nb,
trec_qc,16,0.2,symmetric,multinomial_nb,202,96,500,6,0.22916666666666666,0.384,0.38305433345564494,0.003365755081176758,"{""0"": 16, ""1"": 16, ""2"": 16, ""3"": 16, ""4"": 16, ""5"": 16}",cached_setfit_jsonl,generative_nb,
trec_qc,16,0.2,symmetric,multinomial_nb,303,96,500,6,0.23958333333333334,0.314,0.30362137392033506,0.0031659603118896484,"{""0"": 16, ""1"": 16, ""2"": 16, ""3"": 16, ""4"": 16, ""5"": 16}",cached_setfit_jsonl,generative_nb,
trec_qc,16,0.2,symmetric,multinomial_nb,404,96,500,6,0.19791666666666666,0.496,0.439153851807409,0.0032057762145996094,"{""0"": 16, ""1"": 16, ""2"": 16, ""3"": 16, ""4"": 16, ""5"": 16}",cached_setfit_jsonl,generative_nb,
trec_qc,16,0.2,symmetric,multinomial_nb,505,96,500,6,0.14583333333333334,0.378,0.39068250837481616,0.0032205581665039062,"{""0"": 16, ""1"": 16, ""2"": 16, ""3"": 16, ""4"": 16, ""5"": 16}",cached_setfit_jsonl,generative_nb,
trec_qc,16,0.2,symmetric,softmax_logreg,101,96,500,6,0.2916666666666667,0.31,0.3275462041517464,0.01830005645751953,"{""0"": 16, ""1"": 16, ""2"": 16, ""3"": 16, ""4"": 16, ""5"": 16}",cached_setfit_jsonl,linear_probabilistic,
trec_qc,16,0.2,symmetric,softmax_logreg,202,96,500,6,0.22916666666666666,0.358,0.3619213492031162,0.014944791793823242,"{""0"": 16, ""1"": 16, ""2"": 16, ""3"": 16, ""4"": 16, ""5"": 16}",cached_setfit_jsonl,linear_probabilistic,
trec_qc,16,0.2,symmetric,softmax_logreg,303,96,500,6,0.23958333333333334,0.34,0.3426724939791142,0.013886690139770508,"{""0"": 16, ""1"": 16, ""2"": 16, ""3"": 16, ""4"": 16, ""5"": 16}",cached_setfit_jsonl,linear_probabilistic,
trec_qc,16,0.2,symmetric,softmax_logreg,404,96,500,6,0.19791666666666666,0.466,0.39103587100324283,0.015254735946655273,"{""0"": 16, ""1"": 16, ""2"": 16, ""3"": 16, ""4"": 16, ""5"": 16}",cached_setfit_jsonl,linear_probabilistic,
trec_qc,16,0.2,symmetric,softmax_logreg,505,96,500,6,0.14583333333333334,0.406,0.4082978922675893,0.014045238494873047,"{""0"": 16, ""1"": 16, ""2"": 16, ""3"": 16, ""4"": 16, ""5"": 16}",cached_setfit_jsonl,linear_probabilistic,
trec_qc,16,0.2,symmetric,trimmed_softmax_logreg,101,96,500,6,0.2916666666666667,0.288,0.30179741216675754,0.01696491241455078,"{""0"": 16, ""1"": 16, ""2"": 16, ""3"": 16, ""4"": 16, ""5"": 16}",cached_setfit_jsonl,bounded_robust_variant,kept_fraction=0.8021
trec_qc,16,0.2,symmetric,trimmed_softmax_logreg,202,96,500,6,0.22916666666666666,0.372,0.4055993662632931,0.02187943458557129,"{""0"": 16, ""1"": 16, ""2"": 16, ""3"": 16, ""4"": 16, ""5"": 16}",cached_setfit_jsonl,bounded_robust_variant,kept_fraction=0.8125
trec_qc,16,0.2,symmetric,trimmed_softmax_logreg,303,96,500,6,0.23958333333333334,0.32,0.2777463314782222,0.01697564125061035,"{""0"": 16, ""1"": 16, ""2"": 16, ""3"": 16, ""4"": 16, ""5"": 16}",cached_setfit_jsonl,bounded_robust_variant,kept_fraction=0.8021
trec_qc,16,0.2,symmetric,trimmed_softmax_logreg,404,96,500,6,0.19791666666666666,0.452,0.3642375360336041,0.017557859420776367,"{""0"": 16, ""1"": 16, ""2"": 16, ""3"": 16, ""4"": 16, ""5"": 16}",cached_setfit_jsonl,bounded_robust_variant,kept_fraction=0.8021
trec_qc,16,0.2,symmetric,trimmed_softmax_logreg,505,96,500,6,0.14583333333333334,0.35,0.36288630698513985,0.01675271987915039,"{""0"": 16, ""1"": 16, ""2"": 16, ""3"": 16, ""4"": 16, ""5"": 16}",cached_setfit_jsonl,bounded_robust_variant,kept_fraction=0.8021
trec_qc,16,0.3,class_conditional,linear_svm_hinge,101,96,500,6,0.3333333333333333,0.192,0.17776545102802385,0.018136262893676758,"{""0"": 16, ""1"": 16, ""2"": 16, ""3"": 16, ""4"": 16, ""5"": 16}",cached_setfit_jsonl,linear_margin,
trec_qc,16,0.3,class_conditional,linear_svm_hinge,202,96,500,6,0.2916666666666667,0.636,0.5679931980154367,0.018823862075805664,"{""0"": 16, ""1"": 16, ""2"": 16, ""3"": 16, ""4"": 16, ""5"": 16}",cached_setfit_jsonl,linear_margin,
trec_qc,16,0.3,class_conditional,linear_svm_hinge,303,96,500,6,0.2708333333333333,0.45,0.39171692550802134,0.01730513572692871,"{""0"": 16, ""1"": 16, ""2"": 16, ""3"": 16, ""4"": 16, ""5"": 16}",cached_setfit_jsonl,linear_margin,
trec_qc,16,0.3,class_conditional,linear_svm_hinge,404,96,500,6,0.375,0.36,0.36975848136865236,0.018330812454223633,"{""0"": 16, ""1"": 16, ""2"": 16, ""3"": 16, ""4"": 16, ""5"": 16}",cached_setfit_jsonl,linear_margin,
trec_qc,16,0.3,class_conditional,linear_svm_hinge,505,96,500,6,0.2604166666666667,0.24,0.24906861949295514,0.0180513858795166,"{""0"": 16, ""1"": 16, ""2"": 16, ""3"": 16, ""4"": 16, ""5"": 16}",cached_setfit_jsonl,linear_margin,
trec_qc,16,0.3,class_conditional,multinomial_nb,101,96,500,6,0.3333333333333333,0.206,0.19448920639612577,0.003412008285522461,"{""0"": 16, ""1"": 16, ""2"": 16, ""3"": 16, ""4"": 16, ""5"": 16}",cached_setfit_jsonl,generative_nb,
trec_qc,16,0.3,class_conditional,multinomial_nb,202,96,500,6,0.2916666666666667,0.594,0.5225707596887877,0.003358602523803711,"{""0"": 16, ""1"": 16, ""2"": 16, ""3"": 16, ""4"": 16, ""5"": 16}",cached_setfit_jsonl,generative_nb,
trec_qc,16,0.3,class_conditional,multinomial_nb,303,96,500,6,0.2708333333333333,0.434,0.3807981002064365,0.003233671188354492,"{""0"": 16, ""1"": 16, ""2"": 16, ""3"": 16, ""4"": 16, ""5"": 16}",cached_setfit_jsonl,generative_nb,
trec_qc,16,0.3,class_conditional,multinomial_nb,404,96,500,6,0.375,0.5,0.4624255741522207,0.0033693313598632812,"{""0"": 16, ""1"": 16, ""2"": 16, ""3"": 16, ""4"": 16, ""5"": 16}",cached_setfit_jsonl,generative_nb,
trec_qc,16,0.3,class_conditional,multinomial_nb,505,96,500,6,0.2604166666666667,0.228,0.24895695226346068,0.0032608509063720703,"{""0"": 16, ""1"": 16, ""2"": 16, ""3"": 16, ""4"": 16, ""5"": 16}",cached_setfit_jsonl,generative_nb,
trec_qc,16,0.3,class_conditional,softmax_logreg,101,96,500,6,0.3333333333333333,0.168,0.15323874769833773,0.014232873916625977,"{""0"": 16, ""1"": 16, ""2"": 16, ""3"": 16, ""4"": 16, ""5"": 16}",cached_setfit_jsonl,linear_probabilistic,
trec_qc,16,0.3,class_conditional,softmax_logreg,202,96,500,6,0.2916666666666667,0.6,0.5377089811902644,0.015078067779541016,"{""0"": 16, ""1"": 16, ""2"": 16, ""3"": 16, ""4"": 16, ""5"": 16}",cached_setfit_jsonl,linear_probabilistic,
trec_qc,16,0.3,class_conditional,softmax_logreg,303,96,500,6,0.2708333333333333,0.474,0.4338659765182926,0.014465093612670898,"{""0"": 16, ""1"": 16, ""2"": 16, ""3"": 16, ""4"": 16, ""5"": 16}",cached_setfit_jsonl,linear_probabilistic,
trec_qc,16,0.3,class_conditional,softmax_logreg,404,96,500,6,0.375,0.508,0.46822254850541273,0.014909505844116211,"{""0"": 16, ""1"": 16, ""2"": 16, ""3"": 16, ""4"": 16, ""5"": 16}",cached_setfit_jsonl,linear_probabilistic,
trec_qc,16,0.3,class_conditional,softmax_logreg,505,96,500,6,0.2604166666666667,0.236,0.25913208902430457,0.014151334762573242,"{""0"": 16, ""1"": 16, ""2"": 16, ""3"": 16, ""4"": 16, ""5"": 16}",cached_setfit_jsonl,linear_probabilistic,
trec_qc,16,0.3,class_conditional,trimmed_softmax_logreg,101,96,500,6,0.3333333333333333,0.15,0.10602269803675186,0.01717972755432129,"{""0"": 16, ""1"": 16, ""2"": 16, ""3"": 16, ""4"": 16, ""5"": 16}",cached_setfit_jsonl,bounded_robust_variant,kept_fraction=0.8021
trec_qc,16,0.3,class_conditional,trimmed_softmax_logreg,202,96,500,6,0.2916666666666667,0.57,0.5058439347733722,0.017961978912353516,"{""0"": 16, ""1"": 16, ""2"": 16, ""3"": 16, ""4"": 16, ""5"": 16}",cached_setfit_jsonl,bounded_robust_variant,kept_fraction=0.8021
trec_qc,16,0.3,class_conditional,trimmed_softmax_logreg,303,96,500,6,0.2708333333333333,0.482,0.46428181937883445,0.016633272171020508,"{""0"": 16, ""1"": 16, ""2"": 16, ""3"": 16, ""4"": 16, ""5"": 16}",cached_setfit_jsonl,bounded_robust_variant,kept_fraction=0.8021
trec_qc,16,0.3,class_conditional,trimmed_softmax_logreg,404,96,500,6,0.375,0.478,0.4334874874775949,0.017659902572631836,"{""0"": 16, ""1"": 16, ""2"": 16, ""3"": 16, ""4"": 16, ""5"": 16}",cached_setfit_jsonl,bounded_robust_variant,kept_fraction=0.8021
trec_qc,16,0.3,class_conditional,trimmed_softmax_logreg,505,96,500,6,0.2604166666666667,0.228,0.25676909495419264,0.016519784927368164,"{""0"": 16, ""1"": 16, ""2"": 16, ""3"": 16, ""4"": 16, ""5"": 16}",cached_setfit_jsonl,bounded_robust_variant,kept_fraction=0.8021
trec_qc,16,0.3,symmetric,linear_svm_hinge,101,96,500,6,0.34375,0.318,0.3652903516891121,0.017613649368286133,"{""0"": 16, ""1"": 16, ""2"": 16, ""3"": 16, ""4"": 16, ""5"": 16}",cached_setfit_jsonl,linear_margin,
trec_qc,16,0.3,symmetric,linear_svm_hinge,202,96,500,6,0.25,0.318,0.3383333332224418,0.01836085319519043,"{""0"": 16, ""1"": 16, ""2"": 16, ""3"": 16, ""4"": 16, ""5"": 16}",cached_setfit_jsonl,linear_margin,
trec_qc,16,0.3,symmetric,linear_svm_hinge,303,96,500,6,0.3333333333333333,0.424,0.36634751028462026,0.01574230194091797,"{""0"": 16, ""1"": 16, ""2"": 16, ""3"": 16, ""4"": 16, ""5"": 16}",cached_setfit_jsonl,linear_margin,
trec_qc,16,0.3,symmetric,linear_svm_hinge,404,96,500,6,0.3125,0.54,0.4761563446667785,0.016460895538330078,"{""0"": 16, ""1"": 16, ""2"": 16, ""3"": 16, ""4"": 16, ""5"": 16}",cached_setfit_jsonl,linear_margin,
trec_qc,16,0.3,symmetric,linear_svm_hinge,505,96,500,6,0.2916666666666667,0.338,0.33379697276371895,0.016005516052246094,"{""0"": 16, ""1"": 16, ""2"": 16, ""3"": 16, ""4"": 16, ""5"": 16}",cached_setfit_jsonl,linear_margin,
trec_qc,16,0.3,symmetric,multinomial_nb,101,96,500,6,0.34375,0.296,0.31212995828882656,0.0035016536712646484,"{""0"": 16, ""1"": 16, ""2"": 16, ""3"": 16, ""4"": 16, ""5"": 16}",cached_setfit_jsonl,generative_nb,
trec_qc,16,0.3,symmetric,multinomial_nb,202,96,500,6,0.25,0.338,0.3542988119139267,0.0032951831817626953,"{""0"": 16, ""1"": 16, ""2"": 16, ""3"": 16, ""4"": 16, ""5"": 16}",cached_setfit_jsonl,generative_nb,
trec_qc,16,0.3,symmetric,multinomial_nb,303,96,500,6,0.3333333333333333,0.406,0.3497398975132682,0.003209352493286133,"{""0"": 16, ""1"": 16, ""2"": 16, ""3"": 16, ""4"": 16, ""5"": 16}",cached_setfit_jsonl,generative_nb,
trec_qc,16,0.3,symmetric,multinomial_nb,404,96,500,6,0.3125,0.526,0.4567545736511254,0.003411531448364258,"{""0"": 16, ""1"": 16, ""2"": 16, ""3"": 16, ""4"": 16, ""5"": 16}",cached_setfit_jsonl,generative_nb,
trec_qc,16,0.3,symmetric,multinomial_nb,505,96,500,6,0.2916666666666667,0.296,0.3080993957583899,0.003206014633178711,"{""0"": 16, ""1"": 16, ""2"": 16, ""3"": 16, ""4"": 16, ""5"": 16}",cached_setfit_jsonl,generative_nb,
trec_qc,16,0.3,symmetric,softmax_logreg,101,96,500,6,0.34375,0.316,0.346079039350025,0.017664432525634766,"{""0"": 16, ""1"": 16, ""2"": 16, ""3"": 16, ""4"": 16, ""5"": 16}",cached_setfit_jsonl,linear_probabilistic,
trec_qc,16,0.3,symmetric,softmax_logreg,202,96,500,6,0.25,0.37,0.391809077287772,0.015180826187133789,"{""0"": 16, ""1"": 16, ""2"": 16, ""3"": 16, ""4"": 16, ""5"": 16}",cached_setfit_jsonl,linear_probabilistic,
trec_qc,16,0.3,symmetric,softmax_logreg,303,96,500,6,0.3333333333333333,0.42,0.3858227754384235,0.015288114547729492,"{""0"": 16, ""1"": 16, ""2"": 16, ""3"": 16, ""4"": 16, ""5"": 16}",cached_setfit_jsonl,linear_probabilistic,
trec_qc,16,0.3,symmetric,softmax_logreg,404,96,500,6,0.3125,0.558,0.4847059145950589,0.0182034969329834,"{""0"": 16, ""1"": 16, ""2"": 16, ""3"": 16, ""4"": 16, ""5"": 16}",cached_setfit_jsonl,linear_probabilistic,
trec_qc,16,0.3,symmetric,softmax_logreg,505,96,500,6,0.2916666666666667,0.298,0.3210441555826918,0.014504432678222656,"{""0"": 16, ""1"": 16, ""2"": 16, ""3"": 16, ""4"": 16, ""5"": 16}",cached_setfit_jsonl,linear_probabilistic,
trec_qc,16,0.3,symmetric,trimmed_softmax_logreg,101,96,500,6,0.34375,0.23,0.22292270871724582,0.017537832260131836,"{""0"": 16, ""1"": 16, ""2"": 16, ""3"": 16, ""4"": 16, ""5"": 16}",cached_setfit_jsonl,bounded_robust_variant,kept_fraction=0.8021
trec_qc,16,0.3,symmetric,trimmed_softmax_logreg,202,96,500,6,0.25,0.274,0.3183175899262493,0.018139362335205078,"{""0"": 16, ""1"": 16, ""2"": 16, ""3"": 16, ""4"": 16, ""5"": 16}",cached_setfit_jsonl,bounded_robust_variant,kept_fraction=0.8021
trec_qc,16,0.3,symmetric,trimmed_softmax_logreg,303,96,500,6,0.3333333333333333,0.406,0.35558185802508585,0.016999483108520508,"{""0"": 16, ""1"": 16, ""2"": 16, ""3"": 16, ""4"": 16, ""5"": 16}",cached_setfit_jsonl,bounded_robust_variant,kept_fraction=0.8125
trec_qc,16,0.3,symmetric,trimmed_softmax_logreg,404,96,500,6,0.3125,0.514,0.4190486800171486,0.018038511276245117,"{""0"": 16, ""1"": 16, ""2"": 16, ""3"": 16, ""4"": 16, ""5"": 16}",cached_setfit_jsonl,bounded_robust_variant,kept_fraction=0.8021
trec_qc,16,0.3,symmetric,trimmed_softmax_logreg,505,96,500,6,0.2916666666666667,0.278,0.3188299348380287,0.016729116439819336,"{""0"": 16, ""1"": 16, ""2"": 16, ""3"": 16, ""4"": 16, ""5"": 16}",cached_setfit_jsonl,bounded_robust_variant,kept_fraction=0.8021
trec_qc,64,0.0,class_conditional,linear_svm_hinge,101,384,500,6,0.0,0.492,0.5178662825844454,0.20141148567199707,"{""0"": 64, ""1"": 64, ""2"": 64, ""3"": 64, ""4"": 64, ""5"": 64}",cached_setfit_jsonl,linear_margin,
trec_qc,64,0.0,class_conditional,linear_svm_hinge,202,384,500,6,0.0,0.4,0.39839153254752807,0.35109400749206543,"{""0"": 64, ""1"": 64, ""2"": 64, ""3"": 64, ""4"": 64, ""5"": 64}",cached_setfit_jsonl,linear_margin,
trec_qc,64,0.0,class_conditional,linear_svm_hinge,303,384,500,6,0.0,0.512,0.520608866816739,0.1507587432861328,"{""0"": 64, ""1"": 64, ""2"": 64, ""3"": 64, ""4"": 64, ""5"": 64}",cached_setfit_jsonl,linear_margin,
trec_qc,64,0.0,class_conditional,linear_svm_hinge,404,384,500,6,0.0,0.486,0.4905960009607062,0.1808485984802246,"{""0"": 64, ""1"": 64, ""2"": 64, ""3"": 64, ""4"": 64, ""5"": 64}",cached_setfit_jsonl,linear_margin,
trec_qc,64,0.0,class_conditional,linear_svm_hinge,505,384,500,6,0.0,0.482,0.49416024187933133,0.17577123641967773,"{""0"": 64, ""1"": 64, ""2"": 64, ""3"": 64, ""4"": 64, ""5"": 64}",cached_setfit_jsonl,linear_margin,
trec_qc,64,0.0,class_conditional,multinomial_nb,101,384,500,6,0.0,0.488,0.4849089733285605,0.008476018905639648,"{""0"": 64, ""1"": 64, ""2"": 64, ""3"": 64, ""4"": 64, ""5"": 64}",cached_setfit_jsonl,generative_nb,
trec_qc,64,0.0,class_conditional,multinomial_nb,202,384,500,6,0.0,0.522,0.513768197115664,0.008481264114379883,"{""0"": 64, ""1"": 64, ""2"": 64, ""3"": 64, ""4"": 64, ""5"": 64}",cached_setfit_jsonl,generative_nb,
trec_qc,64,0.0,class_conditional,multinomial_nb,303,384,500,6,0.0,0.53,0.5092076973880456,0.00701141357421875,"{""0"": 64, ""1"": 64, ""2"": 64, ""3"": 64, ""4"": 64, ""5"": 64}",cached_setfit_jsonl,generative_nb,
trec_qc,64,0.0,class_conditional,multinomial_nb,404,384,500,6,0.0,0.502,0.48665166441123214,0.007582187652587891,"{""0"": 64, ""1"": 64, ""2"": 64, ""3"": 64, ""4"": 64, ""5"": 64}",cached_setfit_jsonl,generative_nb,
trec_qc,64,0.0,class_conditional,multinomial_nb,505,384,500,6,0.0,0.508,0.4961642939113924,0.014493465423583984,"{""0"": 64, ""1"": 64, ""2"": 64, ""3"": 64, ""4"": 64, ""5"": 64}",cached_setfit_jsonl,generative_nb,
trec_qc,64,0.0,class_conditional,softmax_logreg,101,384,500,6,0.0,0.48,0.48469055750394924,0.05639219284057617,"{""0"": 64, ""1"": 64, ""2"": 64, ""3"": 64, ""4"": 64, ""5"": 64}",cached_setfit_jsonl,linear_probabilistic,
trec_qc,64,0.0,class_conditional,softmax_logreg,202,384,500,6,0.0,0.568,0.5623803582182217,0.04901385307312012,"{""0"": 64, ""1"": 64, ""2"": 64, ""3"": 64, ""4"": 64, ""5"": 64}",cached_setfit_jsonl,linear_probabilistic,
trec_qc,64,0.0,class_conditional,softmax_logreg,303,384,500,6,0.0,0.656,0.6280474226663443,0.059223175048828125,"{""0"": 64, ""1"": 64, ""2"": 64, ""3"": 64, ""4"": 64, ""5"": 64}",cached_setfit_jsonl,linear_probabilistic,
trec_qc,64,0.0,class_conditional,softmax_logreg,404,384,500,6,0.0,0.652,0.6234529662831629,0.04582548141479492,"{""0"": 64, ""1"": 64, ""2"": 64, ""3"": 64, ""4"": 64, ""5"": 64}",cached_setfit_jsonl,linear_probabilistic,
trec_qc,64,0.0,class_conditional,softmax_logreg,505,384,500,6,0.0,0.518,0.5156573925422966,0.043745994567871094,"{""0"": 64, ""1"": 64, ""2"": 64, ""3"": 64, ""4"": 64, ""5"": 64}",cached_setfit_jsonl,linear_probabilistic,
trec_qc,64,0.0,class_conditional,trimmed_softmax_logreg,101,384,500,6,0.0,0.618,0.5616000315673427,0.08911395072937012,"{""0"": 64, ""1"": 64, ""2"": 64, ""3"": 64, ""4"": 64, ""5"": 64}",cached_setfit_jsonl,bounded_robust_variant,kept_fraction=0.7995
trec_qc,64,0.0,class_conditional,trimmed_softmax_logreg,202,384,500,6,0.0,0.726,0.6664432814691233,0.08648228645324707,"{""0"": 64, ""1"": 64, ""2"": 64, ""3"": 64, ""4"": 64, ""5"": 64}",cached_setfit_jsonl,bounded_robust_variant,kept_fraction=0.7995
trec_qc,64,0.0,class_conditional,trimmed_softmax_logreg,303,384,500,6,0.0,0.658,0.6426109021488428,0.06221628189086914,"{""0"": 64, ""1"": 64, ""2"": 64, ""3"": 64, ""4"": 64, ""5"": 64}",cached_setfit_jsonl,bounded_robust_variant,kept_fraction=0.7995
trec_qc,64,0.0,class_conditional,trimmed_softmax_logreg,404,384,500,6,0.0,0.618,0.5956342735120485,0.06204628944396973,"{""0"": 64, ""1"": 64, ""2"": 64, ""3"": 64, ""4"": 64, ""5"": 64}",cached_setfit_jsonl,bounded_robust_variant,kept_fraction=0.7995
trec_qc,64,0.0,class_conditional,trimmed_softmax_logreg,505,384,500,6,0.0,0.63,0.5988957053728824,0.06588292121887207,"{""0"": 64, ""1"": 64, ""2"": 64, ""3"": 64, ""4"": 64, ""5"": 64}",cached_setfit_jsonl,bounded_robust_variant,kept_fraction=0.7995
trec_qc,64,0.0,symmetric,linear_svm_hinge,101,384,500,6,0.0,0.492,0.5178662825844454,0.22182941436767578,"{""0"": 64, ""1"": 64, ""2"": 64, ""3"": 64, ""4"": 64, ""5"": 64}",cached_setfit_jsonl,linear_margin,
trec_qc,64,0.0,symmetric,linear_svm_hinge,202,384,500,6,0.0,0.4,0.39839153254752807,0.24852275848388672,"{""0"": 64, ""1"": 64, ""2"": 64, ""3"": 64, ""4"": 64, ""5"": 64}",cached_setfit_jsonl,linear_margin,
trec_qc,64,0.0,symmetric,linear_svm_hinge,303,384,500,6,0.0,0.512,0.520608866816739,0.19082117080688477,"{""0"": 64, ""1"": 64, ""2"": 64, ""3"": 64, ""4"": 64, ""5"": 64}",cached_setfit_jsonl,linear_margin,
trec_qc,64,0.0,symmetric,linear_svm_hinge,404,384,500,6,0.0,0.486,0.4905960009607062,0.19978880882263184,"{""0"": 64, ""1"": 64, ""2"": 64, ""3"": 64, ""4"": 64, ""5"": 64}",cached_setfit_jsonl,linear_margin,
trec_qc,64,0.0,symmetric,linear_svm_hinge,505,384,500,6,0.0,0.482,0.49416024187933133,0.18724799156188965,"{""0"": 64, ""1"": 64, ""2"": 64, ""3"": 64, ""4"": 64, ""5"": 64}",cached_setfit_jsonl,linear_margin,
trec_qc,64,0.0,symmetric,multinomial_nb,101,384,500,6,0.0,0.488,0.4849089733285605,0.01085662841796875,"{""0"": 64, ""1"": 64, ""2"": 64, ""3"": 64, ""4"": 64, ""5"": 64}",cached_setfit_jsonl,generative_nb,
trec_qc,64,0.0,symmetric,multinomial_nb,202,384,500,6,0.0,0.522,0.513768197115664,0.010384321212768555,"{""0"": 64, ""1"": 64, ""2"": 64, ""3"": 64, ""4"": 64, ""5"": 64}",cached_setfit_jsonl,generative_nb,
trec_qc,64,0.0,symmetric,multinomial_nb,303,384,500,6,0.0,0.53,0.5092076973880456,0.010320663452148438,"{""0"": 64, ""1"": 64, ""2"": 64, ""3"": 64, ""4"": 64, ""5"": 64}",cached_setfit_jsonl,generative_nb,
trec_qc,64,0.0,symmetric,multinomial_nb,404,384,500,6,0.0,0.502,0.48665166441123214,0.010708093643188477,"{""0"": 64, ""1"": 64, ""2"": 64, ""3"": 64, ""4"": 64, ""5"": 64}",cached_setfit_jsonl,generative_nb,
trec_qc,64,0.0,symmetric,multinomial_nb,505,384,500,6,0.0,0.508,0.4961642939113924,0.0071146488189697266,"{""0"": 64, ""1"": 64, ""2"": 64, ""3"": 64, ""4"": 64, ""5"": 64}",cached_setfit_jsonl,generative_nb,
trec_qc,64,0.0,symmetric,softmax_logreg,101,384,500,6,0.0,0.48,0.48469055750394924,0.05360698699951172,"{""0"": 64, ""1"": 64, ""2"": 64, ""3"": 64, ""4"": 64, ""5"": 64}",cached_setfit_jsonl,linear_probabilistic,
trec_qc,64,0.0,symmetric,softmax_logreg,202,384,500,6,0.0,0.568,0.5623803582182217,0.051403045654296875,"{""0"": 64, ""1"": 64, ""2"": 64, ""3"": 64, ""4"": 64, ""5"": 64}",cached_setfit_jsonl,linear_probabilistic,
trec_qc,64,0.0,symmetric,softmax_logreg,303,384,500,6,0.0,0.656,0.6280474226663443,0.04540538787841797,"{""0"": 64, ""1"": 64, ""2"": 64, ""3"": 64, ""4"": 64, ""5"": 64}",cached_setfit_jsonl,linear_probabilistic,
trec_qc,64,0.0,symmetric,softmax_logreg,404,384,500,6,0.0,0.652,0.6234529662831629,0.044176578521728516,"{""0"": 64, ""1"": 64, ""2"": 64, ""3"": 64, ""4"": 64, ""5"": 64}",cached_setfit_jsonl,linear_probabilistic,
trec_qc,64,0.0,symmetric,softmax_logreg,505,384,500,6,0.0,0.518,0.5156573925422966,0.04789400100708008,"{""0"": 64, ""1"": 64, ""2"": 64, ""3"": 64, ""4"": 64, ""5"": 64}",cached_setfit_jsonl,linear_probabilistic,
trec_qc,64,0.0,symmetric,trimmed_softmax_logreg,101,384,500,6,0.0,0.618,0.5616000315673427,0.0766756534576416,"{""0"": 64, ""1"": 64, ""2"": 64, ""3"": 64, ""4"": 64, ""5"": 64}",cached_setfit_jsonl,bounded_robust_variant,kept_fraction=0.7995
trec_qc,64,0.0,symmetric,trimmed_softmax_logreg,202,384,500,6,0.0,0.726,0.6664432814691233,0.06737351417541504,"{""0"": 64, ""1"": 64, ""2"": 64, ""3"": 64, ""4"": 64, ""5"": 64}",cached_setfit_jsonl,bounded_robust_variant,kept_fraction=0.7995
trec_qc,64,0.0,symmetric,trimmed_softmax_logreg,303,384,500,6,0.0,0.658,0.6426109021488428,0.06059837341308594,"{""0"": 64, ""1"": 64, ""2"": 64, ""3"": 64, ""4"": 64, ""5"": 64}",cached_setfit_jsonl,bounded_robust_variant,kept_fraction=0.7995
trec_qc,64,0.0,symmetric,trimmed_softmax_logreg,404,384,500,6,0.0,0.618,0.5956342735120485,0.07257771492004395,"{""0"": 64, ""1"": 64, ""2"": 64, ""3"": 64, ""4"": 64, ""5"": 64}",cached_setfit_jsonl,bounded_robust_variant,kept_fraction=0.7995
trec_qc,64,0.0,symmetric,trimmed_softmax_logreg,505,384,500,6,0.0,0.63,0.5988957053728824,0.07497715950012207,"{""0"": 64, ""1"": 64, ""2"": 64, ""3"": 64, ""4"": 64, ""5"": 64}",cached_setfit_jsonl,bounded_robust_variant,kept_fraction=0.7995
trec_qc,64,0.05,class_conditional,linear_svm_hinge,101,384,500,6,0.046875,0.336,0.3781291752323379,0.183060884475708,"{""0"": 64, ""1"": 64, ""2"": 64, ""3"": 64, ""4"": 64, ""5"": 64}",cached_setfit_jsonl,linear_margin,
trec_qc,64,0.05,class_conditional,linear_svm_hinge,202,384,500,6,0.036458333333333336,0.482,0.4990478969484369,0.17811036109924316,"{""0"": 64, ""1"": 64, ""2"": 64, ""3"": 64, ""4"": 64, ""5"": 64}",cached_setfit_jsonl,linear_margin,
trec_qc,64,0.05,class_conditional,linear_svm_hinge,303,384,500,6,0.03125,0.444,0.42330199096719995,0.17475104331970215,"{""0"": 64, ""1"": 64, ""2"": 64, ""3"": 64, ""4"": 64, ""5"": 64}",cached_setfit_jsonl,linear_margin,
trec_qc,64,0.05,class_conditional,linear_svm_hinge,404,384,500,6,0.0546875,0.436,0.45595026031279406,0.16026878356933594,"{""0"": 64, ""1"": 64, ""2"": 64, ""3"": 64, ""4"": 64, ""5"": 64}",cached_setfit_jsonl,linear_margin,
trec_qc,64,0.05,class_conditional,linear_svm_hinge,505,384,500,6,0.03125,0.484,0.5041956632655348,0.17592167854309082,"{""0"": 64, ""1"": 64, ""2"": 64, ""3"": 64, ""4"": 64, ""5"": 64}",cached_setfit_jsonl,linear_margin,
trec_qc,64,0.05,class_conditional,multinomial_nb,101,384,500,6,0.046875,0.458,0.45622218160295097,0.010921955108642578,"{""0"": 64, ""1"": 64, ""2"": 64, ""3"": 64, ""4"": 64, ""5"": 64}",cached_setfit_jsonl,generative_nb,
trec_qc,64,0.05,class_conditional,multinomial_nb,202,384,500,6,0.036458333333333336,0.494,0.492932505630864,0.008324146270751953,"{""0"": 64, ""1"": 64, ""2"": 64, ""3"": 64, ""4"": 64, ""5"": 64}",cached_setfit_jsonl,generative_nb,
trec_qc,64,0.05,class_conditional,multinomial_nb,303,384,500,6,0.03125,0.562,0.5482735683181791,0.007123708724975586,"{""0"": 64, ""1"": 64, ""2"": 64, ""3"": 64, ""4"": 64, ""5"": 64}",cached_setfit_jsonl,generative_nb,
trec_qc,64,0.05,class_conditional,multinomial_nb,404,384,500,6,0.0546875,0.49,0.4767508144094521,0.007543325424194336,"{""0"": 64, ""1"": 64, ""2"": 64, ""3"": 64, ""4"": 64, ""5"": 64}",cached_setfit_jsonl,generative_nb,
trec_qc,64,0.05,class_conditional,multinomial_nb,505,384,500,6,0.03125,0.52,0.5118402233583533,0.010574817657470703,"{""0"": 64, ""1"": 64, ""2"": 64, ""3"": 64, ""4"": 64, ""5"": 64}",cached_setfit_jsonl,generative_nb,
trec_qc,64,0.05,class_conditional,softmax_logreg,101,384,500,6,0.046875,0.438,0.44604333565761434,0.04798102378845215,"{""0"": 64, ""1"": 64, ""2"": 64, ""3"": 64, ""4"": 64, ""5"": 64}",cached_setfit_jsonl,linear_probabilistic,
trec_qc,64,0.05,class_conditional,softmax_logreg,202,384,500,6,0.036458333333333336,0.546,0.5466036564025575,0.06171894073486328,"{""0"": 64, ""1"": 64, ""2"": 64, ""3"": 64, ""4"": 64, ""5"": 64}",cached_setfit_jsonl,linear_probabilistic,
trec_qc,64,0.05,class_conditional,softmax_logreg,303,384,500,6,0.03125,0.65,0.6228029312596822,0.05089759826660156,"{""0"": 64, ""1"": 64, ""2"": 64, ""3"": 64, ""4"": 64, ""5"": 64}",cached_setfit_jsonl,linear_probabilistic,
trec_qc,64,0.05,class_conditional,softmax_logreg,404,384,500,6,0.0546875,0.684,0.6351490023648659,0.045136213302612305,"{""0"": 64, ""1"": 64, ""2"": 64, ""3"": 64, ""4"": 64, ""5"": 64}",cached_setfit_jsonl,linear_probabilistic,
trec_qc,64,0.05,class_conditional,softmax_logreg,505,384,500,6,0.03125,0.51,0.5100244276274782,0.04497933387756348,"{""0"": 64, ""1"": 64, ""2"": 64, ""3"": 64, ""4"": 64, ""5"": 64}",cached_setfit_jsonl,linear_probabilistic,
trec_qc,64,0.05,class_conditional,trimmed_softmax_logreg,101,384,500,6,0.046875,0.448,0.44082370637404855,0.09970951080322266,"{""0"": 64, ""1"": 64, ""2"": 64, ""3"": 64, ""4"": 64, ""5"": 64}",cached_setfit_jsonl,bounded_robust_variant,kept_fraction=0.7995
trec_qc,64,0.05,class_conditional,trimmed_softmax_logreg,202,384,500,6,0.036458333333333336,0.614,0.5739969788536673,0.06204581260681152,"{""0"": 64, ""1"": 64, ""2"": 64, ""3"": 64, ""4"": 64, ""5"": 64}",cached_setfit_jsonl,bounded_robust_variant,kept_fraction=0.7995
trec_qc,64,0.05,class_conditional,trimmed_softmax_logreg,303,384,500,6,0.03125,0.672,0.634338707396097,0.05955386161804199,"{""0"": 64, ""1"": 64, ""2"": 64, ""3"": 64, ""4"": 64, ""5"": 64}",cached_setfit_jsonl,bounded_robust_variant,kept_fraction=0.7995
trec_qc,64,0.05,class_conditional,trimmed_softmax_logreg,404,384,500,6,0.0546875,0.64,0.6264995412695726,0.07209897041320801,"{""0"": 64, ""1"": 64, ""2"": 64, ""3"": 64, ""4"": 64, ""5"": 64}",cached_setfit_jsonl,bounded_robust_variant,kept_fraction=0.7995
trec_qc,64,0.05,class_conditional,trimmed_softmax_logreg,505,384,500,6,0.03125,0.5,0.5231800416090459,0.07135248184204102,"{""0"": 64, ""1"": 64, ""2"": 64, ""3"": 64, ""4"": 64, ""5"": 64}",cached_setfit_jsonl,bounded_robust_variant,kept_fraction=0.7995
trec_qc,64,0.05,symmetric,linear_svm_hinge,101,384,500,6,0.044270833333333336,0.392,0.37604795508702793,0.1816575527191162,"{""0"": 64, ""1"": 64, ""2"": 64, ""3"": 64, ""4"": 64, ""5"": 64}",cached_setfit_jsonl,linear_margin,
trec_qc,64,0.05,symmetric,linear_svm_hinge,202,384,500,6,0.049479166666666664,0.51,0.5149291694425555,0.16607999801635742,"{""0"": 64, ""1"": 64, ""2"": 64, ""3"": 64, ""4"": 64, ""5"": 64}",cached_setfit_jsonl,linear_margin,
trec_qc,64,0.05,symmetric,linear_svm_hinge,303,384,500,6,0.0390625,0.492,0.4874772939227565,0.17480182647705078,"{""0"": 64, ""1"": 64, ""2"": 64, ""3"": 64, ""4"": 64, ""5"": 64}",cached_setfit_jsonl,linear_margin,
trec_qc,64,0.05,symmetric,linear_svm_hinge,404,384,500,6,0.041666666666666664,0.494,0.5080925005935362,0.18804693222045898,"{""0"": 64, ""1"": 64, ""2"": 64, ""3"": 64, ""4"": 64, ""5"": 64}",cached_setfit_jsonl,linear_margin,
trec_qc,64,0.05,symmetric,linear_svm_hinge,505,384,500,6,0.036458333333333336,0.5,0.48241464097862874,0.18332386016845703,"{""0"": 64, ""1"": 64, ""2"": 64, ""3"": 64, ""4"": 64, ""5"": 64}",cached_setfit_jsonl,linear_margin,
trec_qc,64,0.05,symmetric,multinomial_nb,101,384,500,6,0.044270833333333336,0.466,0.4602809150247455,0.01167607307434082,"{""0"": 64, ""1"": 64, ""2"": 64, ""3"": 64, ""4"": 64, ""5"": 64}",cached_setfit_jsonl,generative_nb,
trec_qc,64,0.05,symmetric,multinomial_nb,202,384,500,6,0.049479166666666664,0.522,0.5190064947237667,0.0070819854736328125,"{""0"": 64, ""1"": 64, ""2"": 64, ""3"": 64, ""4"": 64, ""5"": 64}",cached_setfit_jsonl,generative_nb,
trec_qc,64,0.05,symmetric,multinomial_nb,303,384,500,6,0.0390625,0.504,0.48917626464665537,0.013316869735717773,"{""0"": 64, ""1"": 64, ""2"": 64, ""3"": 64, ""4"": 64, ""5"": 64}",cached_setfit_jsonl,generative_nb,
trec_qc,64,0.05,symmetric,multinomial_nb,404,384,500,6,0.041666666666666664,0.484,0.46809526622071546,0.010785818099975586,"{""0"": 64, ""1"": 64, ""2"": 64, ""3"": 64, ""4"": 64, ""5"": 64}",cached_setfit_jsonl,generative_nb,
trec_qc,64,0.05,symmetric,multinomial_nb,505,384,500,6,0.036458333333333336,0.492,0.48105961050822693,0.01143503189086914,"{""0"": 64, ""1"": 64, ""2"": 64, ""3"": 64, ""4"": 64, ""5"": 64}",cached_setfit_jsonl,generative_nb,
trec_qc,64,0.05,symmetric,softmax_logreg,101,384,500,6,0.044270833333333336,0.462,0.4601287626299444,0.04633688926696777,"{""0"": 64, ""1"": 64, ""2"": 64, ""3"": 64, ""4"": 64, ""5"": 64}",cached_setfit_jsonl,linear_probabilistic,
trec_qc,64,0.05,symmetric,softmax_logreg,202,384,500,6,0.049479166666666664,0.522,0.5278783489214093,0.041666507720947266,"{""0"": 64, ""1"": 64, ""2"": 64, ""3"": 64, ""4"": 64, ""5"": 64}",cached_setfit_jsonl,linear_probabilistic,
trec_qc,64,0.05,symmetric,softmax_logreg,303,384,500,6,0.0390625,0.66,0.6213510893305417,0.0540618896484375,"{""0"": 64, ""1"": 64, ""2"": 64, ""3"": 64, ""4"": 64, ""5"": 64}",cached_setfit_jsonl,linear_probabilistic,
trec_qc,64,0.05,symmetric,softmax_logreg,404,384,500,6,0.041666666666666664,0.698,0.645851147784032,0.0538787841796875,"{""0"": 64, ""1"": 64, ""2"": 64, ""3"": 64, ""4"": 64, ""5"": 64}",cached_setfit_jsonl,linear_probabilistic,
trec_qc,64,0.05,symmetric,softmax_logreg,505,384,500,6,0.036458333333333336,0.514,0.5119548060434549,0.05881142616271973,"{""0"": 64, ""1"": 64, ""2"": 64, ""3"": 64, ""4"": 64, ""5"": 64}",cached_setfit_jsonl,linear_probabilistic,
trec_qc,64,0.05,symmetric,trimmed_softmax_logreg,101,384,500,6,0.044270833333333336,0.402,0.3683025024528947,0.07406044006347656,"{""0"": 64, ""1"": 64, ""2"": 64, ""3"": 64, ""4"": 64, ""5"": 64}",cached_setfit_jsonl,bounded_robust_variant,kept_fraction=0.7995
trec_qc,64,0.05,symmetric,trimmed_softmax_logreg,202,384,500,6,0.049479166666666664,0.632,0.5968110043021067,0.060231924057006836,"{""0"": 64, ""1"": 64, ""2"": 64, ""3"": 64, ""4"": 64, ""5"": 64}",cached_setfit_jsonl,bounded_robust_variant,kept_fraction=0.7995
trec_qc,64,0.05,symmetric,trimmed_softmax_logreg,303,384,500,6,0.0390625,0.666,0.6312243774235636,0.06150245666503906,"{""0"": 64, ""1"": 64, ""2"": 64, ""3"": 64, ""4"": 64, ""5"": 64}",cached_setfit_jsonl,bounded_robust_variant,kept_fraction=0.7995
trec_qc,64,0.05,symmetric,trimmed_softmax_logreg,404,384,500,6,0.041666666666666664,0.64,0.6168187755526687,0.07640862464904785,"{""0"": 64, ""1"": 64, ""2"": 64, ""3"": 64, ""4"": 64, ""5"": 64}",cached_setfit_jsonl,bounded_robust_variant,kept_fraction=0.7995
trec_qc,64,0.05,symmetric,trimmed_softmax_logreg,505,384,500,6,0.036458333333333336,0.446,0.4756279679754451,0.06375789642333984,"{""0"": 64, ""1"": 64, ""2"": 64, ""3"": 64, ""4"": 64, ""5"": 64}",cached_setfit_jsonl,bounded_robust_variant,kept_fraction=0.7995
trec_qc,64,0.1,class_conditional,linear_svm_hinge,101,384,500,6,0.09895833333333333,0.454,0.4584192624394598,0.1680741310119629,"{""0"": 64, ""1"": 64, ""2"": 64, ""3"": 64, ""4"": 64, ""5"": 64}",cached_setfit_jsonl,linear_margin,
trec_qc,64,0.1,class_conditional,linear_svm_hinge,202,384,500,6,0.08072916666666667,0.514,0.5365579293344075,0.20548343658447266,"{""0"": 64, ""1"": 64, ""2"": 64, ""3"": 64, ""4"": 64, ""5"": 64}",cached_setfit_jsonl,linear_margin,
trec_qc,64,0.1,class_conditional,linear_svm_hinge,303,384,500,6,0.09895833333333333,0.542,0.5434619452947455,0.1648392677307129,"{""0"": 64, ""1"": 64, ""2"": 64, ""3"": 64, ""4"": 64, ""5"": 64}",cached_setfit_jsonl,linear_margin,
trec_qc,64,0.1,class_conditional,linear_svm_hinge,404,384,500,6,0.10677083333333333,0.464,0.46457692192366923,0.1851186752319336,"{""0"": 64, ""1"": 64, ""2"": 64, ""3"": 64, ""4"": 64, ""5"": 64}",cached_setfit_jsonl,linear_margin,
trec_qc,64,0.1,class_conditional,linear_svm_hinge,505,384,500,6,0.08333333333333333,0.45,0.44411240153407056,0.18968844413757324,"{""0"": 64, ""1"": 64, ""2"": 64, ""3"": 64, ""4"": 64, ""5"": 64}",cached_setfit_jsonl,linear_margin,
trec_qc,64,0.1,class_conditional,multinomial_nb,101,384,500,6,0.09895833333333333,0.448,0.4512688808000347,0.01093149185180664,"{""0"": 64, ""1"": 64, ""2"": 64, ""3"": 64, ""4"": 64, ""5"": 64}",cached_setfit_jsonl,generative_nb,
trec_qc,64,0.1,class_conditional,multinomial_nb,202,384,500,6,0.08072916666666667,0.49,0.48898581496107313,0.010499954223632812,"{""0"": 64, ""1"": 64, ""2"": 64, ""3"": 64, ""4"": 64, ""5"": 64}",cached_setfit_jsonl,generative_nb,
trec_qc,64,0.1,class_conditional,multinomial_nb,303,384,500,6,0.09895833333333333,0.52,0.5127561889026729,0.007089853286743164,"{""0"": 64, ""1"": 64, ""2"": 64, ""3"": 64, ""4"": 64, ""5"": 64}",cached_setfit_jsonl,generative_nb,
trec_qc,64,0.1,class_conditional,multinomial_nb,404,384,500,6,0.10677083333333333,0.486,0.47139797020960117,0.010381460189819336,"{""0"": 64, ""1"": 64, ""2"": 64, ""3"": 64, ""4"": 64, ""5"": 64}",cached_setfit_jsonl,generative_nb,
trec_qc,64,0.1,class_conditional,multinomial_nb,505,384,500,6,0.08333333333333333,0.472,0.4712937423664815,0.008221864700317383,"{""0"": 64, ""1"": 64, ""2"": 64, ""3"": 64, ""4"": 64, ""5"": 64}",cached_setfit_jsonl,generative_nb,
trec_qc,64,0.1,class_conditional,softmax_logreg,101,384,500,6,0.09895833333333333,0.442,0.4535818422764846,0.04429292678833008,"{""0"": 64, ""1"": 64, ""2"": 64, ""3"": 64, ""4"": 64, ""5"": 64}",cached_setfit_jsonl,linear_probabilistic,
trec_qc,64,0.1,class_conditional,softmax_logreg,202,384,500,6,0.08072916666666667,0.532,0.5358963094453,0.0514531135559082,"{""0"": 64, ""1"": 64, ""2"": 64, ""3"": 64, ""4"": 64, ""5"": 64}",cached_setfit_jsonl,linear_probabilistic,
trec_qc,64,0.1,class_conditional,softmax_logreg,303,384,500,6,0.09895833333333333,0.54,0.5481281183934494,0.05402112007141113,"{""0"": 64, ""1"": 64, ""2"": 64, ""3"": 64, ""4"": 64, ""5"": 64}",cached_setfit_jsonl,linear_probabilistic,
trec_qc,64,0.1,class_conditional,softmax_logreg,404,384,500,6,0.10677083333333333,0.678,0.6300620573817212,0.047368526458740234,"{""0"": 64, ""1"": 64, ""2"": 64, ""3"": 64, ""4"": 64, ""5"": 64}",cached_setfit_jsonl,linear_probabilistic,
trec_qc,64,0.1,class_conditional,softmax_logreg,505,384,500,6,0.08333333333333333,0.484,0.4896213807387468,0.04600882530212402,"{""0"": 64, ""1"": 64, ""2"": 64, ""3"": 64, ""4"": 64, ""5"": 64}",cached_setfit_jsonl,linear_probabilistic,
trec_qc,64,0.1,class_conditional,trimmed_softmax_logreg,101,384,500,6,0.09895833333333333,0.446,0.4539457741261251,0.08106827735900879,"{""0"": 64, ""1"": 64, ""2"": 64, ""3"": 64, ""4"": 64, ""5"": 64}",cached_setfit_jsonl,bounded_robust_variant,kept_fraction=0.7995
trec_qc,64,0.1,class_conditional,trimmed_softmax_logreg,202,384,500,6,0.08072916666666667,0.608,0.5817678067527349,0.07076096534729004,"{""0"": 64, ""1"": 64, ""2"": 64, ""3"": 64, ""4"": 64, ""5"": 64}",cached_setfit_jsonl,bounded_robust_variant,kept_fraction=0.7995
trec_qc,64,0.1,class_conditional,trimmed_softmax_logreg,303,384,500,6,0.09895833333333333,0.684,0.6390037682404792,0.06038832664489746,"{""0"": 64, ""1"": 64, ""2"": 64, ""3"": 64, ""4"": 64, ""5"": 64}",cached_setfit_jsonl,bounded_robust_variant,kept_fraction=0.7995
trec_qc,64,0.1,class_conditional,trimmed_softmax_logreg,404,384,500,6,0.10677083333333333,0.626,0.5898231110937349,0.05845332145690918,"{""0"": 64, ""1"": 64, ""2"": 64, ""3"": 64, ""4"": 64, ""5"": 64}",cached_setfit_jsonl,bounded_robust_variant,kept_fraction=0.7995
trec_qc,64,0.1,class_conditional,trimmed_softmax_logreg,505,384,500,6,0.08333333333333333,0.588,0.5716603505938959,0.06277608871459961,"{""0"": 64, ""1"": 64, ""2"": 64, ""3"": 64, ""4"": 64, ""5"": 64}",cached_setfit_jsonl,bounded_robust_variant,kept_fraction=0.7995
trec_qc,64,0.1,symmetric,linear_svm_hinge,101,384,500,6,0.11458333333333333,0.444,0.43458119932685696,0.16382098197937012,"{""0"": 64, ""1"": 64, ""2"": 64, ""3"": 64, ""4"": 64, ""5"": 64}",cached_setfit_jsonl,linear_margin,
trec_qc,64,0.1,symmetric,linear_svm_hinge,202,384,500,6,0.0859375,0.486,0.48958026467622223,0.199965238571167,"{""0"": 64, ""1"": 64, ""2"": 64, ""3"": 64, ""4"": 64, ""5"": 64}",cached_setfit_jsonl,linear_margin,
trec_qc,64,0.1,symmetric,linear_svm_hinge,303,384,500,6,0.09895833333333333,0.416,0.41736331886207817,0.17250561714172363,"{""0"": 64, ""1"": 64, ""2"": 64, ""3"": 64, ""4"": 64, ""5"": 64}",cached_setfit_jsonl,linear_margin,
trec_qc,64,0.1,symmetric,linear_svm_hinge,404,384,500,6,0.09895833333333333,0.596,0.5509565201669758,0.18955087661743164,"{""0"": 64, ""1"": 64, ""2"": 64, ""3"": 64, ""4"": 64, ""5"": 64}",cached_setfit_jsonl,linear_margin,
trec_qc,64,0.1,symmetric,linear_svm_hinge,505,384,500,6,0.07291666666666667,0.432,0.4512431322104067,0.16829204559326172,"{""0"": 64, ""1"": 64, ""2"": 64, ""3"": 64, ""4"": 64, ""5"": 64}",cached_setfit_jsonl,linear_margin,
trec_qc,64,0.1,symmetric,multinomial_nb,101,384,500,6,0.11458333333333333,0.46,0.4476035740131525,0.0133056640625,"{""0"": 64, ""1"": 64, ""2"": 64, ""3"": 64, ""4"": 64, ""5"": 64}",cached_setfit_jsonl,generative_nb,
trec_qc,64,0.1,symmetric,multinomial_nb,202,384,500,6,0.0859375,0.492,0.49036256525812294,0.009840011596679688,"{""0"": 64, ""1"": 64, ""2"": 64, ""3"": 64, ""4"": 64, ""5"": 64}",cached_setfit_jsonl,generative_nb,
trec_qc,64,0.1,symmetric,multinomial_nb,303,384,500,6,0.09895833333333333,0.486,0.4642024141378826,0.011287927627563477,"{""0"": 64, ""1"": 64, ""2"": 64, ""3"": 64, ""4"": 64, ""5"": 64}",cached_setfit_jsonl,generative_nb,
trec_qc,64,0.1,symmetric,multinomial_nb,404,384,500,6,0.09895833333333333,0.622,0.5447118243384812,0.015529394149780273,"{""0"": 64, ""1"": 64, ""2"": 64, ""3"": 64, ""4"": 64, ""5"": 64}",cached_setfit_jsonl,generative_nb,
trec_qc,64,0.1,symmetric,multinomial_nb,505,384,500,6,0.07291666666666667,0.462,0.4568773586495814,0.014664411544799805,"{""0"": 64, ""1"": 64, ""2"": 64, ""3"": 64, ""4"": 64, ""5"": 64}",cached_setfit_jsonl,generative_nb,
trec_qc,64,0.1,symmetric,softmax_logreg,101,384,500,6,0.11458333333333333,0.444,0.4619844742656453,0.06392741203308105,"{""0"": 64, ""1"": 64, ""2"": 64, ""3"": 64, ""4"": 64, ""5"": 64}",cached_setfit_jsonl,linear_probabilistic,
trec_qc,64,0.1,symmetric,softmax_logreg,202,384,500,6,0.0859375,0.554,0.5523886520037136,0.06626439094543457,"{""0"": 64, ""1"": 64, ""2"": 64, ""3"": 64, ""4"": 64, ""5"": 64}",cached_setfit_jsonl,linear_probabilistic,
trec_qc,64,0.1,symmetric,softmax_logreg,303,384,500,6,0.09895833333333333,0.654,0.615123751844468,0.05693316459655762,"{""0"": 64, ""1"": 64, ""2"": 64, ""3"": 64, ""4"": 64, ""5"": 64}",cached_setfit_jsonl,linear_probabilistic,
trec_qc,64,0.1,symmetric,softmax_logreg,404,384,500,6,0.09895833333333333,0.65,0.6058720521972163,0.0524907112121582,"{""0"": 64, ""1"": 64, ""2"": 64, ""3"": 64, ""4"": 64, ""5"": 64}",cached_setfit_jsonl,linear_probabilistic,
trec_qc,64,0.1,symmetric,softmax_logreg,505,384,500,6,0.07291666666666667,0.468,0.46632105315231215,0.04985761642456055,"{""0"": 64, ""1"": 64, ""2"": 64, ""3"": 64, ""4"": 64, ""5"": 64}",cached_setfit_jsonl,linear_probabilistic,
trec_qc,64,0.1,symmetric,trimmed_softmax_logreg,101,384,500,6,0.11458333333333333,0.382,0.4140221821755505,0.0985105037689209,"{""0"": 64, ""1"": 64, ""2"": 64, ""3"": 64, ""4"": 64, ""5"": 64}",cached_setfit_jsonl,bounded_robust_variant,kept_fraction=0.7995
trec_qc,64,0.1,symmetric,trimmed_softmax_logreg,202,384,500,6,0.0859375,0.636,0.6034429567959793,0.08362603187561035,"{""0"": 64, ""1"": 64, ""2"": 64, ""3"": 64, ""4"": 64, ""5"": 64}",cached_setfit_jsonl,bounded_robust_variant,kept_fraction=0.7995
trec_qc,64,0.1,symmetric,trimmed_softmax_logreg,303,384,500,6,0.09895833333333333,0.628,0.5560088391702385,0.07550716400146484,"{""0"": 64, ""1"": 64, ""2"": 64, ""3"": 64, ""4"": 64, ""5"": 64}",cached_setfit_jsonl,bounded_robust_variant,kept_fraction=0.7995
trec_qc,64,0.1,symmetric,trimmed_softmax_logreg,404,384,500,6,0.09895833333333333,0.59,0.5364989906822741,0.06107950210571289,"{""0"": 64, ""1"": 64, ""2"": 64, ""3"": 64, ""4"": 64, ""5"": 64}",cached_setfit_jsonl,bounded_robust_variant,kept_fraction=0.7995
trec_qc,64,0.1,symmetric,trimmed_softmax_logreg,505,384,500,6,0.07291666666666667,0.55,0.5138657148478956,0.06540322303771973,"{""0"": 64, ""1"": 64, ""2"": 64, ""3"": 64, ""4"": 64, ""5"": 64}",cached_setfit_jsonl,bounded_robust_variant,kept_fraction=0.7995
trec_qc,64,0.2,class_conditional,linear_svm_hinge,101,384,500,6,0.203125,0.392,0.40735496433861046,0.18155503273010254,"{""0"": 64, ""1"": 64, ""2"": 64, ""3"": 64, ""4"": 64, ""5"": 64}",cached_setfit_jsonl,linear_margin,
trec_qc,64,0.2,class_conditional,linear_svm_hinge,202,384,500,6,0.18229166666666666,0.406,0.3907343402062378,0.23870158195495605,"{""0"": 64, ""1"": 64, ""2"": 64, ""3"": 64, ""4"": 64, ""5"": 64}",cached_setfit_jsonl,linear_margin,
trec_qc,64,0.2,class_conditional,linear_svm_hinge,303,384,500,6,0.20572916666666666,0.418,0.4275619866548444,0.18416428565979004,"{""0"": 64, ""1"": 64, ""2"": 64, ""3"": 64, ""4"": 64, ""5"": 64}",cached_setfit_jsonl,linear_margin,
trec_qc,64,0.2,class_conditional,linear_svm_hinge,404,384,500,6,0.22135416666666666,0.56,0.47742127329829204,0.20694613456726074,"{""0"": 64, ""1"": 64, ""2"": 64, ""3"": 64, ""4"": 64, ""5"": 64}",cached_setfit_jsonl,linear_margin,
trec_qc,64,0.2,class_conditional,linear_svm_hinge,505,384,500,6,0.18489583333333334,0.442,0.448207692892362,0.1681077480316162,"{""0"": 64, ""1"": 64, ""2"": 64, ""3"": 64, ""4"": 64, ""5"": 64}",cached_setfit_jsonl,linear_margin,
trec_qc,64,0.2,class_conditional,multinomial_nb,101,384,500,6,0.203125,0.398,0.4092020121447924,0.01108241081237793,"{""0"": 64, ""1"": 64, ""2"": 64, ""3"": 64, ""4"": 64, ""5"": 64}",cached_setfit_jsonl,generative_nb,
trec_qc,64,0.2,class_conditional,multinomial_nb,202,384,500,6,0.18229166666666666,0.462,0.4615034540160588,0.007938623428344727,"{""0"": 64, ""1"": 64, ""2"": 64, ""3"": 64, ""4"": 64, ""5"": 64}",cached_setfit_jsonl,generative_nb,
trec_qc,64,0.2,class_conditional,multinomial_nb,303,384,500,6,0.20572916666666666,0.44,0.43678278579527313,0.007824182510375977,"{""0"": 64, ""1"": 64, ""2"": 64, ""3"": 64, ""4"": 64, ""5"": 64}",cached_setfit_jsonl,generative_nb,
trec_qc,64,0.2,class_conditional,multinomial_nb,404,384,500,6,0.22135416666666666,0.6,0.5376133467817935,0.010603666305541992,"{""0"": 64, ""1"": 64, ""2"": 64, ""3"": 64, ""4"": 64, ""5"": 64}",cached_setfit_jsonl,generative_nb,
trec_qc,64,0.2,class_conditional,multinomial_nb,505,384,500,6,0.18489583333333334,0.41,0.4111165998970696,0.008420228958129883,"{""0"": 64, ""1"": 64, ""2"": 64, ""3"": 64, ""4"": 64, ""5"": 64}",cached_setfit_jsonl,generative_nb,
trec_qc,64,0.2,class_conditional,softmax_logreg,101,384,500,6,0.203125,0.452,0.4545525644732995,0.04311966896057129,"{""0"": 64, ""1"": 64, ""2"": 64, ""3"": 64, ""4"": 64, ""5"": 64}",cached_setfit_jsonl,linear_probabilistic,
trec_qc,64,0.2,class_conditional,softmax_logreg,202,384,500,6,0.18229166666666666,0.672,0.62344514290649,0.047206878662109375,"{""0"": 64, ""1"": 64, ""2"": 64, ""3"": 64, ""4"": 64, ""5"": 64}",cached_setfit_jsonl,linear_probabilistic,
trec_qc,64,0.2,class_conditional,softmax_logreg,303,384,500,6,0.20572916666666666,0.44,0.45867139826968656,0.04973173141479492,"{""0"": 64, ""1"": 64, ""2"": 64, ""3"": 64, ""4"": 64, ""5"": 64}",cached_setfit_jsonl,linear_probabilistic,
trec_qc,64,0.2,class_conditional,softmax_logreg,404,384,500,6,0.22135416666666666,0.602,0.5625263511495447,0.0604860782623291,"{""0"": 64, ""1"": 64, ""2"": 64, ""3"": 64, ""4"": 64, ""5"": 64}",cached_setfit_jsonl,linear_probabilistic,
trec_qc,64,0.2,class_conditional,softmax_logreg,505,384,500,6,0.18489583333333334,0.438,0.43247661819277955,0.0522913932800293,"{""0"": 64, ""1"": 64, ""2"": 64, ""3"": 64, ""4"": 64, ""5"": 64}",cached_setfit_jsonl,linear_probabilistic,
trec_qc,64,0.2,class_conditional,trimmed_softmax_logreg,101,384,500,6,0.203125,0.436,0.4588196415985181,0.09427046775817871,"{""0"": 64, ""1"": 64, ""2"": 64, ""3"": 64, ""4"": 64, ""5"": 64}",cached_setfit_jsonl,bounded_robust_variant,kept_fraction=0.7995
trec_qc,64,0.2,class_conditional,trimmed_softmax_logreg,202,384,500,6,0.18229166666666666,0.6,0.5751256790493763,0.06053566932678223,"{""0"": 64, ""1"": 64, ""2"": 64, ""3"": 64, ""4"": 64, ""5"": 64}",cached_setfit_jsonl,bounded_robust_variant,kept_fraction=0.7995
trec_qc,64,0.2,class_conditional,trimmed_softmax_logreg,303,384,500,6,0.20572916666666666,0.552,0.5305603978903518,0.0708470344543457,"{""0"": 64, ""1"": 64, ""2"": 64, ""3"": 64, ""4"": 64, ""5"": 64}",cached_setfit_jsonl,bounded_robust_variant,kept_fraction=0.7995
trec_qc,64,0.2,class_conditional,trimmed_softmax_logreg,404,384,500,6,0.22135416666666666,0.522,0.4862252613489966,0.07417917251586914,"{""0"": 64, ""1"": 64, ""2"": 64, ""3"": 64, ""4"": 64, ""5"": 64}",cached_setfit_jsonl,bounded_robust_variant,kept_fraction=0.7995
trec_qc,64,0.2,class_conditional,trimmed_softmax_logreg,505,384,500,6,0.18489583333333334,0.564,0.524597729918334,0.07894444465637207,"{""0"": 64, ""1"": 64, ""2"": 64, ""3"": 64, ""4"": 64, ""5"": 64}",cached_setfit_jsonl,bounded_robust_variant,kept_fraction=0.7995
trec_qc,64,0.2,symmetric,linear_svm_hinge,101,384,500,6,0.22135416666666666,0.398,0.35293569968006766,0.19683599472045898,"{""0"": 64, ""1"": 64, ""2"": 64, ""3"": 64, ""4"": 64, ""5"": 64}",cached_setfit_jsonl,linear_margin,
trec_qc,64,0.2,symmetric,linear_svm_hinge,202,384,500,6,0.21354166666666666,0.456,0.4326465529926791,0.23292899131774902,"{""0"": 64, ""1"": 64, ""2"": 64, ""3"": 64, ""4"": 64, ""5"": 64}",cached_setfit_jsonl,linear_margin,
trec_qc,64,0.2,symmetric,linear_svm_hinge,303,384,500,6,0.18489583333333334,0.458,0.4573537648424327,0.18761849403381348,"{""0"": 64, ""1"": 64, ""2"": 64, ""3"": 64, ""4"": 64, ""5"": 64}",cached_setfit_jsonl,linear_margin,
trec_qc,64,0.2,symmetric,linear_svm_hinge,404,384,500,6,0.2109375,0.65,0.5842572061915091,0.22264671325683594,"{""0"": 64, ""1"": 64, ""2"": 64, ""3"": 64, ""4"": 64, ""5"": 64}",cached_setfit_jsonl,linear_margin,
trec_qc,64,0.2,symmetric,linear_svm_hinge,505,384,500,6,0.1875,0.36,0.42102547621985953,0.20462346076965332,"{""0"": 64, ""1"": 64, ""2"": 64, ""3"": 64, ""4"": 64, ""5"": 64}",cached_setfit_jsonl,linear_margin,
trec_qc,64,0.2,symmetric,multinomial_nb,101,384,500,6,0.22135416666666666,0.38,0.3749575417012427,0.009529352188110352,"{""0"": 64, ""1"": 64, ""2"": 64, ""3"": 64, ""4"": 64, ""5"": 64}",cached_setfit_jsonl,generative_nb,
trec_qc,64,0.2,symmetric,multinomial_nb,202,384,500,6,0.21354166666666666,0.464,0.44767889282134204,0.010694026947021484,"{""0"": 64, ""1"": 64, ""2"": 64, ""3"": 64, ""4"": 64, ""5"": 64}",cached_setfit_jsonl,generative_nb,
trec_qc,64,0.2,symmetric,multinomial_nb,303,384,500,6,0.18489583333333334,0.46,0.4463600243409355,0.010859251022338867,"{""0"": 64, ""1"": 64, ""2"": 64, ""3"": 64, ""4"": 64, ""5"": 64}",cached_setfit_jsonl,generative_nb,
trec_qc,64,0.2,symmetric,multinomial_nb,404,384,500,6,0.2109375,0.41,0.4004035050423393,0.010925769805908203,"{""0"": 64, ""1"": 64, ""2"": 64, ""3"": 64, ""4"": 64, ""5"": 64}",cached_setfit_jsonl,generative_nb,
trec_qc,64,0.2,symmetric,multinomial_nb,505,384,500,6,0.1875,0.42,0.41975446253962506,0.00906682014465332,"{""0"": 64, ""1"": 64, ""2"": 64, ""3"": 64, ""4"": 64, ""5"": 64}",cached_setfit_jsonl,generative_nb,
trec_qc,64,0.2,symmetric,softmax_logreg,101,384,500,6,0.22135416666666666,0.42,0.4166465613176243,0.04793381690979004,"{""0"": 64, ""1"": 64, ""2"": 64, ""3"": 64, ""4"": 64, ""5"": 64}",cached_setfit_jsonl,linear_probabilistic,
trec_qc,64,0.2,symmetric,softmax_logreg,202,384,500,6,0.21354166666666666,0.488,0.4766403610384213,0.048325300216674805,"{""0"": 64, ""1"": 64, ""2"": 64, ""3"": 64, ""4"": 64, ""5"": 64}",cached_setfit_jsonl,linear_probabilistic,
trec_qc,64,0.2,symmetric,softmax_logreg,303,384,500,6,0.18489583333333334,0.478,0.46898351866287763,0.0473322868347168,"{""0"": 64, ""1"": 64, ""2"": 64, ""3"": 64, ""4"": 64, ""5"": 64}",cached_setfit_jsonl,linear_probabilistic,
trec_qc,64,0.2,symmetric,softmax_logreg,404,384,500,6,0.2109375,0.59,0.5589517491898897,0.042664527893066406,"{""0"": 64, ""1"": 64, ""2"": 64, ""3"": 64, ""4"": 64, ""5"": 64}",cached_setfit_jsonl,linear_probabilistic,
trec_qc,64,0.2,symmetric,softmax_logreg,505,384,500,6,0.1875,0.444,0.4546984441686545,0.04786801338195801,"{""0"": 64, ""1"": 64, ""2"": 64, ""3"": 64, ""4"": 64, ""5"": 64}",cached_setfit_jsonl,linear_probabilistic,
trec_qc,64,0.2,symmetric,trimmed_softmax_logreg,101,384,500,6,0.22135416666666666,0.436,0.422427121958519,0.09732842445373535,"{""0"": 64, ""1"": 64, ""2"": 64, ""3"": 64, ""4"": 64, ""5"": 64}",cached_setfit_jsonl,bounded_robust_variant,kept_fraction=0.7995
trec_qc,64,0.2,symmetric,trimmed_softmax_logreg,202,384,500,6,0.21354166666666666,0.484,0.47337589258708607,0.06830239295959473,"{""0"": 64, ""1"": 64, ""2"": 64, ""3"": 64, ""4"": 64, ""5"": 64}",cached_setfit_jsonl,bounded_robust_variant,kept_fraction=0.7995
trec_qc,64,0.2,symmetric,trimmed_softmax_logreg,303,384,500,6,0.18489583333333334,0.44,0.3991373283694702,0.06838202476501465,"{""0"": 64, ""1"": 64, ""2"": 64, ""3"": 64, ""4"": 64, ""5"": 64}",cached_setfit_jsonl,bounded_robust_variant,kept_fraction=0.8021
trec_qc,64,0.2,symmetric,trimmed_softmax_logreg,404,384,500,6,0.2109375,0.55,0.5200549123848929,0.05930495262145996,"{""0"": 64, ""1"": 64, ""2"": 64, ""3"": 64, ""4"": 64, ""5"": 64}",cached_setfit_jsonl,bounded_robust_variant,kept_fraction=0.7995
trec_qc,64,0.2,symmetric,trimmed_softmax_logreg,505,384,500,6,0.1875,0.424,0.41689782129186,0.09194135665893555,"{""0"": 64, ""1"": 64, ""2"": 64, ""3"": 64, ""4"": 64, ""5"": 64}",cached_setfit_jsonl,bounded_robust_variant,kept_fraction=0.7995
trec_qc,64,0.3,class_conditional,linear_svm_hinge,101,384,500,6,0.2916666666666667,0.332,0.3538918211892735,0.223435640335083,"{""0"": 64, ""1"": 64, ""2"": 64, ""3"": 64, ""4"": 64, ""5"": 64}",cached_setfit_jsonl,linear_margin,
trec_qc,64,0.3,class_conditional,linear_svm_hinge,202,384,500,6,0.2786458333333333,0.502,0.5063439117126967,0.24606609344482422,"{""0"": 64, ""1"": 64, ""2"": 64, ""3"": 64, ""4"": 64, ""5"": 64}",cached_setfit_jsonl,linear_margin,
trec_qc,64,0.3,class_conditional,linear_svm_hinge,303,384,500,6,0.3125,0.598,0.5713190972923198,0.1837143898010254,"{""0"": 64, ""1"": 64, ""2"": 64, ""3"": 64, ""4"": 64, ""5"": 64}",cached_setfit_jsonl,linear_margin,
trec_qc,64,0.3,class_conditional,linear_svm_hinge,404,384,500,6,0.3203125,0.438,0.44156357830773524,0.1940767765045166,"{""0"": 64, ""1"": 64, ""2"": 64, ""3"": 64, ""4"": 64, ""5"": 64}",cached_setfit_jsonl,linear_margin,
trec_qc,64,0.3,class_conditional,linear_svm_hinge,505,384,500,6,0.2838541666666667,0.572,0.5300051187481807,0.19439911842346191,"{""0"": 64, ""1"": 64, ""2"": 64, ""3"": 64, ""4"": 64, ""5"": 64}",cached_setfit_jsonl,linear_margin,
trec_qc,64,0.3,class_conditional,multinomial_nb,101,384,500,6,0.2916666666666667,0.358,0.3618326201907312,0.011336803436279297,"{""0"": 64, ""1"": 64, ""2"": 64, ""3"": 64, ""4"": 64, ""5"": 64}",cached_setfit_jsonl,generative_nb,
trec_qc,64,0.3,class_conditional,multinomial_nb,202,384,500,6,0.2786458333333333,0.438,0.4413992795926167,0.010860919952392578,"{""0"": 64, ""1"": 64, ""2"": 64, ""3"": 64, ""4"": 64, ""5"": 64}",cached_setfit_jsonl,generative_nb,
trec_qc,64,0.3,class_conditional,multinomial_nb,303,384,500,6,0.3125,0.406,0.40862302831264885,0.010605096817016602,"{""0"": 64, ""1"": 64, ""2"": 64, ""3"": 64, ""4"": 64, ""5"": 64}",cached_setfit_jsonl,generative_nb,
trec_qc,64,0.3,class_conditional,multinomial_nb,404,384,500,6,0.3203125,0.386,0.3821391532368826,0.010976076126098633,"{""0"": 64, ""1"": 64, ""2"": 64, ""3"": 64, ""4"": 64, ""5"": 64}",cached_setfit_jsonl,generative_nb,
trec_qc,64,0.3,class_conditional,multinomial_nb,505,384,500,6,0.2838541666666667,0.402,0.395043842339368,0.010652303695678711,"{""0"": 64, ""1"": 64, ""2"": 64, ""3"": 64, ""4"": 64, ""5"": 64}",cached_setfit_jsonl,generative_nb,
trec_qc,64,0.3,class_conditional,softmax_logreg,101,384,500,6,0.2916666666666667,0.402,0.41120833381412875,0.05497908592224121,"{""0"": 64, ""1"": 64, ""2"": 64, ""3"": 64, ""4"": 64, ""5"": 64}",cached_setfit_jsonl,linear_probabilistic,
trec_qc,64,0.3,class_conditional,softmax_logreg,202,384,500,6,0.2786458333333333,0.47,0.48141705196936807,0.05265951156616211,"{""0"": 64, ""1"": 64, ""2"": 64, ""3"": 64, ""4"": 64, ""5"": 64}",cached_setfit_jsonl,linear_probabilistic,
trec_qc,64,0.3,class_conditional,softmax_logreg,303,384,500,6,0.3125,0.422,0.4382433940502861,0.04748058319091797,"{""0"": 64, ""1"": 64, ""2"": 64, ""3"": 64, ""4"": 64, ""5"": 64}",cached_setfit_jsonl,linear_probabilistic,
trec_qc,64,0.3,class_conditional,softmax_logreg,404,384,500,6,0.3203125,0.428,0.43572605438812323,0.0515139102935791,"{""0"": 64, ""1"": 64, ""2"": 64, ""3"": 64, ""4"": 64, ""5"": 64}",cached_setfit_jsonl,linear_probabilistic,
trec_qc,64,0.3,class_conditional,softmax_logreg,505,384,500,6,0.2838541666666667,0.436,0.42185583792774145,0.061287641525268555,"{""0"": 64, ""1"": 64, ""2"": 64, ""3"": 64, ""4"": 64, ""5"": 64}",cached_setfit_jsonl,linear_probabilistic,
trec_qc,64,0.3,class_conditional,trimmed_softmax_logreg,101,384,500,6,0.2916666666666667,0.438,0.46572041264094716,0.07508563995361328,"{""0"": 64, ""1"": 64, ""2"": 64, ""3"": 64, ""4"": 64, ""5"": 64}",cached_setfit_jsonl,bounded_robust_variant,kept_fraction=0.7995
trec_qc,64,0.3,class_conditional,trimmed_softmax_logreg,202,384,500,6,0.2786458333333333,0.4,0.41595228868508394,0.06772422790527344,"{""0"": 64, ""1"": 64, ""2"": 64, ""3"": 64, ""4"": 64, ""5"": 64}",cached_setfit_jsonl,bounded_robust_variant,kept_fraction=0.7995
trec_qc,64,0.3,class_conditional,trimmed_softmax_logreg,303,384,500,6,0.3125,0.456,0.4740149540018916,0.06177997589111328,"{""0"": 64, ""1"": 64, ""2"": 64, ""3"": 64, ""4"": 64, ""5"": 64}",cached_setfit_jsonl,bounded_robust_variant,kept_fraction=0.7995
trec_qc,64,0.3,class_conditional,trimmed_softmax_logreg,404,384,500,6,0.3203125,0.402,0.44902693691678874,0.06093764305114746,"{""0"": 64, ""1"": 64, ""2"": 64, ""3"": 64, ""4"": 64, ""5"": 64}",cached_setfit_jsonl,bounded_robust_variant,kept_fraction=0.7995
trec_qc,64,0.3,class_conditional,trimmed_softmax_logreg,505,384,500,6,0.2838541666666667,0.558,0.5297423634783212,0.06117963790893555,"{""0"": 64, ""1"": 64, ""2"": 64, ""3"": 64, ""4"": 64, ""5"": 64}",cached_setfit_jsonl,bounded_robust_variant,kept_fraction=0.7995
trec_qc,64,0.3,symmetric,linear_svm_hinge,101,384,500,6,0.3072916666666667,0.442,0.44046734209093713,0.18551301956176758,"{""0"": 64, ""1"": 64, ""2"": 64, ""3"": 64, ""4"": 64, ""5"": 64}",cached_setfit_jsonl,linear_margin,
trec_qc,64,0.3,symmetric,linear_svm_hinge,202,384,500,6,0.296875,0.526,0.5451634121688932,0.1956803798675537,"{""0"": 64, ""1"": 64, ""2"": 64, ""3"": 64, ""4"": 64, ""5"": 64}",cached_setfit_jsonl,linear_margin,
trec_qc,64,0.3,symmetric,linear_svm_hinge,303,384,500,6,0.296875,0.526,0.44471331978290407,0.15847015380859375,"{""0"": 64, ""1"": 64, ""2"": 64, ""3"": 64, ""4"": 64, ""5"": 64}",cached_setfit_jsonl,linear_margin,
trec_qc,64,0.3,symmetric,linear_svm_hinge,404,384,500,6,0.296875,0.386,0.3853109734704226,0.18834996223449707,"{""0"": 64, ""1"": 64, ""2"": 64, ""3"": 64, ""4"": 64, ""5"": 64}",cached_setfit_jsonl,linear_margin,
trec_qc,64,0.3,symmetric,linear_svm_hinge,505,384,500,6,0.3151041666666667,0.462,0.46079127440366524,0.20160889625549316,"{""0"": 64, ""1"": 64, ""2"": 64, ""3"": 64, ""4"": 64, ""5"": 64}",cached_setfit_jsonl,linear_margin,
trec_qc,64,0.3,symmetric,multinomial_nb,101,384,500,6,0.3072916666666667,0.388,0.3892000597631831,0.007997512817382812,"{""0"": 64, ""1"": 64, ""2"": 64, ""3"": 64, ""4"": 64, ""5"": 64}",cached_setfit_jsonl,generative_nb,
trec_qc,64,0.3,symmetric,multinomial_nb,202,384,500,6,0.296875,0.456,0.4450722172111096,0.007327079772949219,"{""0"": 64, ""1"": 64, ""2"": 64, ""3"": 64, ""4"": 64, ""5"": 64}",cached_setfit_jsonl,generative_nb,
trec_qc,64,0.3,symmetric,multinomial_nb,303,384,500,6,0.296875,0.62,0.5638199473591374,0.007237672805786133,"{""0"": 64, ""1"": 64, ""2"": 64, ""3"": 64, ""4"": 64, ""5"": 64}",cached_setfit_jsonl,generative_nb,
trec_qc,64,0.3,symmetric,multinomial_nb,404,384,500,6,0.296875,0.564,0.5294565602855473,0.011176347732543945,"{""0"": 64, ""1"": 64, ""2"": 64, ""3"": 64, ""4"": 64, ""5"": 64}",cached_setfit_jsonl,generative_nb,
trec_qc,64,0.3,symmetric,multinomial_nb,505,384,500,6,0.3151041666666667,0.41,0.39850762087971975,0.01497197151184082,"{""0"": 64, ""1"": 64, ""2"": 64, ""3"": 64, ""4"": 64, ""5"": 64}",cached_setfit_jsonl,generative_nb,
trec_qc,64,0.3,symmetric,softmax_logreg,101,384,500,6,0.3072916666666667,0.46,0.46100390219139104,0.04586911201477051,"{""0"": 64, ""1"": 64, ""2"": 64, ""3"": 64, ""4"": 64, ""5"": 64}",cached_setfit_jsonl,linear_probabilistic,
trec_qc,64,0.3,symmetric,softmax_logreg,202,384,500,6,0.296875,0.49,0.4922070636925098,0.06100893020629883,"{""0"": 64, ""1"": 64, ""2"": 64, ""3"": 64, ""4"": 64, ""5"": 64}",cached_setfit_jsonl,linear_probabilistic,
trec_qc,64,0.3,symmetric,softmax_logreg,303,384,500,6,0.296875,0.626,0.5746808765205932,0.050405263900756836,"{""0"": 64, ""1"": 64, ""2"": 64, ""3"": 64, ""4"": 64, ""5"": 64}",cached_setfit_jsonl,linear_probabilistic,
trec_qc,64,0.3,symmetric,softmax_logreg,404,384,500,6,0.296875,0.614,0.5899029752519732,0.052164316177368164,"{""0"": 64, ""1"": 64, ""2"": 64, ""3"": 64, ""4"": 64, ""5"": 64}",cached_setfit_jsonl,linear_probabilistic,
trec_qc,64,0.3,symmetric,softmax_logreg,505,384,500,6,0.3151041666666667,0.476,0.4601597011153127,0.04986000061035156,"{""0"": 64, ""1"": 64, ""2"": 64, ""3"": 64, ""4"": 64, ""5"": 64}",cached_setfit_jsonl,linear_probabilistic,
trec_qc,64,0.3,symmetric,trimmed_softmax_logreg,101,384,500,6,0.3072916666666667,0.48,0.46721942639541725,0.07669401168823242,"{""0"": 64, ""1"": 64, ""2"": 64, ""3"": 64, ""4"": 64, ""5"": 64}",cached_setfit_jsonl,bounded_robust_variant,kept_fraction=0.7995
trec_qc,64,0.3,symmetric,trimmed_softmax_logreg,202,384,500,6,0.296875,0.476,0.47784807180167327,0.06903266906738281,"{""0"": 64, ""1"": 64, ""2"": 64, ""3"": 64, ""4"": 64, ""5"": 64}",cached_setfit_jsonl,bounded_robust_variant,kept_fraction=0.7995
trec_qc,64,0.3,symmetric,trimmed_softmax_logreg,303,384,500,6,0.296875,0.606,0.5719060053889247,0.05855870246887207,"{""0"": 64, ""1"": 64, ""2"": 64, ""3"": 64, ""4"": 64, ""5"": 64}",cached_setfit_jsonl,bounded_robust_variant,kept_fraction=0.7995
trec_qc,64,0.3,symmetric,trimmed_softmax_logreg,404,384,500,6,0.296875,0.594,0.5907988686878848,0.0635535717010498,"{""0"": 64, ""1"": 64, ""2"": 64, ""3"": 64, ""4"": 64, ""5"": 64}",cached_setfit_jsonl,bounded_robust_variant,kept_fraction=0.7995
trec_qc,64,0.3,symmetric,trimmed_softmax_logreg,505,384,500,6,0.3151041666666667,0.604,0.5821660182967595,0.07848310470581055,"{""0"": 64, ""1"": 64, ""2"": 64, ""3"": 64, ""4"": 64, ""5"": 64}",cached_setfit_jsonl,bounded_robust_variant,kept_fraction=0.7995
trec_qc,128,0.0,class_conditional,linear_svm_hinge,101,726,500,6,0.0,0.532,0.49795656843820785,0.7095637321472168,"{""0"": 128, ""1"": 128, ""2"": 86, ""3"": 128, ""4"": 128, ""5"": 128}",cached_setfit_jsonl,linear_margin,
trec_qc,128,0.0,class_conditional,linear_svm_hinge,202,726,500,6,0.0,0.574,0.5786227755372663,0.7359390258789062,"{""0"": 128, ""1"": 128, ""2"": 86, ""3"": 128, ""4"": 128, ""5"": 128}",cached_setfit_jsonl,linear_margin,
trec_qc,128,0.0,class_conditional,linear_svm_hinge,303,726,500,6,0.0,0.494,0.454066024041515,0.7191462516784668,"{""0"": 128, ""1"": 128, ""2"": 86, ""3"": 128, ""4"": 128, ""5"": 128}",cached_setfit_jsonl,linear_margin,
trec_qc,128,0.0,class_conditional,linear_svm_hinge,404,726,500,6,0.0,0.702,0.6171986272405234,0.7032203674316406,"{""0"": 128, ""1"": 128, ""2"": 86, ""3"": 128, ""4"": 128, ""5"": 128}",cached_setfit_jsonl,linear_margin,
trec_qc,128,0.0,class_conditional,linear_svm_hinge,505,726,500,6,0.0,0.506,0.500567965080671,0.7994406223297119,"{""0"": 128, ""1"": 128, ""2"": 86, ""3"": 128, ""4"": 128, ""5"": 128}",cached_setfit_jsonl,linear_margin,
trec_qc,128,0.0,class_conditional,multinomial_nb,101,726,500,6,0.0,0.702,0.6531729337524786,0.01908135414123535,"{""0"": 128, ""1"": 128, ""2"": 86, ""3"": 128, ""4"": 128, ""5"": 128}",cached_setfit_jsonl,generative_nb,
trec_qc,128,0.0,class_conditional,multinomial_nb,202,726,500,6,0.0,0.72,0.6735597093619994,0.018850088119506836,"{""0"": 128, ""1"": 128, ""2"": 86, ""3"": 128, ""4"": 128, ""5"": 128}",cached_setfit_jsonl,generative_nb,
trec_qc,128,0.0,class_conditional,multinomial_nb,303,726,500,6,0.0,0.696,0.656231528090303,0.01903057098388672,"{""0"": 128, ""1"": 128, ""2"": 86, ""3"": 128, ""4"": 128, ""5"": 128}",cached_setfit_jsonl,generative_nb,
trec_qc,128,0.0,class_conditional,multinomial_nb,404,726,500,6,0.0,0.72,0.6629163884937181,0.01949334144592285,"{""0"": 128, ""1"": 128, ""2"": 86, ""3"": 128, ""4"": 128, ""5"": 128}",cached_setfit_jsonl,generative_nb,
trec_qc,128,0.0,class_conditional,multinomial_nb,505,726,500,6,0.0,0.672,0.6426846985134339,0.019793987274169922,"{""0"": 128, ""1"": 128, ""2"": 86, ""3"": 128, ""4"": 128, ""5"": 128}",cached_setfit_jsonl,generative_nb,
trec_qc,128,0.0,class_conditional,softmax_logreg,101,726,500,6,0.0,0.724,0.682443327289986,0.19757628440856934,"{""0"": 128, ""1"": 128, ""2"": 86, ""3"": 128, ""4"": 128, ""5"": 128}",cached_setfit_jsonl,linear_probabilistic,
trec_qc,128,0.0,class_conditional,softmax_logreg,202,726,500,6,0.0,0.582,0.6054554816950412,0.1268298625946045,"{""0"": 128, ""1"": 128, ""2"": 86, ""3"": 128, ""4"": 128, ""5"": 128}",cached_setfit_jsonl,linear_probabilistic,
trec_qc,128,0.0,class_conditional,softmax_logreg,303,726,500,6,0.0,0.708,0.6821673209276854,0.18593215942382812,"{""0"": 128, ""1"": 128, ""2"": 86, ""3"": 128, ""4"": 128, ""5"": 128}",cached_setfit_jsonl,linear_probabilistic,
trec_qc,128,0.0,class_conditional,softmax_logreg,404,726,500,6,0.0,0.68,0.656872078179131,0.15069580078125,"{""0"": 128, ""1"": 128, ""2"": 86, ""3"": 128, ""4"": 128, ""5"": 128}",cached_setfit_jsonl,linear_probabilistic,
trec_qc,128,0.0,class_conditional,softmax_logreg,505,726,500,6,0.0,0.672,0.6502525068060147,0.11365628242492676,"{""0"": 128, ""1"": 128, ""2"": 86, ""3"": 128, ""4"": 128, ""5"": 128}",cached_setfit_jsonl,linear_probabilistic,
trec_qc,128,0.0,class_conditional,trimmed_softmax_logreg,101,726,500,6,0.0,0.69,0.6592107392815343,0.17387914657592773,"{""0"": 128, ""1"": 128, ""2"": 86, ""3"": 128, ""4"": 128, ""5"": 128}",cached_setfit_jsonl,bounded_robust_variant,kept_fraction=0.8003
trec_qc,128,0.0,class_conditional,trimmed_softmax_logreg,202,726,500,6,0.0,0.574,0.6382193696417346,0.15604066848754883,"{""0"": 128, ""1"": 128, ""2"": 86, ""3"": 128, ""4"": 128, ""5"": 128}",cached_setfit_jsonl,bounded_robust_variant,kept_fraction=0.8003
trec_qc,128,0.0,class_conditional,trimmed_softmax_logreg,303,726,500,6,0.0,0.702,0.6960722462366035,0.14258122444152832,"{""0"": 128, ""1"": 128, ""2"": 86, ""3"": 128, ""4"": 128, ""5"": 128}",cached_setfit_jsonl,bounded_robust_variant,kept_fraction=0.8003
trec_qc,128,0.0,class_conditional,trimmed_softmax_logreg,404,726,500,6,0.0,0.646,0.639872586897862,0.24260210990905762,"{""0"": 128, ""1"": 128, ""2"": 86, ""3"": 128, ""4"": 128, ""5"": 128}",cached_setfit_jsonl,bounded_robust_variant,kept_fraction=0.8003
trec_qc,128,0.0,class_conditional,trimmed_softmax_logreg,505,726,500,6,0.0,0.664,0.6632689961980044,0.15623044967651367,"{""0"": 128, ""1"": 128, ""2"": 86, ""3"": 128, ""4"": 128, ""5"": 128}",cached_setfit_jsonl,bounded_robust_variant,kept_fraction=0.8003
trec_qc,128,0.0,symmetric,linear_svm_hinge,101,726,500,6,0.0,0.532,0.49795656843820785,0.7401003837585449,"{""0"": 128, ""1"": 128, ""2"": 86, ""3"": 128, ""4"": 128, ""5"": 128}",cached_setfit_jsonl,linear_margin,
trec_qc,128,0.0,symmetric,linear_svm_hinge,202,726,500,6,0.0,0.574,0.5786227755372663,0.747194766998291,"{""0"": 128, ""1"": 128, ""2"": 86, ""3"": 128, ""4"": 128, ""5"": 128}",cached_setfit_jsonl,linear_margin,
trec_qc,128,0.0,symmetric,linear_svm_hinge,303,726,500,6,0.0,0.494,0.454066024041515,0.7623674869537354,"{""0"": 128, ""1"": 128, ""2"": 86, ""3"": 128, ""4"": 128, ""5"": 128}",cached_setfit_jsonl,linear_margin,
trec_qc,128,0.0,symmetric,linear_svm_hinge,404,726,500,6,0.0,0.702,0.6171986272405234,0.747990608215332,"{""0"": 128, ""1"": 128, ""2"": 86, ""3"": 128, ""4"": 128, ""5"": 128}",cached_setfit_jsonl,linear_margin,
trec_qc,128,0.0,symmetric,linear_svm_hinge,505,726,500,6,0.0,0.506,0.500567965080671,0.8862550258636475,"{""0"": 128, ""1"": 128, ""2"": 86, ""3"": 128, ""4"": 128, ""5"": 128}",cached_setfit_jsonl,linear_margin,
trec_qc,128,0.0,symmetric,multinomial_nb,101,726,500,6,0.0,0.702,0.6531729337524786,0.01935720443725586,"{""0"": 128, ""1"": 128, ""2"": 86, ""3"": 128, ""4"": 128, ""5"": 128}",cached_setfit_jsonl,generative_nb,
trec_qc,128,0.0,symmetric,multinomial_nb,202,726,500,6,0.0,0.72,0.6735597093619994,0.019707679748535156,"{""0"": 128, ""1"": 128, ""2"": 86, ""3"": 128, ""4"": 128, ""5"": 128}",cached_setfit_jsonl,generative_nb,
trec_qc,128,0.0,symmetric,multinomial_nb,303,726,500,6,0.0,0.696,0.656231528090303,0.020974159240722656,"{""0"": 128, ""1"": 128, ""2"": 86, ""3"": 128, ""4"": 128, ""5"": 128}",cached_setfit_jsonl,generative_nb,
trec_qc,128,0.0,symmetric,multinomial_nb,404,726,500,6,0.0,0.72,0.6629163884937181,0.019992828369140625,"{""0"": 128, ""1"": 128, ""2"": 86, ""3"": 128, ""4"": 128, ""5"": 128}",cached_setfit_jsonl,generative_nb,
trec_qc,128,0.0,symmetric,multinomial_nb,505,726,500,6,0.0,0.672,0.6426846985134339,0.018970966339111328,"{""0"": 128, ""1"": 128, ""2"": 86, ""3"": 128, ""4"": 128, ""5"": 128}",cached_setfit_jsonl,generative_nb,
trec_qc,128,0.0,symmetric,softmax_logreg,101,726,500,6,0.0,0.724,0.682443327289986,0.1447889804840088,"{""0"": 128, ""1"": 128, ""2"": 86, ""3"": 128, ""4"": 128, ""5"": 128}",cached_setfit_jsonl,linear_probabilistic,
trec_qc,128,0.0,symmetric,softmax_logreg,202,726,500,6,0.0,0.582,0.6054554816950412,0.15403032302856445,"{""0"": 128, ""1"": 128, ""2"": 86, ""3"": 128, ""4"": 128, ""5"": 128}",cached_setfit_jsonl,linear_probabilistic,
trec_qc,128,0.0,symmetric,softmax_logreg,303,726,500,6,0.0,0.708,0.6821673209276854,0.17009806632995605,"{""0"": 128, ""1"": 128, ""2"": 86, ""3"": 128, ""4"": 128, ""5"": 128}",cached_setfit_jsonl,linear_probabilistic,
trec_qc,128,0.0,symmetric,softmax_logreg,404,726,500,6,0.0,0.68,0.656872078179131,3.343081474304199,"{""0"": 128, ""1"": 128, ""2"": 86, ""3"": 128, ""4"": 128, ""5"": 128}",cached_setfit_jsonl,linear_probabilistic,
trec_qc,128,0.0,symmetric,softmax_logreg,505,726,500,6,0.0,0.672,0.6502525068060147,0.15598058700561523,"{""0"": 128, ""1"": 128, ""2"": 86, ""3"": 128, ""4"": 128, ""5"": 128}",cached_setfit_jsonl,linear_probabilistic,
trec_qc,128,0.0,symmetric,trimmed_softmax_logreg,101,726,500,6,0.0,0.69,0.6592107392815343,0.2009718418121338,"{""0"": 128, ""1"": 128, ""2"": 86, ""3"": 128, ""4"": 128, ""5"": 128}",cached_setfit_jsonl,bounded_robust_variant,kept_fraction=0.8003
trec_qc,128,0.0,symmetric,trimmed_softmax_logreg,202,726,500,6,0.0,0.574,0.6382193696417346,0.1605532169342041,"{""0"": 128, ""1"": 128, ""2"": 86, ""3"": 128, ""4"": 128, ""5"": 128}",cached_setfit_jsonl,bounded_robust_variant,kept_fraction=0.8003
trec_qc,128,0.0,symmetric,trimmed_softmax_logreg,303,726,500,6,0.0,0.702,0.6960722462366035,0.14609575271606445,"{""0"": 128, ""1"": 128, ""2"": 86, ""3"": 128, ""4"": 128, ""5"": 128}",cached_setfit_jsonl,bounded_robust_variant,kept_fraction=0.8003
trec_qc,128,0.0,symmetric,trimmed_softmax_logreg,404,726,500,6,0.0,0.646,0.639872586897862,0.15787196159362793,"{""0"": 128, ""1"": 128, ""2"": 86, ""3"": 128, ""4"": 128, ""5"": 128}",cached_setfit_jsonl,bounded_robust_variant,kept_fraction=0.8003
trec_qc,128,0.0,symmetric,trimmed_softmax_logreg,505,726,500,6,0.0,0.664,0.6632689961980044,0.16433000564575195,"{""0"": 128, ""1"": 128, ""2"": 86, ""3"": 128, ""4"": 128, ""5"": 128}",cached_setfit_jsonl,bounded_robust_variant,kept_fraction=0.8003
trec_qc,128,0.05,class_conditional,linear_svm_hinge,101,726,500,6,0.04132231404958678,0.526,0.4644363575631583,1.0092284679412842,"{""0"": 128, ""1"": 128, ""2"": 86, ""3"": 128, ""4"": 128, ""5"": 128}",cached_setfit_jsonl,linear_margin,
trec_qc,128,0.05,class_conditional,linear_svm_hinge,202,726,500,6,0.0440771349862259,0.45,0.4727695973274771,0.9800238609313965,"{""0"": 128, ""1"": 128, ""2"": 86, ""3"": 128, ""4"": 128, ""5"": 128}",cached_setfit_jsonl,linear_margin,
trec_qc,128,0.05,class_conditional,linear_svm_hinge,303,726,500,6,0.05234159779614325,0.714,0.6579949015734257,0.8371424674987793,"{""0"": 128, ""1"": 128, ""2"": 86, ""3"": 128, ""4"": 128, ""5"": 128}",cached_setfit_jsonl,linear_margin,
trec_qc,128,0.05,class_conditional,linear_svm_hinge,404,726,500,6,0.05509641873278237,0.672,0.6186030211363245,0.8576500415802002,"{""0"": 128, ""1"": 128, ""2"": 86, ""3"": 128, ""4"": 128, ""5"": 128}",cached_setfit_jsonl,linear_margin,
trec_qc,128,0.05,class_conditional,linear_svm_hinge,505,726,500,6,0.045454545454545456,0.542,0.5228515887390351,0.8042376041412354,"{""0"": 128, ""1"": 128, ""2"": 86, ""3"": 128, ""4"": 128, ""5"": 128}",cached_setfit_jsonl,linear_margin,
trec_qc,128,0.05,class_conditional,multinomial_nb,101,726,500,6,0.04132231404958678,0.694,0.6401018132560166,0.018738508224487305,"{""0"": 128, ""1"": 128, ""2"": 86, ""3"": 128, ""4"": 128, ""5"": 128}",cached_setfit_jsonl,generative_nb,
trec_qc,128,0.05,class_conditional,multinomial_nb,202,726,500,6,0.0440771349862259,0.546,0.5408752289431277,0.01914501190185547,"{""0"": 128, ""1"": 128, ""2"": 86, ""3"": 128, ""4"": 128, ""5"": 128}",cached_setfit_jsonl,generative_nb,
trec_qc,128,0.05,class_conditional,multinomial_nb,303,726,500,6,0.05234159779614325,0.688,0.6536018138331943,0.018254756927490234,"{""0"": 128, ""1"": 128, ""2"": 86, ""3"": 128, ""4"": 128, ""5"": 128}",cached_setfit_jsonl,generative_nb,
trec_qc,128,0.05,class_conditional,multinomial_nb,404,726,500,6,0.05509641873278237,0.698,0.6411265283136448,0.020499467849731445,"{""0"": 128, ""1"": 128, ""2"": 86, ""3"": 128, ""4"": 128, ""5"": 128}",cached_setfit_jsonl,generative_nb,
trec_qc,128,0.05,class_conditional,multinomial_nb,505,726,500,6,0.045454545454545456,0.648,0.6142946707351189,0.01825118064880371,"{""0"": 128, ""1"": 128, ""2"": 86, ""3"": 128, ""4"": 128, ""5"": 128}",cached_setfit_jsonl,generative_nb,
trec_qc,128,0.05,class_conditional,softmax_logreg,101,726,500,6,0.04132231404958678,0.734,0.6843598187088965,0.1238102912902832,"{""0"": 128, ""1"": 128, ""2"": 86, ""3"": 128, ""4"": 128, ""5"": 128}",cached_setfit_jsonl,linear_probabilistic,
trec_qc,128,0.05,class_conditional,softmax_logreg,202,726,500,6,0.0440771349862259,0.564,0.5981029770805988,0.14357876777648926,"{""0"": 128, ""1"": 128, ""2"": 86, ""3"": 128, ""4"": 128, ""5"": 128}",cached_setfit_jsonl,linear_probabilistic,
trec_qc,128,0.05,class_conditional,softmax_logreg,303,726,500,6,0.05234159779614325,0.702,0.6704093765888066,0.21884369850158691,"{""0"": 128, ""1"": 128, ""2"": 86, ""3"": 128, ""4"": 128, ""5"": 128}",cached_setfit_jsonl,linear_probabilistic,
trec_qc,128,0.05,class_conditional,softmax_logreg,404,726,500,6,0.05509641873278237,0.696,0.653887554113833,0.12942266464233398,"{""0"": 128, ""1"": 128, ""2"": 86, ""3"": 128, ""4"": 128, ""5"": 128}",cached_setfit_jsonl,linear_probabilistic,
trec_qc,128,0.05,class_conditional,softmax_logreg,505,726,500,6,0.045454545454545456,0.666,0.6484204399029347,0.1387331485748291,"{""0"": 128, ""1"": 128, ""2"": 86, ""3"": 128, ""4"": 128, ""5"": 128}",cached_setfit_jsonl,linear_probabilistic,
trec_qc,128,0.05,class_conditional,trimmed_softmax_logreg,101,726,500,6,0.04132231404958678,0.706,0.6891318465758077,0.2465665340423584,"{""0"": 128, ""1"": 128, ""2"": 86, ""3"": 128, ""4"": 128, ""5"": 128}",cached_setfit_jsonl,bounded_robust_variant,kept_fraction=0.8003
trec_qc,128,0.05,class_conditional,trimmed_softmax_logreg,202,726,500,6,0.0440771349862259,0.528,0.5780727143040374,0.14725565910339355,"{""0"": 128, ""1"": 128, ""2"": 86, ""3"": 128, ""4"": 128, ""5"": 128}",cached_setfit_jsonl,bounded_robust_variant,kept_fraction=0.8003
trec_qc,128,0.05,class_conditional,trimmed_softmax_logreg,303,726,500,6,0.05234159779614325,0.696,0.676739876591011,0.1521594524383545,"{""0"": 128, ""1"": 128, ""2"": 86, ""3"": 128, ""4"": 128, ""5"": 128}",cached_setfit_jsonl,bounded_robust_variant,kept_fraction=0.8003
trec_qc,128,0.05,class_conditional,trimmed_softmax_logreg,404,726,500,6,0.05509641873278237,0.624,0.5753305481220603,0.1856403350830078,"{""0"": 128, ""1"": 128, ""2"": 86, ""3"": 128, ""4"": 128, ""5"": 128}",cached_setfit_jsonl,bounded_robust_variant,kept_fraction=0.8003
trec_qc,128,0.05,class_conditional,trimmed_softmax_logreg,505,726,500,6,0.045454545454545456,0.632,0.6227376047484335,0.15197229385375977,"{""0"": 128, ""1"": 128, ""2"": 86, ""3"": 128, ""4"": 128, ""5"": 128}",cached_setfit_jsonl,bounded_robust_variant,kept_fraction=0.8003
trec_qc,128,0.05,symmetric,linear_svm_hinge,101,726,500,6,0.048209366391184574,0.536,0.4846008241796315,0.8454852104187012,"{""0"": 128, ""1"": 128, ""2"": 86, ""3"": 128, ""4"": 128, ""5"": 128}",cached_setfit_jsonl,linear_margin,
trec_qc,128,0.05,symmetric,linear_svm_hinge,202,726,500,6,0.06198347107438017,0.412,0.4317099100763338,0.7885911464691162,"{""0"": 128, ""1"": 128, ""2"": 86, ""3"": 128, ""4"": 128, ""5"": 128}",cached_setfit_jsonl,linear_margin,
trec_qc,128,0.05,symmetric,linear_svm_hinge,303,726,500,6,0.05371900826446281,0.56,0.5170868206325051,0.8012399673461914,"{""0"": 128, ""1"": 128, ""2"": 86, ""3"": 128, ""4"": 128, ""5"": 128}",cached_setfit_jsonl,linear_margin,
trec_qc,128,0.05,symmetric,linear_svm_hinge,404,726,500,6,0.049586776859504134,0.66,0.5655820247539847,1.1346864700317383,"{""0"": 128, ""1"": 128, ""2"": 86, ""3"": 128, ""4"": 128, ""5"": 128}",cached_setfit_jsonl,linear_margin,
trec_qc,128,0.05,symmetric,linear_svm_hinge,505,726,500,6,0.045454545454545456,0.538,0.5236753115511695,1.0125975608825684,"{""0"": 128, ""1"": 128, ""2"": 86, ""3"": 128, ""4"": 128, ""5"": 128}",cached_setfit_jsonl,linear_margin,
trec_qc,128,0.05,symmetric,multinomial_nb,101,726,500,6,0.048209366391184574,0.702,0.65164375925282,0.01894831657409668,"{""0"": 128, ""1"": 128, ""2"": 86, ""3"": 128, ""4"": 128, ""5"": 128}",cached_setfit_jsonl,generative_nb,
trec_qc,128,0.05,symmetric,multinomial_nb,202,726,500,6,0.06198347107438017,0.538,0.5332012138774685,0.018804311752319336,"{""0"": 128, ""1"": 128, ""2"": 86, ""3"": 128, ""4"": 128, ""5"": 128}",cached_setfit_jsonl,generative_nb,
trec_qc,128,0.05,symmetric,multinomial_nb,303,726,500,6,0.05371900826446281,0.698,0.6659605502669285,0.019051551818847656,"{""0"": 128, ""1"": 128, ""2"": 86, ""3"": 128, ""4"": 128, ""5"": 128}",cached_setfit_jsonl,generative_nb,
trec_qc,128,0.05,symmetric,multinomial_nb,404,726,500,6,0.049586776859504134,0.696,0.6333805536920929,0.01910543441772461,"{""0"": 128, ""1"": 128, ""2"": 86, ""3"": 128, ""4"": 128, ""5"": 128}",cached_setfit_jsonl,generative_nb,
trec_qc,128,0.05,symmetric,multinomial_nb,505,726,500,6,0.045454545454545456,0.68,0.6530860723744727,0.019204139709472656,"{""0"": 128, ""1"": 128, ""2"": 86, ""3"": 128, ""4"": 128, ""5"": 128}",cached_setfit_jsonl,generative_nb,
trec_qc,128,0.05,symmetric,softmax_logreg,101,726,500,6,0.048209366391184574,0.726,0.6863854744605518,0.12878632545471191,"{""0"": 128, ""1"": 128, ""2"": 86, ""3"": 128, ""4"": 128, ""5"": 128}",cached_setfit_jsonl,linear_probabilistic,
trec_qc,128,0.05,symmetric,softmax_logreg,202,726,500,6,0.06198347107438017,0.55,0.5884495264634295,0.13317465782165527,"{""0"": 128, ""1"": 128, ""2"": 86, ""3"": 128, ""4"": 128, ""5"": 128}",cached_setfit_jsonl,linear_probabilistic,
trec_qc,128,0.05,symmetric,softmax_logreg,303,726,500,6,0.05371900826446281,0.696,0.6635186653080865,0.15902996063232422,"{""0"": 128, ""1"": 128, ""2"": 86, ""3"": 128, ""4"": 128, ""5"": 128}",cached_setfit_jsonl,linear_probabilistic,
trec_qc,128,0.05,symmetric,softmax_logreg,404,726,500,6,0.049586776859504134,0.724,0.6739178603884368,0.13295984268188477,"{""0"": 128, ""1"": 128, ""2"": 86, ""3"": 128, ""4"": 128, ""5"": 128}",cached_setfit_jsonl,linear_probabilistic,
trec_qc,128,0.05,symmetric,softmax_logreg,505,726,500,6,0.045454545454545456,0.684,0.6651926439189656,0.19321107864379883,"{""0"": 128, ""1"": 128, ""2"": 86, ""3"": 128, ""4"": 128, ""5"": 128}",cached_setfit_jsonl,linear_probabilistic,
trec_qc,128,0.05,symmetric,trimmed_softmax_logreg,101,726,500,6,0.048209366391184574,0.688,0.656486862663099,0.13558673858642578,"{""0"": 128, ""1"": 128, ""2"": 86, ""3"": 128, ""4"": 128, ""5"": 128}",cached_setfit_jsonl,bounded_robust_variant,kept_fraction=0.8003
trec_qc,128,0.05,symmetric,trimmed_softmax_logreg,202,726,500,6,0.06198347107438017,0.512,0.5773271093587657,0.1464831829071045,"{""0"": 128, ""1"": 128, ""2"": 86, ""3"": 128, ""4"": 128, ""5"": 128}",cached_setfit_jsonl,bounded_robust_variant,kept_fraction=0.8003
trec_qc,128,0.05,symmetric,trimmed_softmax_logreg,303,726,500,6,0.05371900826446281,0.672,0.6599816107834114,0.2304697036743164,"{""0"": 128, ""1"": 128, ""2"": 86, ""3"": 128, ""4"": 128, ""5"": 128}",cached_setfit_jsonl,bounded_robust_variant,kept_fraction=0.8003
trec_qc,128,0.05,symmetric,trimmed_softmax_logreg,404,726,500,6,0.049586776859504134,0.664,0.623774016003411,0.16316008567810059,"{""0"": 128, ""1"": 128, ""2"": 86, ""3"": 128, ""4"": 128, ""5"": 128}",cached_setfit_jsonl,bounded_robust_variant,kept_fraction=0.8003
trec_qc,128,0.05,symmetric,trimmed_softmax_logreg,505,726,500,6,0.045454545454545456,0.654,0.6620412281840111,0.15544390678405762,"{""0"": 128, ""1"": 128, ""2"": 86, ""3"": 128, ""4"": 128, ""5"": 128}",cached_setfit_jsonl,bounded_robust_variant,kept_fraction=0.8003
trec_qc,128,0.1,class_conditional,linear_svm_hinge,101,726,500,6,0.0881542699724518,0.51,0.5105542130280911,2.817749261856079,"{""0"": 128, ""1"": 128, ""2"": 86, ""3"": 128, ""4"": 128, ""5"": 128}",cached_setfit_jsonl,linear_margin,
trec_qc,128,0.1,class_conditional,linear_svm_hinge,202,726,500,6,0.08953168044077135,0.45,0.4534688472428172,0.7611846923828125,"{""0"": 128, ""1"": 128, ""2"": 86, ""3"": 128, ""4"": 128, ""5"": 128}",cached_setfit_jsonl,linear_margin,
trec_qc,128,0.1,class_conditional,linear_svm_hinge,303,726,500,6,0.12121212121212122,0.48,0.4896942699522395,1.0760090351104736,"{""0"": 128, ""1"": 128, ""2"": 86, ""3"": 128, ""4"": 128, ""5"": 128}",cached_setfit_jsonl,linear_margin,
trec_qc,128,0.1,class_conditional,linear_svm_hinge,404,726,500,6,0.1115702479338843,0.516,0.499267809852096,1.7338149547576904,"{""0"": 128, ""1"": 128, ""2"": 86, ""3"": 128, ""4"": 128, ""5"": 128}",cached_setfit_jsonl,linear_margin,
trec_qc,128,0.1,class_conditional,linear_svm_hinge,505,726,500,6,0.09917355371900827,0.66,0.5676243317545507,0.8262171745300293,"{""0"": 128, ""1"": 128, ""2"": 86, ""3"": 128, ""4"": 128, ""5"": 128}",cached_setfit_jsonl,linear_margin,
trec_qc,128,0.1,class_conditional,multinomial_nb,101,726,500,6,0.0881542699724518,0.68,0.6268370600189411,0.01902008056640625,"{""0"": 128, ""1"": 128, ""2"": 86, ""3"": 128, ""4"": 128, ""5"": 128}",cached_setfit_jsonl,generative_nb,
trec_qc,128,0.1,class_conditional,multinomial_nb,202,726,500,6,0.08953168044077135,0.514,0.5085941835646569,0.02052760124206543,"{""0"": 128, ""1"": 128, ""2"": 86, ""3"": 128, ""4"": 128, ""5"": 128}",cached_setfit_jsonl,generative_nb,
trec_qc,128,0.1,class_conditional,multinomial_nb,303,726,500,6,0.12121212121212122,0.644,0.5978546689665842,0.019020557403564453,"{""0"": 128, ""1"": 128, ""2"": 86, ""3"": 128, ""4"": 128, ""5"": 128}",cached_setfit_jsonl,generative_nb,
trec_qc,128,0.1,class_conditional,multinomial_nb,404,726,500,6,0.1115702479338843,0.674,0.6097716886791865,0.019086837768554688,"{""0"": 128, ""1"": 128, ""2"": 86, ""3"": 128, ""4"": 128, ""5"": 128}",cached_setfit_jsonl,generative_nb,
trec_qc,128,0.1,class_conditional,multinomial_nb,505,726,500,6,0.09917355371900827,0.64,0.6071807268741735,0.018648624420166016,"{""0"": 128, ""1"": 128, ""2"": 86, ""3"": 128, ""4"": 128, ""5"": 128}",cached_setfit_jsonl,generative_nb,
trec_qc,128,0.1,class_conditional,softmax_logreg,101,726,500,6,0.0881542699724518,0.702,0.6560734671575947,0.1265404224395752,"{""0"": 128, ""1"": 128, ""2"": 86, ""3"": 128, ""4"": 128, ""5"": 128}",cached_setfit_jsonl,linear_probabilistic,
trec_qc,128,0.1,class_conditional,softmax_logreg,202,726,500,6,0.08953168044077135,0.552,0.5781012192691327,0.1346590518951416,"{""0"": 128, ""1"": 128, ""2"": 86, ""3"": 128, ""4"": 128, ""5"": 128}",cached_setfit_jsonl,linear_probabilistic,
trec_qc,128,0.1,class_conditional,softmax_logreg,303,726,500,6,0.12121212121212122,0.71,0.6758309373538737,0.1117544174194336,"{""0"": 128, ""1"": 128, ""2"": 86, ""3"": 128, ""4"": 128, ""5"": 128}",cached_setfit_jsonl,linear_probabilistic,
trec_qc,128,0.1,class_conditional,softmax_logreg,404,726,500,6,0.1115702479338843,0.688,0.6354832553841842,0.26178407669067383,"{""0"": 128, ""1"": 128, ""2"": 86, ""3"": 128, ""4"": 128, ""5"": 128}",cached_setfit_jsonl,linear_probabilistic,
trec_qc,128,0.1,class_conditional,softmax_logreg,505,726,500,6,0.09917355371900827,0.686,0.6641831978195077,0.14010119438171387,"{""0"": 128, ""1"": 128, ""2"": 86, ""3"": 128, ""4"": 128, ""5"": 128}",cached_setfit_jsonl,linear_probabilistic,
trec_qc,128,0.1,class_conditional,trimmed_softmax_logreg,101,726,500,6,0.0881542699724518,0.714,0.7158567929401264,0.13538479804992676,"{""0"": 128, ""1"": 128, ""2"": 86, ""3"": 128, ""4"": 128, ""5"": 128}",cached_setfit_jsonl,bounded_robust_variant,kept_fraction=0.8003
trec_qc,128,0.1,class_conditional,trimmed_softmax_logreg,202,726,500,6,0.08953168044077135,0.52,0.5716538749992175,0.2648427486419678,"{""0"": 128, ""1"": 128, ""2"": 86, ""3"": 128, ""4"": 128, ""5"": 128}",cached_setfit_jsonl,bounded_robust_variant,kept_fraction=0.8003
trec_qc,128,0.1,class_conditional,trimmed_softmax_logreg,303,726,500,6,0.12121212121212122,0.664,0.6584271159880473,0.16421127319335938,"{""0"": 128, ""1"": 128, ""2"": 86, ""3"": 128, ""4"": 128, ""5"": 128}",cached_setfit_jsonl,bounded_robust_variant,kept_fraction=0.8003
trec_qc,128,0.1,class_conditional,trimmed_softmax_logreg,404,726,500,6,0.1115702479338843,0.618,0.559750599625863,0.16369962692260742,"{""0"": 128, ""1"": 128, ""2"": 86, ""3"": 128, ""4"": 128, ""5"": 128}",cached_setfit_jsonl,bounded_robust_variant,kept_fraction=0.8003
trec_qc,128,0.1,class_conditional,trimmed_softmax_logreg,505,726,500,6,0.09917355371900827,0.68,0.6973701382809444,0.20408987998962402,"{""0"": 128, ""1"": 128, ""2"": 86, ""3"": 128, ""4"": 128, ""5"": 128}",cached_setfit_jsonl,bounded_robust_variant,kept_fraction=0.8003
trec_qc,128,0.1,symmetric,linear_svm_hinge,101,726,500,6,0.10606060606060606,0.582,0.4938011015493892,0.7575321197509766,"{""0"": 128, ""1"": 128, ""2"": 86, ""3"": 128, ""4"": 128, ""5"": 128}",cached_setfit_jsonl,linear_margin,
trec_qc,128,0.1,symmetric,linear_svm_hinge,202,726,500,6,0.09504132231404959,0.502,0.49204370541137377,0.6884458065032959,"{""0"": 128, ""1"": 128, ""2"": 86, ""3"": 128, ""4"": 128, ""5"": 128}",cached_setfit_jsonl,linear_margin,
trec_qc,128,0.1,symmetric,linear_svm_hinge,303,726,500,6,0.09228650137741047,0.646,0.589900186716309,0.6927311420440674,"{""0"": 128, ""1"": 128, ""2"": 86, ""3"": 128, ""4"": 128, ""5"": 128}",cached_setfit_jsonl,linear_margin,
trec_qc,128,0.1,symmetric,linear_svm_hinge,404,726,500,6,0.1115702479338843,0.518,0.5202117296986118,0.7650721073150635,"{""0"": 128, ""1"": 128, ""2"": 86, ""3"": 128, ""4"": 128, ""5"": 128}",cached_setfit_jsonl,linear_margin,
trec_qc,128,0.1,symmetric,linear_svm_hinge,505,726,500,6,0.07988980716253444,0.464,0.47194402543037967,0.7752420902252197,"{""0"": 128, ""1"": 128, ""2"": 86, ""3"": 128, ""4"": 128, ""5"": 128}",cached_setfit_jsonl,linear_margin,
trec_qc,128,0.1,symmetric,multinomial_nb,101,726,500,6,0.10606060606060606,0.68,0.631144130593844,0.018810033798217773,"{""0"": 128, ""1"": 128, ""2"": 86, ""3"": 128, ""4"": 128, ""5"": 128}",cached_setfit_jsonl,generative_nb,
trec_qc,128,0.1,symmetric,multinomial_nb,202,726,500,6,0.09504132231404959,0.514,0.5119745118005897,0.018915891647338867,"{""0"": 128, ""1"": 128, ""2"": 86, ""3"": 128, ""4"": 128, ""5"": 128}",cached_setfit_jsonl,generative_nb,
trec_qc,128,0.1,symmetric,multinomial_nb,303,726,500,6,0.09228650137741047,0.668,0.6224855424330884,0.018126964569091797,"{""0"": 128, ""1"": 128, ""2"": 86, ""3"": 128, ""4"": 128, ""5"": 128}",cached_setfit_jsonl,generative_nb,
trec_qc,128,0.1,symmetric,multinomial_nb,404,726,500,6,0.1115702479338843,0.658,0.6161372032888642,0.019881486892700195,"{""0"": 128, ""1"": 128, ""2"": 86, ""3"": 128, ""4"": 128, ""5"": 128}",cached_setfit_jsonl,generative_nb,
trec_qc,128,0.1,symmetric,multinomial_nb,505,726,500,6,0.07988980716253444,0.518,0.5274683004286819,0.019187211990356445,"{""0"": 128, ""1"": 128, ""2"": 86, ""3"": 128, ""4"": 128, ""5"": 128}",cached_setfit_jsonl,generative_nb,
trec_qc,128,0.1,symmetric,softmax_logreg,101,726,500,6,0.10606060606060606,0.664,0.6419606541427055,0.20544147491455078,"{""0"": 128, ""1"": 128, ""2"": 86, ""3"": 128, ""4"": 128, ""5"": 128}",cached_setfit_jsonl,linear_probabilistic,
trec_qc,128,0.1,symmetric,softmax_logreg,202,726,500,6,0.09504132231404959,0.734,0.7089863564312617,0.17129278182983398,"{""0"": 128, ""1"": 128, ""2"": 86, ""3"": 128, ""4"": 128, ""5"": 128}",cached_setfit_jsonl,linear_probabilistic,
trec_qc,128,0.1,symmetric,softmax_logreg,303,726,500,6,0.09228650137741047,0.66,0.622048699788325,0.13720488548278809,"{""0"": 128, ""1"": 128, ""2"": 86, ""3"": 128, ""4"": 128, ""5"": 128}",cached_setfit_jsonl,linear_probabilistic,
trec_qc,128,0.1,symmetric,softmax_logreg,404,726,500,6,0.1115702479338843,0.696,0.6625995202030578,0.13006162643432617,"{""0"": 128, ""1"": 128, ""2"": 86, ""3"": 128, ""4"": 128, ""5"": 128}",cached_setfit_jsonl,linear_probabilistic,
trec_qc,128,0.1,symmetric,softmax_logreg,505,726,500,6,0.07988980716253444,0.536,0.5676437599073397,0.11659908294677734,"{""0"": 128, ""1"": 128, ""2"": 86, ""3"": 128, ""4"": 128, ""5"": 128}",cached_setfit_jsonl,linear_probabilistic,
trec_qc,128,0.1,symmetric,trimmed_softmax_logreg,101,726,500,6,0.10606060606060606,0.63,0.639331185717011,0.15586185455322266,"{""0"": 128, ""1"": 128, ""2"": 86, ""3"": 128, ""4"": 128, ""5"": 128}",cached_setfit_jsonl,bounded_robust_variant,kept_fraction=0.8003
trec_qc,128,0.1,symmetric,trimmed_softmax_logreg,202,726,500,6,0.09504132231404959,0.594,0.6618562742313521,0.15671086311340332,"{""0"": 128, ""1"": 128, ""2"": 86, ""3"": 128, ""4"": 128, ""5"": 128}",cached_setfit_jsonl,bounded_robust_variant,kept_fraction=0.8003
trec_qc,128,0.1,symmetric,trimmed_softmax_logreg,303,726,500,6,0.09228650137741047,0.602,0.5520735676280074,0.15032005310058594,"{""0"": 128, ""1"": 128, ""2"": 86, ""3"": 128, ""4"": 128, ""5"": 128}",cached_setfit_jsonl,bounded_robust_variant,kept_fraction=0.8003
trec_qc,128,0.1,symmetric,trimmed_softmax_logreg,404,726,500,6,0.1115702479338843,0.644,0.6196024386879242,0.24921822547912598,"{""0"": 128, ""1"": 128, ""2"": 86, ""3"": 128, ""4"": 128, ""5"": 128}",cached_setfit_jsonl,bounded_robust_variant,kept_fraction=0.8003
trec_qc,128,0.1,symmetric,trimmed_softmax_logreg,505,726,500,6,0.07988980716253444,0.49,0.5734739764674418,0.1778414249420166,"{""0"": 128, ""1"": 128, ""2"": 86, ""3"": 128, ""4"": 128, ""5"": 128}",cached_setfit_jsonl,bounded_robust_variant,kept_fraction=0.8003
trec_qc,128,0.2,class_conditional,linear_svm_hinge,101,726,500,6,0.174931129476584,0.516,0.5041716771544851,0.7430624961853027,"{""0"": 128, ""1"": 128, ""2"": 86, ""3"": 128, ""4"": 128, ""5"": 128}",cached_setfit_jsonl,linear_margin,
trec_qc,128,0.2,class_conditional,linear_svm_hinge,202,726,500,6,0.1887052341597796,0.458,0.44761302042117057,0.7215232849121094,"{""0"": 128, ""1"": 128, ""2"": 86, ""3"": 128, ""4"": 128, ""5"": 128}",cached_setfit_jsonl,linear_margin,
trec_qc,128,0.2,class_conditional,linear_svm_hinge,303,726,500,6,0.22038567493112948,0.422,0.3903891374902068,0.8036577701568604,"{""0"": 128, ""1"": 128, ""2"": 86, ""3"": 128, ""4"": 128, ""5"": 128}",cached_setfit_jsonl,linear_margin,
trec_qc,128,0.2,class_conditional,linear_svm_hinge,404,726,500,6,0.22451790633608815,0.476,0.4540464380503722,0.8323640823364258,"{""0"": 128, ""1"": 128, ""2"": 86, ""3"": 128, ""4"": 128, ""5"": 128}",cached_setfit_jsonl,linear_margin,
trec_qc,128,0.2,class_conditional,linear_svm_hinge,505,726,500,6,0.2066115702479339,0.492,0.4742811129273184,0.7060844898223877,"{""0"": 128, ""1"": 128, ""2"": 86, ""3"": 128, ""4"": 128, ""5"": 128}",cached_setfit_jsonl,linear_margin,
trec_qc,128,0.2,class_conditional,multinomial_nb,101,726,500,6,0.174931129476584,0.626,0.5714161643129444,0.020926475524902344,"{""0"": 128, ""1"": 128, ""2"": 86, ""3"": 128, ""4"": 128, ""5"": 128}",cached_setfit_jsonl,generative_nb,
trec_qc,128,0.2,class_conditional,multinomial_nb,202,726,500,6,0.1887052341597796,0.492,0.48666762610195824,0.020408153533935547,"{""0"": 128, ""1"": 128, ""2"": 86, ""3"": 128, ""4"": 128, ""5"": 128}",cached_setfit_jsonl,generative_nb,
trec_qc,128,0.2,class_conditional,multinomial_nb,303,726,500,6,0.22038567493112948,0.602,0.5567178363395436,0.019077301025390625,"{""0"": 128, ""1"": 128, ""2"": 86, ""3"": 128, ""4"": 128, ""5"": 128}",cached_setfit_jsonl,generative_nb,
trec_qc,128,0.2,class_conditional,multinomial_nb,404,726,500,6,0.22451790633608815,0.624,0.5506901412955346,0.02019333839416504,"{""0"": 128, ""1"": 128, ""2"": 86, ""3"": 128, ""4"": 128, ""5"": 128}",cached_setfit_jsonl,generative_nb,
trec_qc,128,0.2,class_conditional,multinomial_nb,505,726,500,6,0.2066115702479339,0.514,0.51960639668973,0.018751859664916992,"{""0"": 128, ""1"": 128, ""2"": 86, ""3"": 128, ""4"": 128, ""5"": 128}",cached_setfit_jsonl,generative_nb,
trec_qc,128,0.2,class_conditional,softmax_logreg,101,726,500,6,0.174931129476584,0.68,0.6396861726766662,0.1445474624633789,"{""0"": 128, ""1"": 128, ""2"": 86, ""3"": 128, ""4"": 128, ""5"": 128}",cached_setfit_jsonl,linear_probabilistic,
trec_qc,128,0.2,class_conditional,softmax_logreg,202,726,500,6,0.1887052341597796,0.522,0.5531774069836436,0.12264275550842285,"{""0"": 128, ""1"": 128, ""2"": 86, ""3"": 128, ""4"": 128, ""5"": 128}",cached_setfit_jsonl,linear_probabilistic,
trec_qc,128,0.2,class_conditional,softmax_logreg,303,726,500,6,0.22038567493112948,0.666,0.6366116238937484,0.13871002197265625,"{""0"": 128, ""1"": 128, ""2"": 86, ""3"": 128, ""4"": 128, ""5"": 128}",cached_setfit_jsonl,linear_probabilistic,
trec_qc,128,0.2,class_conditional,softmax_logreg,404,726,500,6,0.22451790633608815,0.648,0.5944223952309761,0.14867186546325684,"{""0"": 128, ""1"": 128, ""2"": 86, ""3"": 128, ""4"": 128, ""5"": 128}",cached_setfit_jsonl,linear_probabilistic,
trec_qc,128,0.2,class_conditional,softmax_logreg,505,726,500,6,0.2066115702479339,0.538,0.5646942199878667,0.19017601013183594,"{""0"": 128, ""1"": 128, ""2"": 86, ""3"": 128, ""4"": 128, ""5"": 128}",cached_setfit_jsonl,linear_probabilistic,
trec_qc,128,0.2,class_conditional,trimmed_softmax_logreg,101,726,500,6,0.174931129476584,0.62,0.6274716984193996,0.1604444980621338,"{""0"": 128, ""1"": 128, ""2"": 86, ""3"": 128, ""4"": 128, ""5"": 128}",cached_setfit_jsonl,bounded_robust_variant,kept_fraction=0.8003
trec_qc,128,0.2,class_conditional,trimmed_softmax_logreg,202,726,500,6,0.1887052341597796,0.506,0.5429308650693386,0.2227306365966797,"{""0"": 128, ""1"": 128, ""2"": 86, ""3"": 128, ""4"": 128, ""5"": 128}",cached_setfit_jsonl,bounded_robust_variant,kept_fraction=0.8003
trec_qc,128,0.2,class_conditional,trimmed_softmax_logreg,303,726,500,6,0.22038567493112948,0.64,0.6415838731110237,0.17812347412109375,"{""0"": 128, ""1"": 128, ""2"": 86, ""3"": 128, ""4"": 128, ""5"": 128}",cached_setfit_jsonl,bounded_robust_variant,kept_fraction=0.8003
trec_qc,128,0.2,class_conditional,trimmed_softmax_logreg,404,726,500,6,0.22451790633608815,0.546,0.4444718247842368,0.18466782569885254,"{""0"": 128, ""1"": 128, ""2"": 86, ""3"": 128, ""4"": 128, ""5"": 128}",cached_setfit_jsonl,bounded_robust_variant,kept_fraction=0.8003
trec_qc,128,0.2,class_conditional,trimmed_softmax_logreg,505,726,500,6,0.2066115702479339,0.524,0.5830724124198355,0.13737773895263672,"{""0"": 128, ""1"": 128, ""2"": 86, ""3"": 128, ""4"": 128, ""5"": 128}",cached_setfit_jsonl,bounded_robust_variant,kept_fraction=0.8003
trec_qc,128,0.2,symmetric,linear_svm_hinge,101,726,500,6,0.19834710743801653,0.638,0.5995010653219567,0.7905454635620117,"{""0"": 128, ""1"": 128, ""2"": 86, ""3"": 128, ""4"": 128, ""5"": 128}",cached_setfit_jsonl,linear_margin,
trec_qc,128,0.2,symmetric,linear_svm_hinge,202,726,500,6,0.21763085399449036,0.538,0.5155026417418339,0.7996346950531006,"{""0"": 128, ""1"": 128, ""2"": 86, ""3"": 128, ""4"": 128, ""5"": 128}",cached_setfit_jsonl,linear_margin,
trec_qc,128,0.2,symmetric,linear_svm_hinge,303,726,500,6,0.19146005509641872,0.35,0.3221565097302237,0.6998286247253418,"{""0"": 128, ""1"": 128, ""2"": 86, ""3"": 128, ""4"": 128, ""5"": 128}",cached_setfit_jsonl,linear_margin,
trec_qc,128,0.2,symmetric,linear_svm_hinge,404,726,500,6,0.21212121212121213,0.488,0.47131943016719563,0.7895808219909668,"{""0"": 128, ""1"": 128, ""2"": 86, ""3"": 128, ""4"": 128, ""5"": 128}",cached_setfit_jsonl,linear_margin,
trec_qc,128,0.2,symmetric,linear_svm_hinge,505,726,500,6,0.20798898071625344,0.448,0.45104661633421167,0.7572507858276367,"{""0"": 128, ""1"": 128, ""2"": 86, ""3"": 128, ""4"": 128, ""5"": 128}",cached_setfit_jsonl,linear_margin,
trec_qc,128,0.2,symmetric,multinomial_nb,101,726,500,6,0.19834710743801653,0.646,0.595686111750568,0.01907515525817871,"{""0"": 128, ""1"": 128, ""2"": 86, ""3"": 128, ""4"": 128, ""5"": 128}",cached_setfit_jsonl,generative_nb,
trec_qc,128,0.2,symmetric,multinomial_nb,202,726,500,6,0.21763085399449036,0.484,0.4748958634648834,0.02224421501159668,"{""0"": 128, ""1"": 128, ""2"": 86, ""3"": 128, ""4"": 128, ""5"": 128}",cached_setfit_jsonl,generative_nb,
trec_qc,128,0.2,symmetric,multinomial_nb,303,726,500,6,0.19146005509641872,0.624,0.5853219576833714,0.018391132354736328,"{""0"": 128, ""1"": 128, ""2"": 86, ""3"": 128, ""4"": 128, ""5"": 128}",cached_setfit_jsonl,generative_nb,
trec_qc,128,0.2,symmetric,multinomial_nb,404,726,500,6,0.21212121212121213,0.588,0.5528391436118832,0.018779277801513672,"{""0"": 128, ""1"": 128, ""2"": 86, ""3"": 128, ""4"": 128, ""5"": 128}",cached_setfit_jsonl,generative_nb,
trec_qc,128,0.2,symmetric,multinomial_nb,505,726,500,6,0.20798898071625344,0.448,0.47040666358183797,0.019301176071166992,"{""0"": 128, ""1"": 128, ""2"": 86, ""3"": 128, ""4"": 128, ""5"": 128}",cached_setfit_jsonl,generative_nb,
trec_qc,128,0.2,symmetric,softmax_logreg,101,726,500,6,0.19834710743801653,0.674,0.6487777166676588,0.11907124519348145,"{""0"": 128, ""1"": 128, ""2"": 86, ""3"": 128, ""4"": 128, ""5"": 128}",cached_setfit_jsonl,linear_probabilistic,
trec_qc,128,0.2,symmetric,softmax_logreg,202,726,500,6,0.21763085399449036,0.564,0.5831852790963936,0.17448925971984863,"{""0"": 128, ""1"": 128, ""2"": 86, ""3"": 128, ""4"": 128, ""5"": 128}",cached_setfit_jsonl,linear_probabilistic,
trec_qc,128,0.2,symmetric,softmax_logreg,303,726,500,6,0.19146005509641872,0.662,0.6288547581626959,0.1412522792816162,"{""0"": 128, ""1"": 128, ""2"": 86, ""3"": 128, ""4"": 128, ""5"": 128}",cached_setfit_jsonl,linear_probabilistic,
trec_qc,128,0.2,symmetric,softmax_logreg,404,726,500,6,0.21212121212121213,0.654,0.6259899040942546,0.13837051391601562,"{""0"": 128, ""1"": 128, ""2"": 86, ""3"": 128, ""4"": 128, ""5"": 128}",cached_setfit_jsonl,linear_probabilistic,
trec_qc,128,0.2,symmetric,softmax_logreg,505,726,500,6,0.20798898071625344,0.524,0.559256718168197,0.14200711250305176,"{""0"": 128, ""1"": 128, ""2"": 86, ""3"": 128, ""4"": 128, ""5"": 128}",cached_setfit_jsonl,linear_probabilistic,
trec_qc,128,0.2,symmetric,trimmed_softmax_logreg,101,726,500,6,0.19834710743801653,0.61,0.6014485852983847,0.19595026969909668,"{""0"": 128, ""1"": 128, ""2"": 86, ""3"": 128, ""4"": 128, ""5"": 128}",cached_setfit_jsonl,bounded_robust_variant,kept_fraction=0.8003
trec_qc,128,0.2,symmetric,trimmed_softmax_logreg,202,726,500,6,0.21763085399449036,0.538,0.5987763556310194,0.15804719924926758,"{""0"": 128, ""1"": 128, ""2"": 86, ""3"": 128, ""4"": 128, ""5"": 128}",cached_setfit_jsonl,bounded_robust_variant,kept_fraction=0.8003
trec_qc,128,0.2,symmetric,trimmed_softmax_logreg,303,726,500,6,0.19146005509641872,0.604,0.578164392499073,0.15387988090515137,"{""0"": 128, ""1"": 128, ""2"": 86, ""3"": 128, ""4"": 128, ""5"": 128}",cached_setfit_jsonl,bounded_robust_variant,kept_fraction=0.8003
trec_qc,128,0.2,symmetric,trimmed_softmax_logreg,404,726,500,6,0.21212121212121213,0.622,0.6158529823415562,0.2708780765533447,"{""0"": 128, ""1"": 128, ""2"": 86, ""3"": 128, ""4"": 128, ""5"": 128}",cached_setfit_jsonl,bounded_robust_variant,kept_fraction=0.8003
trec_qc,128,0.2,symmetric,trimmed_softmax_logreg,505,726,500,6,0.20798898071625344,0.494,0.575278906184844,0.15798091888427734,"{""0"": 128, ""1"": 128, ""2"": 86, ""3"": 128, ""4"": 128, ""5"": 128}",cached_setfit_jsonl,bounded_robust_variant,kept_fraction=0.8003
trec_qc,128,0.3,class_conditional,linear_svm_hinge,101,726,500,6,0.2741046831955923,0.586,0.4855654332307331,3.685743808746338,"{""0"": 128, ""1"": 128, ""2"": 86, ""3"": 128, ""4"": 128, ""5"": 128}",cached_setfit_jsonl,linear_margin,
trec_qc,128,0.3,class_conditional,linear_svm_hinge,202,726,500,6,0.3044077134986226,0.508,0.4828423364003757,0.7458195686340332,"{""0"": 128, ""1"": 128, ""2"": 86, ""3"": 128, ""4"": 128, ""5"": 128}",cached_setfit_jsonl,linear_margin,
trec_qc,128,0.3,class_conditional,linear_svm_hinge,303,726,500,6,0.3154269972451791,0.586,0.5084709579102102,0.8011970520019531,"{""0"": 128, ""1"": 128, ""2"": 86, ""3"": 128, ""4"": 128, ""5"": 128}",cached_setfit_jsonl,linear_margin,
trec_qc,128,0.3,class_conditional,linear_svm_hinge,404,726,500,6,0.30991735537190085,0.364,0.3585286227735631,0.7382223606109619,"{""0"": 128, ""1"": 128, ""2"": 86, ""3"": 128, ""4"": 128, ""5"": 128}",cached_setfit_jsonl,linear_margin,
trec_qc,128,0.3,class_conditional,linear_svm_hinge,505,726,500,6,0.30165289256198347,0.54,0.4839531960170696,0.7768468856811523,"{""0"": 128, ""1"": 128, ""2"": 86, ""3"": 128, ""4"": 128, ""5"": 128}",cached_setfit_jsonl,linear_margin,
trec_qc,128,0.3,class_conditional,multinomial_nb,101,726,500,6,0.2741046831955923,0.58,0.5263167692142345,0.019835710525512695,"{""0"": 128, ""1"": 128, ""2"": 86, ""3"": 128, ""4"": 128, ""5"": 128}",cached_setfit_jsonl,generative_nb,
trec_qc,128,0.3,class_conditional,multinomial_nb,202,726,500,6,0.3044077134986226,0.426,0.4250620645521143,0.023766517639160156,"{""0"": 128, ""1"": 128, ""2"": 86, ""3"": 128, ""4"": 128, ""5"": 128}",cached_setfit_jsonl,generative_nb,
trec_qc,128,0.3,class_conditional,multinomial_nb,303,726,500,6,0.3154269972451791,0.414,0.41031491870082476,0.022087574005126953,"{""0"": 128, ""1"": 128, ""2"": 86, ""3"": 128, ""4"": 128, ""5"": 128}",cached_setfit_jsonl,generative_nb,
trec_qc,128,0.3,class_conditional,multinomial_nb,404,726,500,6,0.30991735537190085,0.578,0.504303860422732,0.019541501998901367,"{""0"": 128, ""1"": 128, ""2"": 86, ""3"": 128, ""4"": 128, ""5"": 128}",cached_setfit_jsonl,generative_nb,
trec_qc,128,0.3,class_conditional,multinomial_nb,505,726,500,6,0.30165289256198347,0.408,0.4229370701688427,0.019556760787963867,"{""0"": 128, ""1"": 128, ""2"": 86, ""3"": 128, ""4"": 128, ""5"": 128}",cached_setfit_jsonl,generative_nb,
trec_qc,128,0.3,class_conditional,softmax_logreg,101,726,500,6,0.2741046831955923,0.592,0.568581022954837,0.20098185539245605,"{""0"": 128, ""1"": 128, ""2"": 86, ""3"": 128, ""4"": 128, ""5"": 128}",cached_setfit_jsonl,linear_probabilistic,
trec_qc,128,0.3,class_conditional,softmax_logreg,202,726,500,6,0.3044077134986226,0.484,0.4981213947730156,0.13322782516479492,"{""0"": 128, ""1"": 128, ""2"": 86, ""3"": 128, ""4"": 128, ""5"": 128}",cached_setfit_jsonl,linear_probabilistic,
trec_qc,128,0.3,class_conditional,softmax_logreg,303,726,500,6,0.3154269972451791,0.49,0.5005681704532355,0.15717124938964844,"{""0"": 128, ""1"": 128, ""2"": 86, ""3"": 128, ""4"": 128, ""5"": 128}",cached_setfit_jsonl,linear_probabilistic,
trec_qc,128,0.3,class_conditional,softmax_logreg,404,726,500,6,0.30991735537190085,0.554,0.4842697650176275,0.13867831230163574,"{""0"": 128, ""1"": 128, ""2"": 86, ""3"": 128, ""4"": 128, ""5"": 128}",cached_setfit_jsonl,linear_probabilistic,
trec_qc,128,0.3,class_conditional,softmax_logreg,505,726,500,6,0.30165289256198347,0.474,0.5003331659614166,0.1136476993560791,"{""0"": 128, ""1"": 128, ""2"": 86, ""3"": 128, ""4"": 128, ""5"": 128}",cached_setfit_jsonl,linear_probabilistic,
trec_qc,128,0.3,class_conditional,trimmed_softmax_logreg,101,726,500,6,0.2741046831955923,0.536,0.5439825603095726,0.15725970268249512,"{""0"": 128, ""1"": 128, ""2"": 86, ""3"": 128, ""4"": 128, ""5"": 128}",cached_setfit_jsonl,bounded_robust_variant,kept_fraction=0.8003
trec_qc,128,0.3,class_conditional,trimmed_softmax_logreg,202,726,500,6,0.3044077134986226,0.432,0.430524759591328,0.187394380569458,"{""0"": 128, ""1"": 128, ""2"": 86, ""3"": 128, ""4"": 128, ""5"": 128}",cached_setfit_jsonl,bounded_robust_variant,kept_fraction=0.8003
trec_qc,128,0.3,class_conditional,trimmed_softmax_logreg,303,726,500,6,0.3154269972451791,0.464,0.49623849880402826,0.1923069953918457,"{""0"": 128, ""1"": 128, ""2"": 86, ""3"": 128, ""4"": 128, ""5"": 128}",cached_setfit_jsonl,bounded_robust_variant,kept_fraction=0.8003
trec_qc,128,0.3,class_conditional,trimmed_softmax_logreg,404,726,500,6,0.30991735537190085,0.516,0.4054174406307591,0.3050422668457031,"{""0"": 128, ""1"": 128, ""2"": 86, ""3"": 128, ""4"": 128, ""5"": 128}",cached_setfit_jsonl,bounded_robust_variant,kept_fraction=0.8003
trec_qc,128,0.3,class_conditional,trimmed_softmax_logreg,505,726,500,6,0.30165289256198347,0.414,0.43016274442315616,0.2856438159942627,"{""0"": 128, ""1"": 128, ""2"": 86, ""3"": 128, ""4"": 128, ""5"": 128}",cached_setfit_jsonl,bounded_robust_variant,kept_fraction=0.8003
trec_qc,128,0.3,symmetric,linear_svm_hinge,101,726,500,6,0.2837465564738292,0.49,0.4697477933790006,0.7672443389892578,"{""0"": 128, ""1"": 128, ""2"": 86, ""3"": 128, ""4"": 128, ""5"": 128}",cached_setfit_jsonl,linear_margin,
trec_qc,128,0.3,symmetric,linear_svm_hinge,202,726,500,6,0.30578512396694213,0.438,0.3564672357491985,0.7437477111816406,"{""0"": 128, ""1"": 128, ""2"": 86, ""3"": 128, ""4"": 128, ""5"": 128}",cached_setfit_jsonl,linear_margin,
trec_qc,128,0.3,symmetric,linear_svm_hinge,303,726,500,6,0.30578512396694213,0.464,0.38585597872344946,0.7946498394012451,"{""0"": 128, ""1"": 128, ""2"": 86, ""3"": 128, ""4"": 128, ""5"": 128}",cached_setfit_jsonl,linear_margin,
trec_qc,128,0.3,symmetric,linear_svm_hinge,404,726,500,6,0.2878787878787879,0.384,0.3774898002262283,0.8270125389099121,"{""0"": 128, ""1"": 128, ""2"": 86, ""3"": 128, ""4"": 128, ""5"": 128}",cached_setfit_jsonl,linear_margin,
trec_qc,128,0.3,symmetric,linear_svm_hinge,505,726,500,6,0.3154269972451791,0.6,0.5603874456105938,0.7350113391876221,"{""0"": 128, ""1"": 128, ""2"": 86, ""3"": 128, ""4"": 128, ""5"": 128}",cached_setfit_jsonl,linear_margin,
trec_qc,128,0.3,symmetric,multinomial_nb,101,726,500,6,0.2837465564738292,0.624,0.5684399682481012,0.022435426712036133,"{""0"": 128, ""1"": 128, ""2"": 86, ""3"": 128, ""4"": 128, ""5"": 128}",cached_setfit_jsonl,generative_nb,
trec_qc,128,0.3,symmetric,multinomial_nb,202,726,500,6,0.30578512396694213,0.4,0.3842497415278881,0.019201278686523438,"{""0"": 128, ""1"": 128, ""2"": 86, ""3"": 128, ""4"": 128, ""5"": 128}",cached_setfit_jsonl,generative_nb,
trec_qc,128,0.3,symmetric,multinomial_nb,303,726,500,6,0.30578512396694213,0.588,0.5621763217546709,0.01882791519165039,"{""0"": 128, ""1"": 128, ""2"": 86, ""3"": 128, ""4"": 128, ""5"": 128}",cached_setfit_jsonl,generative_nb,
trec_qc,128,0.3,symmetric,multinomial_nb,404,726,500,6,0.2878787878787879,0.414,0.3967664026149536,0.024734020233154297,"{""0"": 128, ""1"": 128, ""2"": 86, ""3"": 128, ""4"": 128, ""5"": 128}",cached_setfit_jsonl,generative_nb,
trec_qc,128,0.3,symmetric,multinomial_nb,505,726,500,6,0.3154269972451791,0.622,0.5701204979326754,0.01921677589416504,"{""0"": 128, ""1"": 128, ""2"": 86, ""3"": 128, ""4"": 128, ""5"": 128}",cached_setfit_jsonl,generative_nb,
trec_qc,128,0.3,symmetric,softmax_logreg,101,726,500,6,0.2837465564738292,0.658,0.6140288235584178,0.13997650146484375,"{""0"": 128, ""1"": 128, ""2"": 86, ""3"": 128, ""4"": 128, ""5"": 128}",cached_setfit_jsonl,linear_probabilistic,
trec_qc,128,0.3,symmetric,softmax_logreg,202,726,500,6,0.30578512396694213,0.512,0.49328391353598655,0.14497661590576172,"{""0"": 128, ""1"": 128, ""2"": 86, ""3"": 128, ""4"": 128, ""5"": 128}",cached_setfit_jsonl,linear_probabilistic,
trec_qc,128,0.3,symmetric,softmax_logreg,303,726,500,6,0.30578512396694213,0.674,0.6411076342605874,0.16714978218078613,"{""0"": 128, ""1"": 128, ""2"": 86, ""3"": 128, ""4"": 128, ""5"": 128}",cached_setfit_jsonl,linear_probabilistic,
trec_qc,128,0.3,symmetric,softmax_logreg,404,726,500,6,0.2878787878787879,0.628,0.5971214174088701,0.122222900390625,"{""0"": 128, ""1"": 128, ""2"": 86, ""3"": 128, ""4"": 128, ""5"": 128}",cached_setfit_jsonl,linear_probabilistic,
trec_qc,128,0.3,symmetric,softmax_logreg,505,726,500,6,0.3154269972451791,0.658,0.6496701616426387,0.15619730949401855,"{""0"": 128, ""1"": 128, ""2"": 86, ""3"": 128, ""4"": 128, ""5"": 128}",cached_setfit_jsonl,linear_probabilistic,
trec_qc,128,0.3,symmetric,trimmed_softmax_logreg,101,726,500,6,0.2837465564738292,0.63,0.5977982764413695,0.187819242477417,"{""0"": 128, ""1"": 128, ""2"": 86, ""3"": 128, ""4"": 128, ""5"": 128}",cached_setfit_jsonl,bounded_robust_variant,kept_fraction=0.8003
trec_qc,128,0.3,symmetric,trimmed_softmax_logreg,202,726,500,6,0.30578512396694213,0.48,0.4992530005577085,0.14436745643615723,"{""0"": 128, ""1"": 128, ""2"": 86, ""3"": 128, ""4"": 128, ""5"": 128}",cached_setfit_jsonl,bounded_robust_variant,kept_fraction=0.8003
trec_qc,128,0.3,symmetric,trimmed_softmax_logreg,303,726,500,6,0.30578512396694213,0.626,0.5997900805717364,0.19945526123046875,"{""0"": 128, ""1"": 128, ""2"": 86, ""3"": 128, ""4"": 128, ""5"": 128}",cached_setfit_jsonl,bounded_robust_variant,kept_fraction=0.8003
trec_qc,128,0.3,symmetric,trimmed_softmax_logreg,404,726,500,6,0.2878787878787879,0.468,0.4778050778298531,0.14477944374084473,"{""0"": 128, ""1"": 128, ""2"": 86, ""3"": 128, ""4"": 128, ""5"": 128}",cached_setfit_jsonl,bounded_robust_variant,kept_fraction=0.8003
trec_qc,128,0.3,symmetric,trimmed_softmax_logreg,505,726,500,6,0.3154269972451791,0.622,0.6189361339311688,0.15828609466552734,"{""0"": 128, ""1"": 128, ""2"": 86, ""3"": 128, ""4"": 128, ""5"": 128}",cached_setfit_jsonl,bounded_robust_variant,kept_fraction=0.8003
